11 21 47 10 6
2 59 100 4 3
4 46 97 2 3
4 56 103 2 4
1 58 82 5 5
3 59 83 6 2
1 42 94 4 7
4 42 89 4 6
1 61 84 6 2
3 58 54 7 1
2 71 86 5 4
6 61 96 3 2
4 41 90 6 6
2 48 103 4 2
5 61 102 3 2
4 52 105 3 1
4 52 84 5 3
6 56 95 3 3
3 48 59 7 1
3 73 81 5 3
2 56 83 5 2
5 43 70 7 3
2 66 75 5 4
6 52 85 3 0
5 73 82 4 4
2 64 82 3 5
4 60 80 5 2
4 72 73 8 2
8 79 89 4 5
6 60 82 6 9
4 76 90 3 2
5 36 72 5 4
6 48 88 4 4
3 83 92 4 2
2 56 91 2 4
2 69 67 8 6
3 56 105 4 7
3 73 63 7 1
4 86 53 8 2
4 68 73 5 6
3 56 94 3 2
5 69 67 8 5
1 71 105 2 2
4 63 104 2 1
4 57 96 4 3
2 69 80 3 3
5 64 79 3 4
2 61 99 3 3
4 48 92 5 1
6 72 107 3 2
2 78 71 7 1
2 64 94 3 2
6 61 99 2 2
5 70 117 2 5
5 52 77 5 2
6 76 89 3 2
3 69 69 6 6
1 66 71 7 1
5 82 89 5 5
4 58 94 4 8
2 43 60 7 6
3 68 88 3 3
4 81 96 5 4
4 75 62 7 3
6 45 78 4 4
6 48 90 4 1
4 54 85 4 4
2 69 98 2 6
1 49 85 4 4
3 53 78 6 3
1 85 109 3 3
0 61 104 3 4
4 66 92 2 2
2 76 83 4 3
1 72 82 7 3
5 62 102 3 4
6 58 76 6 7
2 58 98 2 5
3 63 51 10 1
2 65 81 6 2
1 49 85 5 3
3 72 78 6 5
6 69 59 7 8
3 37 61 8 3
6 39 57 7 2
4 53 88 4 6
5 66 75 4 3
5 62 79 6 3
3 54 68 7 3
6 57 81 4 4
5 50 57 8 1
1 73 102 2 4
3 62 87 5 4
3 74 49 9 2
4 74 86 4 6
3 89 102 3 1
3 46 81 4 1
1 64 112 1 2
6 61 79 4 4
4 65 81 6 3
4 75 102 4 1
4 47 92 5 5
2 59 71 5 6
5 79 104 4 3
5 78 67 6 2
3 68 89 4 4
5 80 76 4 1
2 50 90 4 1
4 42 75 7 5
5 66 77 4 3
4 58 85 5 4
3 53 89 6 2
3 72 83 4 4
4 82 87 4 3
7 70 70 6 1
4 66 81 4 2
4 71 80 5 4
3 58 78 6 3
4 62 96 2 4
5 72 91 4 4
6 75 109 2 5
1 59 92 5 2
2 71 94 4 4
3 41 83 3 4
3 46 88 5 6
1 54 97 3 5
5 68 69 7 2
1 54 83 5 0
6 78 68 5 3
4 55 97 3 4
5 83 66 6 2
2 75 44 10 2
2 62 39 8 2
4 69 69 6 4
3 68 89 4 6
3 62 110 2 6
2 74 98 1 3
5 55 80 5 2
4 63 88 4 4
3 74 76 4 4
5 62 94 4 3
6 48 94 4 4
3 65 95 3 3
2 68 58 7 3
2 54 51 7 3
5 86 80 5 7
1 66 91 2 1
4 55 74 7 1
2 62 90 4 2
2 84 101 2 9
5 57 83 4 5
8 59 73 6 4
2 73 85 5 6
3 56 117 1 6
4 68 82 5 6
1 49 65 6 2
5 60 86 5 5
4 49 90 3 1
4 76 95 4 5
5 70 98 4 4
5 56 71 7 4
6 83 98 4 6
4 66 96 2 3
4 60 73 6 4
2 80 59 7 5
3 50 77 5 6
3 62 75 6 6
3 45 69 7 2
5 58 94 4 2
3 54 63 7 4
3 76 71 6 5
1 58 80 5 2
5 83 87 5 3
5 58 93 4 5
2 51 100 2 5
3 71 87 5 1
1 53 100 4 3
2 45 100 3 3
5 44 97 3 2
2 76 78 6 2
5 67 87 3 2
4 51 80 5 2
3 73 57 8 2
4 68 91 5 1
3 67 76 5 5
1 51 80 4 2
3 65 76 4 4
3 58 81 5 2
2 82 81 5 3
4 55 61 8 1
4 64 78 4 4
6 62 105 2 1
3 61 63 8 4
3 61 73 7 2
3 63 79 6 1
0 41 85 2 4
4 63 95 3 2
7 61 90 3 3
3 86 74 6 1
3 82 58 6 6
4 50 95 3 2
5 71 97 5 6
4 48 68 5 4
4 69 77 6 6
2 61 101 1 1
4 59 100 4 2
6 65 94 3 2
5 71 76 7 4
3 48 72 6 5
4 58 89 3 5
4 69 75 4 3
2 59 90 4 2
4 60 87 3 5
5 73 92 4 5
5 75 62 8 4
3 55 92 3 3
2 63 67 6 4
4 72 92 4 5
2 80 60 5 4
3 55 90 3 6
2 43 85 3 6
5 55 89 4 3
6 37 51 9 2
2 70 99 3 8
2 73 81 4 7
5 56 52 8 1
1 41 62 8 3
5 41 76 6 2
4 55 80 5 8
5 55 68 6 3
4 49 82 3 4
1 55 79 4 5
3 53 96 4 2
4 64 76 4 4
2 62 97 3 11
3 71 83 3 5
5 56 72 7 0
3 70 94 4 7
2 65 93 3 3
7 73 68 7 4
3 49 112 1 3
3 66 104 2 1
2 52 68 6 2
4 53 73 6 5
5 65 82 4 1
5 59 94 4 1
4 57 43 9 2
4 60 88 5 2
5 34 66 7 5
3 59 70 6 2
5 49 70 6 2
3 70 93 4 4
4 43 90 3 3
4 48 95 3 4
5 60 96 4 2
2 53 93 5 3
2 52 89 2 2
2 65 109 3 3
3 74 105 2 3
1 67 66 5 3
2 67 87 3 6
3 65 95 4 1
4 44 82 4 6
7 60 98 3 1
5 45 73 6 4
6 70 105 2 5
4 57 85 5 6
3 65 116 3 2
3 55 45 8 5
2 71 84 2 4
3 56 101 1 5
2 50 104 3 7
3 36 75 7 4
6 87 59 7 5
4 66 86 3 3
3 62 76 5 5
3 54 96 4 4
2 65 93 4 2
3 56 96 5 3
1 65 90 5 5
3 85 63 8 0
1 57 94 4 2
4 60 90 3 2
5 65 84 4 2
2 58 108 3 6
2 57 83 5 4
4 71 87 4 3
3 64 94 4 4
6 53 77 5 4
4 70 71 7 4
1 56 57 9 3
1 60 113 3 3
1 54 80 4 1
2 61 91 4 2
1 74 87 4 3
5 53 92 4 2
5 71 75 5 2
3 64 105 3 3
2 51 87 4 2
1 66 98 4 2
4 69 83 4 5
2 69 86 3 1
2 52 96 2 4
3 67 93 5 5
5 76 96 3 4
7 63 101 3 5
3 52 86 4 4
4 74 99 2 1
5 55 73 5 3
3 71 98 4 3
3 62 77 6 2
1 67 78 3 4
5 70 84 6 3
5 61 103 1 1
2 59 94 4 6
3 73 81 6 2
3 64 69 7 3
3 54 94 3 4
5 52 93 5 1
7 50 75 4 2
3 51 65 8 1
3 67 65 8 2
4 57 77 5 1
3 55 61 9 2
3 60 83 6 3
4 31 67 8 3
3 66 80 3 2
5 45 79 4 4
3 53 97 4 7
3 75 89 4 2
1 68 95 3 1
4 60 78 4 5
8 57 69 5 2
0 54 68 7 4
5 45 72 6 1
5 89 101 5 2
4 46 98 2 2
4 57 79 5 4
4 61 112 3 2
3 55 100 2 4
2 33 78 4 3
3 45 75 6 2
4 71 78 6 5
3 62 80 5 5
7 74 68 6 3
4 55 95 2 2
3 64 91 4 4
1 107 69 4 4
3 77 88 4 3
5 61 88 4 2
4 85 96 4 5
6 62 94 5 2
4 64 57 6 2
4 65 93 4 2
5 64 78 6 4
2 51 79 5 2
2 69 88 6 4
3 57 116 1 7
8 68 69 8 4
2 63 95 3 2
4 67 70 7 4
1 48 104 2 3
9 57 87 3 4
4 84 111 2 5
3 67 73 6 4
5 62 119 1 4
4 65 83 4 3
1 72 111 2 4
2 66 101 3 4
3 50 78 4 1
4 47 90 5 0
3 75 79 5 1
2 41 43 9 4
3 65 64 7 2
3 72 80 6 2
4 52 83 4 2
3 35 75 5 3
3 43 93 4 4
4 65 82 4 4
1 75 99 4 2
5 60 78 5 3
4 56 83 5 6
3 50 59 9 4
3 84 86 4 3
1 88 75 4 3
2 57 76 6 6
4 46 91 4 2
5 63 105 3 3
5 70 72 6 3
2 40 99 3 3
1 75 78 5 7
3 64 90 3 3
1 74 64 6 4
5 43 71 5 3
4 44 86 5 1
4 57 85 6 5
1 66 71 4 5
3 39 99 4 5
3 59 99 3 2
6 77 95 3 0
4 64 74 6 2
3 46 60 8 2
3 63 76 7 5
5 54 88 4 3
2 68 68 5 1
4 61 113 2 2
3 49 102 4 3
2 61 87 5 3
2 58 96 5 4
1 71 92 2 3
3 84 87 4 6
3 79 78 5 6
1 57 61 8 3
3 70 91 2 3
5 62 98 3 2
6 67 87 4 4
1 60 111 2 3
1 49 83 5 2
2 43 80 7 6
3 73 84 4 3
5 57 84 2 0
2 79 73 5 6
2 65 108 3 2
2 64 78 5 7
2 49 78 5 2
9 65 98 2 4
4 56 109 2 2
2 66 91 4 3
6 58 84 5 2
1 56 91 4 5
4 52 97 4 5
3 78 82 6 4
5 62 67 7 1
3 74 109 1 2
5 80 89 4 6
2 58 76 5 4
2 76 93 3 4
4 52 84 4 5
4 58 82 5 2
4 44 78 7 1
1 48 98 3 3
3 69 98 4 3
2 71 87 5 3
1 53 74 5 2
5 58 91 4 4
3 64 89 3 5
1 74 70 7 2
4 64 74 6 5
5 95 93 3 2
6 65 88 4 2
1 65 95 2 4
5 62 65 6 0
4 60 80 5 1
3 40 90 5 3
2 58 108 3 2
4 59 86 5 5
3 53 110 2 6
5 78 88 5 5
5 80 104 3 4
5 46 89 4 6
3 65 69 5 1
4 63 65 7 6
0 40 86 3 2
3 61 88 3 4
4 59 92 5 2
7 58 83 3 6
3 65 117 1 6
5 56 87 5 4
4 87 104 1 2
5 74 69 4 5
2 49 77 4 0
3 47 72 6 6
4 67 83 4 2
2 65 80 6 3
2 45 91 4 1
4 63 93 4 4
4 81 70 6 3
5 58 91 4 3
2 43 79 6 4
1 50 89 4 3
4 58 60 8 4
6 79 101 2 4
2 62 68 7 6
5 75 70 7 4
5 75 93 3 2
5 81 102 3 2
5 55 97 3 4
2 68 80 6 1
5 55 50 9 2
4 55 82 3 3
3 52 88 3 4
4 66 99 3 1
6 39 88 4 7
2 56 78 5 1
3 47 86 3 9
4 79 63 8 3
1 62 90 4 2
1 69 94 3 2
5 84 92 4 4
5 40 77 5 4
5 72 57 8 1
2 60 73 4 4
2 59 116 2 4
3 64 90 2 7
3 75 61 7 5
3 77 72 5 5
2 67 82 5 8
4 61 98 2 2
2 34 77 5 4
3 64 99 4 4
3 50 99 4 3
5 57 80 3 3
5 65 89 4 5
4 79 72 6 5
1 82 82 5 7
4 59 82 3 2
6 60 95 4 3
5 56 95 4 5
2 43 82 6 4
3 67 93 2 4
5 59 82 4 6
4 58 115 3 4
5 64 88 4 4
1 74 99 3 2
3 82 94 1 5
3 37 86 4 3
1 47 95 4 4
8 51 67 6 2
5 81 118 2 3
2 77 102 2 3
4 54 100 4 2
5 60 61 7 3
2 64 113 3 4
2 73 71 7 3
6 62 93 2 4
3 64 77 6 4
3 58 95 2 4
4 70 103 2 3
4 73 89 4 3
3 66 89 4 3
5 68 103 3 3
3 47 80 3 6
2 49 90 3 5
5 61 82 3 7
2 62 103 4 2
3 81 65 6 4
3 39 79 5 6
2 77 92 3 3
6 69 87 3 4
4 89 53 8 5
3 58 72 5 2
6 64 92 3 3
5 66 96 3 3
3 56 66 7 1
4 45 72 5 2
6 62 82 4 5
2 44 78 6 3
4 55 82 6 3
3 82 54 9 7
4 59 82 4 4
3 35 53 9 6
2 79 70 8 1
3 48 84 4 2
2 74 91 3 2
4 61 55 8 4
6 56 84 4 2
1 70 78 5 3
7 59 86 4 2
4 57 73 7 4
2 58 91 4 4
5 77 65 8 4
5 51 72 5 6
8 65 96 3 2
2 41 65 7 5
4 60 84 3 2
1 67 86 4 0
4 90 77 6 6
5 62 110 1 5
4 67 105 3 3
1 75 63 6 1
2 67 68 7 1
5 50 107 4 7
4 54 89 4 3
3 52 101 2 6
3 67 96 3 3
1 39 85 5 3
4 77 87 6 5
4 77 75 6 2
6 57 105 3 2
6 59 99 3 4
8 62 84 5 3
4 51 81 4 4
4 83 80 7 3
3 47 73 6 3
2 64 77 4 5
3 80 52 9 0
3 70 74 4 3
5 56 82 6 3
4 77 69 5 3
2 62 65 6 4
6 54 81 5 5
4 61 87 5 4
6 70 91 4 1
4 65 97 2 1
5 58 110 2 5
2 76 105 1 2
3 63 90 3 5
5 64 87 5 6
8 67 84 5 2
2 41 61 7 3
3 40 66 7 3
2 77 81 5 3
3 52 107 3 7
5 61 74 7 3
3 74 93 3 3
3 74 94 5 3
2 85 79 5 2
5 59 82 4 0
4 63 91 4 3
2 53 123 1 6
5 91 81 5 4
3 52 75 6 4
2 55 97 2 4
3 81 96 3 7
7 46 49 9 1
3 57 75 6 7
3 40 82 3 5
3 58 81 5 3
5 67 64 7 3
6 62 72 5 2
2 86 66 5 1
3 78 62 8 4
2 59 80 6 2
4 56 60 9 3
9 72 86 5 4
2 78 73 5 1
3 40 57 8 8
2 52 116 3 3
4 70 83 3 5
2 40 92 4 2
5 60 100 3 1
3 56 87 5 1
3 73 89 3 1
4 61 52 9 7
2 54 96 2 1
4 60 84 5 7
4 66 84 5 3
3 61 73 6 4
4 62 82 4 4
2 79 63 7 4
3 67 74 6 2
3 56 92 5 2
0 69 75 5 7
3 47 104 2 2
4 65 96 3 5
6 53 81 2 3
7 70 83 4 3
4 70 95 3 5
3 62 91 2 3
3 84 60 6 2
0 53 83 6 4
4 46 71 7 4
3 93 67 6 0
4 54 74 7 2
5 68 78 4 3
1 53 95 4 1
2 72 75 5 3
3 68 74 6 3
6 58 88 3 6
3 56 88 6 4
4 61 65 8 3
2 59 76 7 1
2 46 97 2 4
3 61 93 3 6
3 45 64 8 5
1 76 73 4 4
6 72 84 3 5
5 68 96 4 1
1 49 104 3 2
6 47 97 3 4
2 71 98 4 3
2 42 85 6 5
1 56 72 5 4
5 80 101 2 0
5 69 90 3 3
5 64 80 5 7
5 49 83 6 3
3 74 93 4 2
2 86 92 3 8
3 52 75 4 1
1 58 86 5 3
4 66 83 4 6
4 67 73 7 4
3 64 87 4 1
7 32 78 4 3
6 64 105 1 4
2 49 74 5 4
4 53 86 6 3
3 42 64 8 6
2 66 74 6 5
6 57 72 6 1
2 79 65 8 2
4 64 102 3 3
1 68 66 6 4
2 59 99 4 6
2 55 89 5 2
5 70 76 5 1
2 59 86 3 3
2 64 85 4 1
5 67 102 2 1
5 52 99 3 5
5 73 94 4 4
2 69 86 5 4
5 37 65 7 2
4 52 89 3 3
6 70 91 3 7
4 52 103 4 5
4 48 87 4 7
4 81 68 6 7
1 57 91 3 4
7 47 91 2 3
6 79 101 4 6
5 68 104 2 5
4 72 91 2 1
2 42 73 5 1
4 67 81 5 3
4 81 94 5 2
1 42 80 3 4
6 69 68 6 6
1 52 91 4 3
4 82 46 9 3
4 48 80 4 3
1 72 95 5 3
3 43 89 5 2
5 85 90 5 4
5 73 74 8 3
3 59 71 6 0
4 53 93 4 3
5 58 84 5 1
3 65 104 1 1
3 62 85 4 2
3 64 74 3 1
6 57 81 5 3
1 51 96 4 3
5 73 99 4 2
4 69 68 6 8
4 45 83 4 4
0 57 99 5 5
2 52 95 3 4
4 55 85 5 2
2 63 89 4 5
4 50 71 8 2
1 66 79 5 4
3 50 100 3 7
8 52 108 1 2
5 34 84 3 1
3 49 94 3 5
5 75 83 5 3
3 52 88 3 6
3 37 89 3 3
1 65 65 7 2
4 60 79 3 3
4 87 78 5 4
2 63 84 5 3
5 54 73 3 1
2 73 105 3 4
4 59 69 7 6
7 50 102 4 4
3 65 61 8 5
1 66 81 5 4
4 63 93 4 3
4 63 81 3 3
5 71 89 4 9
2 72 100 1 4
4 74 93 4 4
5 74 96 3 4
6 67 84 4 4
4 47 81 5 4
6 60 88 4 2
4 63 72 7 3
2 60 90 6 5
4 67 81 7 4
4 47 85 4 1
1 66 85 4 2
3 56 82 3 3
3 50 83 4 3
2 34 68 7 2
5 56 69 7 2
9 57 63 6 4
2 50 101 3 3
1 62 63 6 4
3 66 108 2 3
2 47 82 4 0
0 58 93 4 1
3 75 67 6 0
2 61 84 4 4
5 75 75 5 4
5 54 109 2 4
2 86 52 8 4
5 70 104 3 6
5 65 72 5 5
4 42 83 5 5
4 67 73 6 1
4 47 77 3 7
4 57 81 6 7
3 68 87 3 7
3 67 93 4 6
4 71 84 4 6
3 71 107 2 3
5 44 77 5 3
2 80 104 1 3
5 66 91 4 3
5 58 86 3 1
1 48 100 3 4
6 65 92 5 3
4 56 78 5 5
0 55 90 3 5
5 82 78 4 1
4 69 74 7 1
3 71 88 3 4
4 49 89 5 2
6 51 67 5 7
3 53 81 6 4
6 61 112 1 0
5 81 92 5 4
5 48 100 2 3
5 61 61 6 5
4 64 88 5 2
0 43 68 6 2
3 39 79 6 3
2 64 88 3 3
5 60 92 3 4
5 68 92 2 2
3 66 77 7 3
3 48 76 6 3
4 62 81 4 3
5 47 96 4 3
0 65 80 3 2
4 32 86 5 3
6 62 89 3 2
4 56 79 5 2
2 64 76 5 5
3 51 64 6 1
5 62 83 5 3
2 58 104 3 5
4 57 90 4 2
1 70 80 4 2
3 79 77 6 1
2 73 79 6 5
6 81 112 2 1
1 62 98 2 2
7 58 83 5 0
5 60 89 4 3
6 68 76 5 5
5 55 89 3 3
1 78 76 6 1
3 62 79 7 3
1 84 84 4 6
2 57 103 3 2
1 69 109 3 4
2 52 98 4 4
1 47 90 2 3
3 56 110 3 8
6 43 106 2 1
3 68 79 5 1
1 76 99 3 7
7 46 91 2 5
1 57 101 3 4
4 60 77 5 3
7 42 88 4 4
3 52 81 6 4
3 66 94 3 4
5 63 78 6 4
3 55 67 6 2
3 47 93 4 3
2 63 65 6 3
2 76 70 6 3
5 58 58 8 2
3 36 77 6 2
3 64 70 7 5
4 56 106 4 4
6 74 71 6 2
5 79 74 5 5
2 62 83 5 8
3 52 86 6 3
2 50 85 3 6
3 56 85 4 3
2 60 90 4 0
4 60 83 4 3
1 57 88 6 5
4 35 101 3 3
4 66 61 7 2
1 76 80 6 3
2 68 69 6 6
5 56 88 4 1
2 56 93 5 4
3 45 89 4 3
2 68 111 1 2
2 67 108 2 5
5 54 101 3 4
2 51 83 5 3
3 85 100 2 3
4 56 92 5 4
4 56 90 5 5
5 42 67 8 4
4 67 102 1 3
2 77 77 6 4
3 59 88 5 1
3 87 73 5 1
3 63 113 2 3
4 53 76 3 3
5 49 77 7 6
4 64 89 4 2
4 55 94 2 3
0 58 100 4 5
2 44 84 6 6
4 65 97 5 4
2 98 65 8 5
1 66 85 2 4
5 71 65 6 5
5 68 73 6 0
3 58 82 4 4
3 56 85 4 4
4 62 83 3 6
4 38 93 1 4
3 47 69 7 5
2 51 71 6 3
6 86 88 4 4
7 58 77 7 4
3 55 102 2 4
3 64 81 4 7
1 61 83 4 1
6 42 73 4 3
3 69 111 2 3
8 62 95 3 3
2 70 106 3 7
6 59 90 6 3
5 64 91 4 5
2 62 70 7 4
3 64 94 5 6
1 41 68 5 2
5 72 97 4 4
3 91 81 5 4
3 66 80 5 7
5 79 91 5 1
4 51 83 5 1
5 46 92 5 4
5 65 52 8 1
2 67 89 4 6
4 82 66 8 3
4 53 80 5 6
2 48 95 2 2
3 77 87 5 7
2 53 54 8 4
2 69 103 2 2
4 65 93 4 5
4 35 83 5 3
5 68 100 3 2
3 54 92 5 4
4 42 68 5 4
3 67 81 6 2
3 43 100 2 1
3 70 113 3 4
1 57 68 7 3
1 77 81 4 4
4 41 97 4 7
2 63 86 4 4
1 72 36 11 5
4 59 94 4 7
2 77 98 5 3
5 45 96 5 6
1 71 95 3 4
4 69 106 4 5
3 46 89 3 1
5 60 62 8 2
3 49 95 3 5
1 52 96 2 2
2 79 72 5 7
4 47 55 7 3
3 47 88 3 5
6 48 74 6 3
1 61 90 5 3
1 50 91 3 5
6 73 74 6 5
6 60 99 3 2
4 66 76 5 5
2 39 72 4 6
0 58 92 2 3
3 55 104 4 3
2 64 93 4 1
3 64 58 7 4
5 41 63 7 5
5 79 76 6 3
4 65 72 5 3
1 43 80 4 4
2 61 75 7 4
3 70 82 4 2
2 63 95 4 4
4 39 82 6 3
3 74 104 3 6
3 58 93 3 3
6 59 78 6 2
2 62 89 3 2
3 54 103 4 1
1 79 81 6 4
3 61 107 2 4
5 60 74 6 3
2 58 87 4 5
1 93 49 8 5
2 60 80 5 2
2 69 72 4 5
4 61 108 2 4
6 61 92 4 8
4 64 94 3 3
3 72 105 3 1
6 71 82 4 1
5 63 93 4 1
2 80 91 3 3
2 69 84 6 2
3 33 91 2 4
3 40 85 5 2
0 71 72 5 1
0 55 78 5 4
4 57 70 6 3
3 49 95 4 1
5 41 66 8 1
3 80 83 4 7
4 51 43 10 4
4 63 97 2 2
5 92 83 6 0
2 73 89 4 5
4 60 80 5 3
4 58 81 5 5
4 56 69 5 5
4 71 78 5 4
3 64 71 6 8
4 65 75 8 1
3 69 90 5 4
1 64 74 6 4
5 63 64 6 4
3 66 86 4 2
6 46 80 5 4
1 44 98 3 5
5 62 76 5 2
7 59 72 6 4
6 63 90 3 8
5 83 89 3 3
4 50 69 6 0
5 47 81 4 2
3 62 92 4 1
4 57 78 5 2
4 77 88 4 5
4 63 71 6 1
2 56 91 5 4
4 75 99 2 5
4 66 89 5 4
3 53 81 3 4
4 45 88 4 3
3 90 76 4 5
1 61 81 5 4
2 64 82 3 4
4 72 77 6 4
3 79 101 2 4
2 64 92 3 1
6 65 68 7 3
4 45 102 2 1
2 72 91 4 4
3 74 93 3 3
6 67 86 4 1
4 47 99 4 2
2 41 89 3 3
3 36 76 5 2
4 52 96 2 5
6 33 88 4 5
5 58 78 6 4
5 38 93 4 2
2 54 75 6 0
1 58 90 3 5
1 77 88 4 1
2 75 69 7 1
3 58 84 3 1
1 70 86 5 3
3 68 89 3 4
5 61 92 3 7
5 68 86 4 5
3 76 104 4 5
3 45 72 7 8
3 66 83 4 4
5 57 78 5 1
4 67 85 5 3
4 79 105 3 4
5 66 81 6 6
2 27 72 5 2
1 61 99 2 5
6 51 72 6 5
2 51 77 3 6
4 68 94 5 6
2 67 91 4 7
5 70 85 5 2
4 56 78 5 4
4 64 75 8 1
2 82 71 6 1
3 45 90 2 9
9 43 83 5 3
3 51 86 4 3
4 70 88 2 6
7 56 87 5 6
4 69 94 4 8
2 72 90 2 4
6 75 92 2 2
6 74 90 3 5
5 64 74 5 2
4 73 68 6 3
3 86 94 4 5
2 87 78 5 6
4 69 95 4 1
5 51 104 3 4
5 54 82 4 1
2 55 84 6 4
2 52 69 4 1
3 47 50 8 3
4 69 102 4 6
3 53 76 4 2
4 75 100 4 7
4 68 77 6 0
8 59 76 5 4
6 47 67 6 4
2 66 88 3 4
2 47 84 4 4
4 81 59 9 1
3 70 107 2 2
3 67 100 2 3
3 58 76 6 3
4 68 104 3 3
3 60 92 3 3
4 74 85 5 2
4 73 87 5 5
2 62 116 1 4
0 53 71 6 2
2 61 80 3 3
4 71 83 4 3
5 81 95 4 3
5 61 89 2 2
5 86 63 7 6
7 68 102 3 2
5 50 86 4 4
2 69 108 2 4
7 61 63 6 4
2 50 86 4 2
3 74 67 4 2
3 63 108 1 6
2 68 84 5 3
8 53 40 9 4
4 61 64 7 0
4 65 98 2 5
3 55 87 4 2
2 60 95 4 5
2 43 80 4 7
4 55 84 5 6
2 57 78 6 3
2 65 91 5 0
2 45 66 6 2
1 58 85 3 5
1 52 85 6 6
7 65 71 6 6
2 56 70 6 6
7 65 66 9 5
1 46 100 3 2
5 48 77 7 3
1 50 78 5 1
1 67 94 4 4
4 73 100 4 2
1 53 97 1 4
0 61 75 4 4
7 70 96 3 3
4 58 96 3 5
2 55 78 5 6
1 58 66 7 4
3 65 72 6 5
4 72 78 7 7
4 56 85 6 4
4 51 76 5 3
3 84 88 5 10
1 40 100 3 1
3 78 89 3 5
3 46 76 5 3
1 70 89 2 3
3 70 103 3 0
2 40 50 9 5
2 84 89 3 2
1 78 87 3 3
7 60 96 4 4
2 47 87 5 2
3 58 95 3 6
6 70 96 3 0
4 65 103 2 5
5 41 94 4 2
7 30 86 5 4
5 51 67 8 4
4 48 80 4 2
3 57 80 5 6
4 60 107 2 5
2 56 80 6 5
6 75 74 5 2
4 69 78 6 5
5 42 71 6 6
1 59 65 6 6
3 44 75 5 4
4 62 69 6 3
5 49 91 3 7
1 46 65 7 3
4 41 86 5 5
2 64 108 2 6
4 44 76 4 6
4 53 73 4 3
4 51 92 3 7
2 57 84 6 4
4 50 91 5 4
5 49 99 2 3
2 57 80 4 4
5 67 77 6 1
3 60 77 6 2
4 58 86 5 1
1 72 75 5 2
4 63 88 4 3
5 81 92 4 3
6 46 60 8 4
3 68 70 6 4
4 64 62 8 1
3 54 50 9 2
4 48 96 3 0
7 57 86 5 2
2 62 103 1 3
3 39 69 6 3
3 74 74 5 7
2 48 109 2 6
5 80 88 7 2
4 55 75 4 1
7 54 94 3 4
2 46 94 5 4
1 62 72 7 8
3 65 94 4 9
3 64 83 5 2
1 73 82 3 2
3 62 54 9 2
5 74 81 4 3
4 46 84 6 2
2 69 83 6 0
5 81 83 4 2
2 53 82 5 3
3 58 90 5 2
4 69 105 2 4
3 64 87 5 5
4 57 73 6 1
2 46 104 1 5
2 75 91 3 4
3 86 79 3 4
4 82 96 3 2
3 70 102 5 1
3 92 73 5 1
5 71 85 4 3
3 54 87 4 3
1 55 70 7 2
5 54 102 3 7
2 77 75 4 3
5 83 82 5 8
4 60 81 5 5
3 51 82 6 1
3 55 54 8 4
2 72 97 3 6
1 56 66 9 1
1 62 66 5 4
3 54 97 5 5
2 67 86 5 3
4 51 51 9 3
5 60 84 6 2
5 61 91 3 4
5 67 73 6 6
3 38 87 4 3
5 58 85 3 5
4 61 113 3 2
2 54 101 1 4
4 53 92 3 5
2 48 93 1 4
1 56 81 6 2
3 58 74 7 3
3 77 99 2 3
5 71 80 5 5
1 38 91 5 6
5 69 69 6 4
1 77 95 4 4
3 61 83 5 5
6 61 91 2 4
4 50 101 2 4
3 47 99 3 3
3 93 54 8 3
6 40 92 5 3
4 55 53 9 5
4 57 96 3 4
5 43 85 5 4
4 58 76 6 5
3 67 100 4 4
3 62 89 4 3
5 36 75 6 3
4 66 96 3 1
6 50 92 3 2
4 63 93 4 2
4 79 97 2 2
6 61 78 5 5
5 53 93 4 2
2 42 56 7 8
4 62 100 4 4
2 43 88 4 4
1 78 89 3 3
4 68 91 3 5
4 52 80 4 6
4 59 103 2 4
4 85 70 5 5
4 70 92 4 3
8 57 91 4 3
3 44 83 5 7
2 63 84 4 4
1 78 74 4 2
4 42 90 4 4
2 61 78 5 4
4 71 82 5 1
3 65 80 5 7
6 50 79 7 5
4 59 98 5 2
5 51 101 2 1
4 60 86 5 3
2 84 68 6 1
3 64 107 4 4
5 56 109 2 5
2 64 69 5 0
9 42 71 6 2
3 48 79 5 0
3 66 100 4 4
4 42 87 3 1
3 46 77 5 5
2 42 83 4 1
3 78 69 5 5
1 56 86 5 7
5 49 69 7 3
1 61 91 3 2
3 77 88 3 5
3 67 96 4 4
6 67 76 5 2
4 67 92 4 4
5 65 86 3 4
1 60 80 5 4
3 76 77 4 5
1 70 88 5 2
5 76 84 6 3
5 81 94 3 6
1 62 77 5 5
1 61 79 5 4
3 60 63 8 2
3 39 78 6 5
2 74 81 4 3
4 30 83 5 3
4 58 94 4 2
6 68 79 6 1
4 70 107 1 5
3 59 92 4 5
2 62 84 5 2
3 66 105 2 7
2 55 64 7 4
3 64 73 5 2
2 63 110 3 2
7 66 76 3 4
6 69 78 6 5
4 61 65 7 5
3 76 88 5 5
7 45 94 5 5
4 74 82 6 2
5 53 99 3 5
3 74 55 10 5
2 72 91 2 5
4 88 47 9 5
1 73 88 3 2
4 61 57 8 1
4 65 65 7 3
3 73 105 2 3
4 37 70 7 2
3 63 74 6 2
4 63 80 5 7
4 68 77 7 3
5 59 70 6 4
3 46 63 8 1
2 58 86 4 5
4 67 82 4 6
2 78 55 7 1
5 61 85 4 8
4 51 97 2 3
7 67 94 3 3
2 54 85 4 6
3 51 69 5 5
4 85 89 2 2
2 49 71 6 3
4 48 74 6 3
3 58 71 5 3
7 60 99 3 6
7 52 82 6 5
3 62 108 3 2
2 48 74 6 3
4 44 57 7 3
4 40 91 5 4
4 62 100 2 1
4 59 70 5 3
2 63 60 6 6
5 63 90 3 5
5 75 100 4 1
1 64 86 6 5
3 65 86 6 5
2 65 94 4 2
3 57 94 4 4
4 46 72 5 1
4 63 85 4 4
2 58 73 5 5
3 53 77 4 5
4 65 77 5 4
2 63 70 6 4
4 71 101 2 4
4 63 80 6 5
2 52 62 5 0
3 61 100 4 3
4 77 89 3 3
6 62 95 2 6
1 53 90 6 2
6 53 51 8 3
4 53 92 4 0
1 72 93 6 2
5 49 88 3 7
4 64 109 2 3
3 65 84 4 2
3 87 61 8 2
4 52 61 8 5
4 57 80 5 2
3 40 83 5 2
2 65 84 5 5
5 60 80 7 4
4 65 97 3 1
4 63 72 5 6
2 81 91 4 4
3 44 70 6 3
2 66 102 2 6
2 71 88 3 4
5 58 73 5 4
8 63 92 4 4
4 63 87 4 3
5 79 69 4 4
4 60 103 2 2
3 62 91 2 4
5 54 93 4 1
4 44 65 4 3
9 56 102 3 1
3 44 52 8 3
3 57 89 4 7
3 55 82 6 4
2 67 69 6 0
3 80 94 3 4
6 48 75 5 2
3 71 111 2 3
6 65 101 2 10
4 65 81 3 7
4 71 65 7 3
2 33 95 3 2
2 57 81 5 4
1 52 93 4 4
5 61 76 5 5
3 73 97 3 2
4 53 98 3 3
3 74 85 5 2
3 53 73 4 3
1 67 84 2 2
3 44 92 4 3
1 44 92 4 8
4 65 83 6 5
4 65 87 5 4
4 53 76 7 2
3 70 62 7 2
3 60 79 4 2
1 55 76 5 1
4 52 84 3 4
3 62 83 5 2
5 45 89 4 3
5 66 82 3 2
3 64 61 8 3
2 62 100 3 2
3 53 89 5 3
2 59 67 7 6
2 66 66 7 0
1 68 111 1 3
4 73 94 3 3
4 49 103 3 7
5 58 65 7 7
5 59 89 6 3
2 63 80 6 3
1 52 88 4 1
3 51 84 3 1
3 53 103 3 2
3 50 91 3 5
4 45 92 3 7
2 60 96 4 2
1 54 83 4 2
5 53 69 7 2
5 91 94 3 3
6 64 83 5 4
5 57 62 7 2
3 51 86 5 4
8 59 86 4 2
6 40 84 5 2
4 70 86 4 6
2 68 73 5 5
4 68 83 4 2
5 59 84 4 3
1 44 74 6 4
5 67 104 2 3
2 52 86 4 4
3 57 50 9 3
3 42 78 5 11
4 56 73 6 4
3 48 78 6 4
5 40 81 4 6
3 58 80 6 2
2 52 95 3 3
9 47 94 3 7
3 57 83 4 6
2 66 56 8 1
2 69 95 3 7
3 77 80 5 6
4 38 90 5 3
4 49 77 4 1
4 85 96 3 3
1 56 102 2 0
3 53 87 4 3
4 65 73 6 2
2 71 93 4 8
1 54 83 4 4
7 76 97 3 4
3 52 79 4 4
4 62 73 4 2
3 56 96 2 1
5 56 80 5 5
4 72 89 4 3
2 47 98 2 3
3 40 76 5 2
3 50 108 1 9
3 76 83 3 5
3 58 84 4 4
5 59 90 3 6
1 37 71 6 4
2 67 84 2 2
3 78 101 4 0
5 67 85 4 6
2 69 84 4 2
5 77 102 3 5
5 75 66 6 5
7 46 88 3 4
4 56 89 4 2
0 53 88 4 2
7 71 86 4 4
4 61 93 5 4
4 63 83 3 3
3 72 77 5 0
3 65 97 2 8
4 47 90 3 1
0 64 80 5 6
2 53 82 6 6
1 60 97 3 1
4 47 61 8 5
2 60 89 5 4
7 45 78 8 2
4 66 97 5 5
2 53 80 6 1
3 43 84 4 3
2 71 93 4 2
3 66 76 5 5
3 49 108 2 1
3 62 54 7 3
2 68 75 5 6
3 65 87 4 2
2 59 76 4 11
1 63 85 2 5
3 93 78 5 4
0 29 47 9 5
3 51 68 6 2
2 52 101 2 4
1 53 74 6 5
1 61 71 6 2
3 57 65 6 6
3 58 84 3 4
5 58 106 4 2
2 40 70 7 5
3 63 101 3 3
2 67 108 3 2
3 68 78 6 2
2 90 69 6 1
3 67 107 1 4
4 57 103 3 2
4 75 84 5 2
4 53 100 4 2
4 63 64 8 1
3 64 81 5 5
6 64 67 7 6
7 47 76 5 3
3 76 93 5 2
5 87 69 7 2
4 63 91 3 3
4 68 88 3 4
2 78 75 6 5
3 62 92 6 4
4 65 96 3 5
3 71 78 6 1
5 54 77 7 5
3 68 86 4 1
6 37 82 4 4
3 63 78 5 6
4 57 76 4 2
5 65 76 5 2
5 74 103 2 1
5 68 70 4 0
4 69 73 6 0
6 47 114 1 3
1 55 77 4 7
2 43 62 7 5
2 64 107 3 4
3 76 55 9 2
3 83 78 4 5
2 62 103 1 4
4 64 104 1 3
4 54 78 6 2
6 67 74 6 4
5 44 67 5 2
4 63 101 3 7
2 47 89 4 3
3 77 75 7 2
2 59 94 3 0
5 54 114 2 2
3 42 83 6 4
4 74 85 5 3
4 52 88 5 5
1 58 71 6 6
4 63 88 5 5
3 61 95 3 4
3 62 77 6 2
6 66 77 5 9
5 54 100 3 7
4 58 75 5 3
1 76 77 6 2
4 45 68 7 4
5 77 82 4 0
1 71 108 2 4
3 69 102 4 3
3 48 60 7 1
3 44 95 4 2
6 57 87 4 3
4 61 84 4 4
1 57 108 3 3
7 65 99 1 5
5 62 74 6 1
2 68 99 2 4
3 44 84 4 5
2 60 93 4 2
5 52 69 7 5
4 70 94 4 4
2 56 97 2 5
1 60 107 3 4
1 59 82 4 4
3 56 108 2 2
3 56 101 1 3
2 74 83 6 2
2 45 62 8 3
4 58 94 4 5
4 69 93 4 5
6 65 85 3 5
5 78 73 5 5
6 46 94 3 3
1 68 73 6 1
4 77 85 5 1
5 69 92 4 1
3 69 56 7 6
2 62 80 5 5
4 47 63 6 2
1 59 93 4 4
4 56 72 6 3
2 53 99 3 4
1 83 67 6 5
2 61 98 4 8
2 79 90 5 2
3 58 91 3 3
4 61 70 8 2
3 78 79 4 2
3 66 73 6 4
5 61 87 4 4
4 68 101 2 3
2 57 73 6 5
3 59 91 4 3
3 51 106 2 1
2 44 90 4 5
2 81 74 5 2
4 66 94 4 4
2 73 79 2 5
3 44 72 6 3
6 67 61 8 4
6 67 89 3 3
5 75 84 4 1
5 39 85 6 6
3 100 50 10 6
2 45 72 4 5
5 59 108 1 3
2 58 68 6 4
3 56 86 4 3
3 48 61 7 3
6 60 59 9 3
2 40 71 5 3
4 69 104 3 2
3 78 82 4 6
6 50 95 3 3
2 47 101 3 4
4 78 74 4 1
4 64 112 2 5
3 42 64 6 2
3 40 80 4 3
3 55 78 5 3
4 47 74 7 1
5 66 83 4 1
3 69 71 4 4
1 74 95 4 5
4 68 81 4 5
2 46 97 4 2
2 71 88 2 3
4 59 103 3 4
5 49 103 2 5
2 73 106 2 5
1 66 102 4 3
2 61 102 3 4
5 72 78 5 3
5 47 101 3 4
2 80 96 1 2
2 58 80 6 4
3 76 69 5 2
4 60 63 7 2
4 63 78 5 2
4 82 95 4 5
7 63 83 5 4
4 50 86 4 5
3 64 98 4 2
1 67 100 5 3
2 62 107 1 2
5 46 72 6 2
5 55 83 4 2
5 62 83 3 6
0 64 78 5 2
4 75 81 3 2
1 61 106 3 1
5 78 96 2 3
4 63 85 5 1
3 65 107 1 4
7 67 75 6 2
5 78 92 5 6
7 70 74 6 1
6 87 90 3 2
5 72 85 5 4
3 59 78 6 8
6 39 57 8 3
3 63 83 3 6
4 51 50 8 6
2 31 56 8 4
6 70 100 4 2
7 71 113 2 9
4 70 100 3 4
6 54 109 1 3
4 48 103 3 3
4 57 85 4 6
5 63 101 3 3
5 63 90 3 5
6 52 52 7 0
3 43 99 4 1
2 60 87 4 2
4 85 108 2 1
4 57 97 2 7
7 73 77 6 4
5 74 96 4 3
3 76 86 3 7
3 57 75 6 7
5 63 61 7 4
4 63 94 3 4
6 59 84 6 2
3 41 85 3 5
2 66 64 7 4
2 57 88 5 5
2 63 77 4 6
3 64 90 5 3
2 64 100 2 5
3 47 79 6 5
3 44 73 6 3
3 59 75 5 4
4 77 85 7 4
4 74 102 2 3
2 50 68 6 2
6 51 81 3 5
1 57 85 4 1
1 46 74 5 4
6 64 87 3 2
2 63 86 5 6
4 67 62 7 3
4 65 105 1 5
2 51 106 1 5
6 65 90 5 2
4 64 84 5 5
3 50 66 8 3
5 55 65 7 1
6 79 96 2 5
4 83 89 4 2
3 53 73 6 5
4 54 49 8 1
6 72 67 6 4
5 63 93 4 5
5 47 90 4 1
5 77 90 5 1
2 43 89 5 1
3 54 85 5 4
6 58 102 3 2
4 61 85 4 3
2 57 92 4 2
1 66 121 2 1
4 68 109 2 5
3 61 92 3 1
3 53 89 4 3
5 52 100 3 0
3 78 75 6 4
2 59 85 4 4
2 71 73 4 2
3 66 97 4 3
6 57 86 4 3
5 61 101 3 0
3 56 79 5 7
3 57 93 2 0
3 58 91 5 6
6 67 64 6 4
8 71 107 3 5
4 52 125 1 9
5 52 90 3 3
2 58 107 2 6
4 52 62 8 5
5 87 71 7 7
5 76 78 4 2
4 49 74 5 6
3 67 81 5 4
5 52 94 3 1
2 70 73 6 4
4 61 90 4 0
3 61 79 5 0
2 58 109 2 4
1 61 93 4 4
2 58 104 2 4
4 60 99 2 7
5 56 75 6 0
5 62 72 4 3
3 66 73 5 6
4 71 81 5 2
3 60 103 2 3
3 75 80 4 3
4 81 92 4 2
1 57 78 6 4
4 59 76 6 4
0 62 74 5 3
1 79 77 4 5
3 61 101 3 3
4 70 99 4 4
6 59 91 3 0
2 60 67 6 7
6 53 90 1 6
3 68 88 3 4
7 78 68 6 6
5 73 71 7 2
5 50 78 6 4
2 56 75 5 3
4 52 76 6 2
3 58 88 3 3
2 55 78 6 2
5 79 78 6 2
4 56 79 6 2
6 48 67 6 3
3 73 78 5 6
4 55 71 7 1
3 53 105 2 4
2 47 72 5 4
5 65 52 9 4
4 68 90 5 4
5 64 88 4 3
3 77 89 1 1
3 76 64 7 2
5 61 117 1 4
2 55 79 5 2
2 33 73 6 6
5 56 71 7 4
4 87 101 3 5
6 68 79 6 2
1 51 98 3 5
3 81 92 2 5
2 78 108 3 5
6 67 96 4 4
5 67 119 1 1
4 54 104 2 3
4 52 61 7 3
2 44 80 5 1
3 52 84 5 2
2 94 62 7 6
1 74 58 7 1
3 47 70 6 3
1 56 102 3 4
3 52 105 3 3
3 66 76 5 0
3 46 94 4 7
1 65 105 3 3
2 45 84 3 3
6 60 85 6 0
4 50 86 6 8
7 64 80 4 3
2 56 78 6 4
4 50 91 4 4
3 52 104 2 7
3 70 91 5 5
3 78 92 4 1
5 59 109 2 2
4 65 82 5 6
2 92 79 5 4
3 57 93 4 6
1 74 92 2 5
5 50 64 7 4
8 48 60 7 0
3 66 101 2 2
4 33 71 7 4
2 74 96 2 2
2 51 72 7 2
2 48 89 4 3
4 50 91 4 3
1 54 94 3 3
4 58 91 4 8
7 66 91 3 4
0 62 106 2 2
3 61 99 4 4
2 48 83 6 1
7 81 60 8 3
1 74 94 4 3
2 67 81 4 2
2 49 84 5 3
2 65 76 4 3
2 43 71 7 3
2 68 76 5 3
5 70 83 4 4
2 52 97 3 0
6 86 80 6 2
2 60 79 6 3
2 52 104 5 1
5 49 88 5 1
2 46 86 6 4
3 41 102 4 5
5 78 96 4 5
2 71 80 6 6
5 59 94 5 4
1 45 97 4 4
3 61 96 2 4
5 64 99 2 5
6 52 76 8 1
4 72 80 4 2
2 66 103 4 3
4 56 81 6 4
8 51 102 4 2
4 61 85 5 6
5 80 84 5 5
4 44 90 5 4
2 73 51 7 2
2 55 88 5 3
4 67 86 4 4
4 58 76 4 5
2 60 58 5 5
4 54 83 4 4
4 58 86 5 0
2 45 55 9 3
3 75 93 4 5
5 73 77 6 1
4 54 100 3 4
4 61 84 6 2
3 67 79 5 3
2 63 85 2 3
3 69 57 9 4
3 47 75 5 2
5 91 61 8 5
7 27 76 5 3
3 58 91 2 3
4 64 100 4 4
1 66 95 4 4
4 62 68 7 5
2 46 106 1 5
5 41 85 5 3
2 81 88 5 4
2 62 94 2 3
3 63 50 8 4
2 68 95 4 0
4 62 99 2 1
1 76 99 5 3
8 58 110 2 5
3 81 83 6 0
3 73 99 4 6
1 53 101 2 2
4 57 93 3 6
3 62 100 4 4
5 66 61 6 4
2 66 97 2 3
4 57 87 5 3
2 47 88 5 1
1 75 85 5 3
1 38 82 6 2
3 60 63 7 5
4 72 102 1 2
3 40 57 9 2
4 66 79 5 2
4 88 83 6 1
4 66 80 5 4
7 61 84 5 1
2 63 104 2 3
3 46 82 6 1
5 61 75 7 3
3 49 79 4 2
4 54 53 8 4
1 44 55 8 5
5 52 88 3 5
3 48 93 4 1
5 72 95 5 3
5 60 91 4 2
3 68 71 5 3
3 67 84 5 2
2 49 102 1 4
1 59 77 4 2
5 77 95 2 5
4 62 75 6 2
1 59 94 4 1
1 66 80 6 3
3 59 95 4 5
3 63 77 5 1
3 68 81 6 1
2 43 68 7 4
2 72 77 6 2
4 60 73 6 0
5 70 85 4 2
4 72 81 4 3
5 82 98 3 6
6 43 77 6 5
1 69 73 5 5
4 53 87 4 4
2 56 74 6 3
1 45 74 5 2
4 57 104 1 4
3 57 73 6 4
6 53 65 5 6
3 69 83 4 3
2 61 94 4 3
5 64 61 6 1
3 77 82 5 2
2 60 90 4 3
3 57 90 3 2
3 63 83 4 5
0 61 81 5 2
1 56 81 5 2
3 47 102 2 2
2 57 77 5 4
3 59 93 3 5
6 65 84 5 7
5 80 77 4 4
4 60 80 6 4
4 76 89 5 2
0 42 80 6 1
3 61 94 4 3
3 55 94 5 3
3 51 78 4 2
6 76 71 7 2
2 68 99 3 3
2 48 92 3 5
1 73 76 5 7
3 62 83 5 7
4 58 86 5 4
2 67 86 5 3
6 63 85 5 4
4 57 86 5 4
8 56 65 6 5
2 71 84 5 2
7 41 80 6 6
4 55 106 3 7
1 65 97 3 2
5 54 72 6 4
3 63 83 5 8
7 59 73 4 2
1 79 98 4 1
4 60 105 4 2
3 76 79 4 3
6 73 83 5 6
5 63 92 3 8
1 62 97 2 2
2 61 87 3 6
6 71 82 4 2
6 37 82 5 2
6 51 92 2 5
2 55 81 5 7
6 56 87 4 5
4 86 62 6 6
4 62 79 3 3
5 69 86 4 4
4 45 80 5 4
4 56 74 6 2
2 63 97 4 0
4 65 96 3 1
1 58 97 5 1
8 70 99 3 5
2 66 98 3 3
4 54 87 3 2
4 54 80 4 4
6 69 94 2 0
3 43 83 5 2
5 43 72 6 2
2 43 107 3 3
1 68 76 5 2
2 58 87 4 3
5 56 91 4 4
4 53 100 2 3
4 82 60 8 0
2 46 67 6 2
7 50 72 5 8
3 70 80 4 5
2 65 95 4 5
2 63 83 2 3
6 78 69 5 3
3 62 99 3 5
1 68 82 4 3
3 38 74 5 2
0 70 68 7 2
4 94 63 6 2
5 57 86 5 3
3 74 55 7 2
2 60 86 4 3
1 70 91 4 3
3 79 86 4 4
5 78 91 4 3
3 70 83 4 0
5 41 86 5 6
2 65 82 3 3
5 69 108 1 2
2 55 91 4 5
1 77 100 3 2
2 74 81 7 3
3 59 90 4 2
2 61 83 5 4
3 58 75 4 3
3 61 77 6 5
4 63 66 6 3
6 67 92 3 8
2 59 87 5 4
2 57 90 5 6
2 54 53 9 3
6 28 70 5 2
6 66 84 5 5
4 49 92 3 4
5 51 99 4 4
1 67 81 5 6
6 63 78 5 4
2 86 75 3 5
9 56 97 4 1
2 59 100 4 1
3 62 81 2 3
4 58 66 7 2
9 63 77 6 6
3 51 104 4 2
3 57 66 7 3
4 74 86 5 4
3 64 91 4 2
4 75 80 5 5
3 79 88 5 1
2 72 76 5 6
4 60 94 2 4
6 52 66 6 2
2 65 106 2 1
8 51 92 4 1
7 52 96 2 6
3 39 58 7 0
1 68 83 4 4
3 55 88 3 2
4 57 76 6 1
5 67 101 3 3
1 67 85 5 6
3 66 98 4 2
3 75 80 5 5
3 46 59 7 2
3 46 92 4 3
5 55 75 5 3
3 58 79 4 3
3 77 83 4 3
1 65 85 5 4
2 68 92 6 4
3 78 86 5 5
2 49 74 5 3
3 76 102 3 7
1 45 71 7 2
3 44 59 6 4
5 71 88 6 0
4 43 81 6 3
5 76 89 4 0
5 45 77 4 5
3 31 70 7 3
2 74 84 4 5
3 61 94 4 6
2 51 78 5 2
4 58 67 6 7
5 46 79 5 4
6 67 74 5 1
3 83 88 5 5
0 79 53 9 1
4 60 103 1 2
2 50 78 6 3
3 54 76 5 1
3 68 84 4 3
4 79 95 4 5
2 64 84 4 3
3 70 89 4 3
6 47 101 2 3
6 85 73 5 2
4 51 88 5 4
5 82 91 4 2
3 55 115 2 3
3 94 65 8 2
5 77 74 6 3
2 70 96 2 1
5 69 96 3 3
4 67 94 1 1
0 38 81 6 3
3 62 92 4 6
2 80 96 2 5
5 54 81 5 4
6 66 103 3 2
7 59 102 3 3
9 56 67 5 0
1 53 97 4 0
5 64 84 4 5
3 67 84 4 4
2 63 81 5 3
4 35 72 6 4
2 55 92 2 2
4 58 87 4 3
5 53 95 3 1
3 53 76 6 3
6 57 108 3 3
4 42 73 6 2
2 58 94 3 4
3 81 91 3 4
3 55 96 5 6
1 64 94 4 3
5 52 83 6 0
7 52 101 3 3
0 58 85 3 8
5 82 68 7 3
3 62 112 0 3
4 75 86 3 1
3 59 95 3 3
3 64 85 5 7
3 54 82 4 4
6 50 93 4 1
6 76 104 2 5
5 73 90 3 5
2 56 86 6 3
1 53 105 3 4
1 69 84 4 5
5 55 58 6 7
5 58 96 4 3
5 76 93 4 2
2 74 91 4 3
0 67 95 5 1
5 75 84 3 3
2 72 91 4 3
5 46 76 5 3
5 51 89 4 3
6 38 53 8 0
6 65 77 5 2
6 55 75 6 1
2 61 82 3 0
2 60 92 3 2
5 76 77 4 2
6 65 103 2 6
7 64 105 3 4
2 68 90 4 4
2 41 80 4 5
6 72 79 6 5
3 59 94 4 6
3 60 87 4 4
4 48 94 6 3
5 68 89 3 4
2 43 75 6 5
2 64 74 6 6
3 67 68 7 3
1 72 75 5 5
5 59 91 3 1
4 46 91 4 3
3 50 65 7 5
3 78 78 7 2
4 65 72 4 1
3 58 116 0 4
3 82 71 5 4
4 35 62 8 6
2 64 81 6 0
3 87 66 5 3
6 52 85 4 4
4 62 78 5 5
3 56 70 5 4
2 77 74 6 5
3 75 90 6 4
3 74 77 4 3
5 65 102 2 3
5 70 82 4 4
4 71 107 4 3
2 77 89 4 5
3 55 68 6 4
4 55 75 3 4
2 64 81 5 4
4 32 87 4 2
5 61 93 5 2
6 76 75 5 1
2 86 73 5 0
2 59 82 5 5
3 54 88 2 3
3 57 80 6 4
0 65 90 4 3
5 70 89 4 4
5 70 98 4 3
5 68 103 4 3
0 46 99 5 5
4 67 100 4 4
2 48 87 3 1
2 65 86 4 1
3 69 59 8 2
5 74 87 3 1
6 56 97 4 4
5 64 68 6 5
6 42 91 3 2
5 70 112 2 2
5 62 80 5 2
2 88 60 8 4
5 77 72 7 2
0 59 61 6 2
2 58 73 6 2
4 70 96 4 5
4 83 62 7 6
1 68 106 2 1
2 61 105 2 2
4 56 81 5 3
2 80 91 6 2
3 61 81 4 4
3 51 91 5 4
5 47 87 5 6
3 43 86 4 2
4 53 60 7 2
1 42 82 4 5
3 67 94 4 3
6 91 76 5 8
2 73 76 5 3
3 61 60 8 5
3 72 108 1 3
2 70 86 3 2
5 40 63 7 6
6 39 69 7 9
5 74 75 4 2
4 77 85 5 6
1 87 78 6 3
2 65 100 2 4
3 73 79 7 4
3 80 80 5 4
4 62 100 4 3
4 59 99 1 6
4 71 86 6 3
4 66 76 5 4
5 42 65 6 4
3 40 94 3 4
4 53 67 8 3
3 42 74 6 3
4 85 76 6 4
4 68 104 2 7
6 78 74 8 2
2 57 105 2 3
4 69 79 5 5
6 56 100 3 4
5 43 86 4 4
5 65 85 6 5
5 64 75 4 5
2 73 78 5 3
1 75 96 2 5
5 48 102 3 1
7 63 97 3 2
5 70 93 3 2
2 54 68 4 4
3 64 103 3 1
1 68 53 9 6
4 68 93 4 2
5 69 77 5 3
2 63 98 3 6
5 57 90 4 4
4 78 88 2 4
4 39 65 6 4
4 72 84 5 0
2 60 74 4 5
4 67 87 5 4
2 65 88 4 1
4 68 85 4 2
3 66 91 4 3
1 32 75 4 5
3 73 91 4 3
2 59 105 3 2
2 79 72 5 2
3 52 77 6 2
4 73 64 8 1
2 46 84 4 4
3 44 109 3 5
5 67 91 3 4
0 43 73 6 2
4 51 108 4 3
7 82 68 5 5
4 65 101 2 1
5 43 102 2 5
3 55 50 9 2
5 59 71 7 3
4 74 99 3 1
3 60 96 5 3
2 72 85 6 3
4 62 87 4 5
0 58 103 2 2
4 35 59 8 5
6 46 78 4 5
5 60 94 4 3
5 72 86 4 3
2 70 94 3 5
2 71 89 3 5
4 52 80 4 3
1 51 67 7 3
2 65 82 4 1
3 70 102 1 3
5 58 74 4 4
6 31 94 5 1
2 59 91 3 5
4 57 82 4 3
3 41 102 4 6
2 57 73 5 3
3 57 77 8 2
2 52 110 2 6
2 62 94 4 2
3 59 83 4 2
3 58 90 2 2
5 65 81 4 4
5 57 78 6 4
5 69 76 7 2
2 79 91 3 4
6 68 74 5 3
2 85 75 7 3
1 40 87 5 3
2 56 83 4 3
3 65 64 6 1
3 75 80 6 7
2 59 94 4 2
5 55 82 4 6
2 73 92 4 3
1 70 65 8 3
2 45 84 5 8
3 69 86 4 2
3 63 86 6 3
1 44 83 5 3
4 72 88 5 3
5 73 65 6 2
3 50 97 3 5
1 77 86 3 3
6 55 85 3 0
5 49 86 4 5
4 71 86 4 2
5 58 75 4 4
3 55 99 2 0
4 54 84 3 6
7 78 78 5 6
5 73 101 4 1
3 60 88 3 2
4 67 72 5 3
0 74 79 6 6
4 65 57 8 4
7 54 98 4 3
3 44 73 6 0
5 54 97 3 2
2 52 81 6 4
6 42 72 7 3
6 75 90 3 5
4 47 104 2 2
3 49 85 4 3
2 71 107 2 3
3 36 65 7 2
3 57 112 2 4
2 37 56 8 1
4 62 89 4 6
6 42 80 5 1
5 72 76 6 5
5 74 82 4 1
1 59 89 5 7
5 63 76 6 3
6 63 87 5 7
4 35 76 6 6
4 73 87 3 6
1 53 73 7 1
4 45 103 2 4
4 68 61 5 4
2 55 111 3 2
6 61 79 5 6
4 61 72 7 3
3 57 90 5 4
7 44 54 8 4
3 74 103 3 3
5 78 77 6 2
4 67 94 5 3
3 53 96 3 7
1 74 86 4 5
6 80 88 3 3
4 61 104 2 2
2 44 83 4 2
4 73 75 6 4
3 68 97 4 0
3 59 104 5 5
2 77 100 2 4
4 67 92 5 6
3 68 95 2 3
3 38 96 2 3
6 58 83 5 2
7 68 90 2 4
3 60 73 6 4
2 44 71 5 3
5 54 70 5 8
7 63 108 3 3
5 78 77 4 0
3 71 67 7 3
2 69 93 4 4
3 64 92 3 1
5 65 90 4 3
2 60 102 3 3
4 89 73 4 1
5 57 115 1 5
4 65 54 7 7
4 61 95 3 4
0 48 103 3 4
1 48 77 5 3
3 47 95 5 4
6 56 90 4 6
2 81 98 3 3
6 32 61 6 3
2 47 97 3 6
2 68 70 5 3
6 86 101 3 3
1 82 99 3 4
2 70 85 5 2
2 69 98 4 4
4 73 91 6 2
4 66 86 4 6
3 69 89 3 2
4 58 74 5 3
4 82 91 4 0
5 76 98 5 3
5 75 70 7 3
6 55 80 6 3
3 66 97 3 4
7 76 88 5 3
1 45 70 5 4
3 59 92 5 2
2 94 92 4 3
5 39 74 5 1
3 79 89 5 8
6 55 87 4 3
4 86 73 6 5
5 57 78 5 3
4 64 90 4 2
4 52 84 6 3
3 56 79 4 3
4 56 58 8 4
2 56 95 3 4
1 66 87 4 2
4 46 71 6 5
5 58 89 4 2
2 51 90 4 3
8 61 94 3 3
4 43 73 5 3
4 46 83 4 7
5 69 65 6 4
4 64 62 9 8
4 56 75 6 3
8 70 111 4 0
5 59 92 5 2
3 50 81 4 2
2 75 83 3 4
5 68 80 4 4
5 45 81 5 3
5 82 82 5 3
3 44 73 7 1
4 82 96 4 0
4 38 103 2 6
2 51 70 6 7
1 67 98 4 1
1 54 92 4 3
3 66 75 8 5
6 43 87 4 7
2 69 111 0 3
4 47 71 6 5
7 71 82 5 5
6 57 80 5 5
4 64 95 1 0
3 53 93 3 5
4 50 75 5 3
3 63 105 3 3
3 70 90 2 5
3 42 87 3 3
7 41 89 4 8
3 59 64 6 2
6 81 81 5 1
5 67 121 1 2
4 68 70 6 5
1 54 101 3 2
7 59 75 6 2
4 53 79 5 4
3 59 72 6 5
2 59 87 4 7
3 91 66 6 2
3 59 84 4 4
2 51 113 3 1
1 87 93 3 9
2 52 73 7 4
7 51 102 2 3
3 55 105 3 4
1 50 97 3 2
1 97 69 5 4
6 55 72 6 4
5 42 85 4 3
3 75 94 3 4
1 79 78 6 2
3 71 88 4 7
3 66 88 2 4
1 58 86 4 1
3 69 105 3 1
1 59 99 3 3
7 64 86 7 0
4 59 94 4 2
3 86 80 7 6
0 63 80 5 1
4 59 104 4 1
1 67 100 2 2
5 59 73 7 5
5 72 104 2 4
2 54 92 4 3
3 62 63 7 7
3 53 87 4 3
2 58 67 5 3
1 66 90 5 2
5 54 93 3 5
4 49 76 7 2
7 89 101 4 3
2 47 84 5 4
3 61 82 4 2
2 57 99 2 4
4 72 83 5 3
3 38 91 4 1
8 71 99 4 7
2 70 91 5 6
2 59 69 6 3
2 79 81 5 4
6 72 92 3 6
6 77 88 5 3
5 42 81 5 3
6 82 105 2 3
3 54 82 6 3
5 55 102 1 0
2 51 91 4 2
4 68 68 6 2
4 86 72 4 1
2 55 103 2 7
4 57 92 4 5
4 61 108 2 4
6 57 75 6 5
3 60 97 3 6
6 59 72 5 2
2 56 94 3 2
2 51 97 4 3
3 64 81 5 0
4 61 91 4 1
3 66 81 6 1
6 51 102 1 3
2 56 75 5 1
4 55 94 5 2
9 45 58 6 0
1 71 90 4 2
4 57 103 3 1
2 61 82 5 3
2 53 89 3 3
2 46 84 4 2
5 34 108 3 2
5 62 83 5 3
3 68 78 5 6
6 58 86 5 6
5 45 93 3 5
3 57 81 5 5
2 63 75 5 4
6 57 103 3 6
5 97 65 6 4
4 47 68 8 2
5 59 93 3 2
0 68 100 3 4
5 64 91 5 2
6 71 96 3 7
4 67 75 5 4
2 74 86 1 2
4 56 84 4 1
2 69 77 6 5
4 66 90 4 2
3 50 83 5 3
5 62 100 4 1
3 68 102 2 1
5 80 85 3 2
1 64 87 3 4
4 74 78 5 2
3 58 70 7 6
5 60 82 5 4
5 66 76 6 1
3 69 89 3 9
3 62 90 3 1
1 40 76 4 5
5 56 100 3 5
3 54 81 4 4
5 53 61 8 1
2 37 77 5 4
6 57 97 3 2
5 79 75 6 3
9 44 75 6 3
5 68 93 4 5
4 73 77 5 3
5 69 92 3 3
2 73 81 5 5
4 37 84 5 3
1 45 66 8 2
0 38 79 5 4
4 57 83 5 6
2 34 97 3 5
2 48 74 5 8
2 55 86 4 5
5 60 78 5 3
1 54 103 2 5
2 69 92 4 2
4 65 83 3 3
5 41 91 5 1
7 59 88 4 1
2 60 97 3 3
6 43 95 4 3
4 88 99 3 3
5 42 71 5 3
3 46 67 7 3
7 59 116 1 4
6 64 71 6 2
5 53 81 5 5
3 53 97 3 1
4 46 79 3 6
3 67 80 4 2
3 77 83 4 4
3 86 99 5 2
2 78 82 5 6
6 56 86 5 4
2 82 77 6 1
2 55 71 7 5
7 56 91 5 4
3 62 86 3 1
4 71 102 2 1
5 54 56 6 8
3 63 87 5 1
3 64 87 4 3
3 46 81 4 2
5 88 88 4 3
3 76 89 5 4
3 51 101 0 3
3 68 76 5 2
2 67 95 4 4
4 59 60 7 6
4 84 99 2 6
1 55 71 6 1
3 62 103 4 7
4 59 70 5 5
2 61 65 6 3
3 61 78 7 5
1 71 74 4 4
1 48 83 6 1
3 45 91 3 3
1 63 90 2 4
3 70 68 6 1
5 69 124 0 2
2 51 72 5 5
4 63 78 5 4
3 65 57 8 2
5 63 101 2 2
3 75 90 3 1
3 62 90 5 4
6 65 59 8 4
1 74 90 3 2
8 72 103 3 2
5 77 92 2 3
3 50 89 4 6
5 67 78 4 1
2 57 116 2 5
3 72 76 6 4
5 67 89 4 3
5 57 92 3 4
5 54 84 4 1
0 74 87 5 4
3 76 96 3 4
4 91 69 6 1
5 53 117 1 5
5 58 89 4 3
4 68 80 4 2
6 51 66 8 4
4 51 87 3 5
5 57 105 4 3
5 79 93 4 1
4 31 71 7 6
4 70 95 4 4
3 60 100 1 0
10 62 91 5 7
3 50 78 4 1
3 75 80 5 4
5 60 56 7 2
3 58 88 5 3
0 62 95 4 1
4 86 73 6 2
3 72 84 3 3
3 54 76 5 4
3 73 88 4 3
3 67 89 6 4
3 53 91 4 4
3 56 73 6 0
6 73 89 3 3
3 55 75 4 2
1 76 78 5 5
3 62 87 4 1
9 45 70 5 2
1 68 106 2 2
4 75 92 3 2
4 81 81 4 3
3 44 98 2 2
2 63 103 3 3
3 67 74 7 3
4 41 84 5 2
3 74 94 5 2
5 53 107 3 4
3 54 99 5 3
5 42 90 3 6
5 64 92 4 0
3 67 84 5 4
1 58 58 7 2
4 65 67 6 2
5 53 98 3 5
4 58 69 7 4
2 68 98 4 3
5 61 67 5 3
5 47 93 5 1
2 45 81 4 4
2 48 68 7 2
3 54 89 5 3
1 77 99 3 4
4 43 90 4 1
2 52 85 4 5
2 56 83 6 3
3 25 82 5 6
5 54 78 7 4
4 52 79 5 1
3 56 104 3 4
6 63 88 3 7
5 53 81 4 6
2 54 103 3 1
4 70 77 4 1
3 49 71 5 6
2 49 87 5 5
4 59 88 4 4
4 57 96 5 2
3 65 33 11 4
3 66 106 3 5
2 73 72 5 2
9 63 78 5 0
6 70 82 6 4
1 66 93 4 3
5 65 95 2 2
6 53 91 4 1
1 73 91 4 6
5 60 75 6 5
3 58 111 2 1
3 66 47 10 3
2 70 64 6 2
3 62 62 8 3
4 55 91 3 7
7 51 54 8 4
4 63 82 6 5
2 58 77 5 5
1 62 96 4 7
4 50 96 3 5
4 50 64 8 0
2 60 89 4 3
2 73 49 8 6
3 48 69 7 6
3 66 99 3 3
1 82 96 4 5
5 64 81 4 5
2 50 77 5 2
0 67 81 4 5
4 37 92 4 2
5 53 78 4 3
5 51 96 3 2
6 63 79 5 6
3 54 71 6 1
4 55 89 5 3
6 52 82 6 3
5 74 89 5 4
4 65 88 3 5
2 74 72 6 4
3 71 95 4 1
6 71 114 3 3
7 55 89 5 5
3 49 81 5 4
3 47 78 5 4
4 78 78 4 3
3 86 70 5 3
5 51 84 4 3
5 63 82 6 2
4 59 79 3 3
4 54 84 5 7
6 56 87 5 2
6 60 103 2 6
5 68 81 5 7
4 50 107 3 1
2 73 89 4 2
6 55 78 4 4
4 67 86 3 1
4 55 101 2 4
4 60 97 4 3
3 43 60 7 4
2 53 50 8 3
7 53 83 5 1
1 70 69 8 4
5 55 87 4 3
2 79 88 5 3
6 62 76 3 5
2 48 95 2 2
4 59 106 2 6
2 60 86 3 3
4 32 58 8 5
3 57 69 7 5
5 76 75 4 3
5 56 81 5 5
4 66 75 6 3
6 58 79 6 3
3 45 91 4 3
3 74 113 0 9
5 57 55 9 0
4 67 78 5 0
3 74 84 6 3
4 65 76 5 5
3 38 99 3 1
3 74 84 3 2
3 53 87 4 5
2 37 62 7 2
3 69 95 4 0
2 72 80 4 3
2 43 73 5 2
4 69 98 3 3
3 66 82 4 5
4 76 85 5 4
6 43 84 5 3
4 48 82 3 4
3 54 71 4 3
5 64 111 2 0
3 56 85 4 4
2 69 76 5 2
5 45 71 6 3
1 64 82 5 3
6 67 81 3 3
5 74 96 4 4
2 60 40 8 3
2 75 78 6 5
4 67 76 6 5
3 49 83 4 5
2 57 88 5 2
7 57 78 5 5
4 69 89 5 2
1 57 96 3 6
3 76 86 4 3
6 64 64 4 5
3 76 91 5 5
5 52 93 4 5
4 80 59 7 8
3 88 83 4 6
4 46 93 2 5
6 74 103 2 8
1 65 100 2 2
5 75 80 6 3
6 46 63 7 2
6 53 84 3 2
3 73 101 5 6
3 66 52 9 5
5 63 67 7 5
4 87 64 7 2
4 44 67 6 1
4 48 93 4 3
2 69 99 4 4
6 76 100 3 2
2 58 60 8 4
3 72 65 7 0
3 74 73 4 3
4 85 94 4 3
6 67 77 5 2
6 52 70 7 6
2 68 96 2 1
5 59 87 5 5
6 64 91 3 3
2 73 105 2 2
4 68 75 5 3
4 72 111 2 1
3 36 82 4 6
4 76 80 6 7
5 69 76 4 6
8 53 73 6 1
2 56 91 3 7
2 68 86 5 0
2 60 106 3 2
3 57 68 7 5
2 33 76 5 3
6 56 81 4 3
5 81 98 2 3
3 41 90 4 1
1 59 61 7 4
3 55 113 2 5
3 56 77 5 4
4 56 85 6 1
5 83 83 6 3
6 47 85 6 4
2 49 98 2 3
4 59 92 4 4
8 48 74 5 2
5 67 86 3 2
2 68 100 4 2
0 48 97 2 0
3 59 93 4 6
7 73 81 6 2
3 75 86 4 3
4 52 90 5 2
4 63 110 2 1
3 74 100 5 5
6 53 86 4 1
3 69 103 4 4
2 64 96 4 2
4 65 63 7 7
2 42 92 3 4
1 77 67 7 5
6 57 89 3 2
3 62 91 5 8
2 56 93 4 4
4 59 77 4 4
4 47 100 5 2
3 58 83 3 3
5 73 83 4 2
3 68 102 1 4
2 41 64 7 2
3 60 80 4 2
6 64 89 5 3
5 85 84 6 4
3 71 98 4 4
2 54 96 2 1
3 84 79 5 1
4 62 97 5 6
5 73 77 6 3
1 83 86 6 4
4 46 66 6 4
3 50 101 3 5
2 63 92 3 2
3 57 75 6 4
1 74 77 7 3
7 58 86 6 2
5 79 72 4 4
1 53 102 2 4
1 72 84 3 6
5 65 95 4 6
1 62 85 4 5
3 61 69 5 5
2 54 101 3 3
3 73 69 7 5
5 50 76 6 3
1 84 69 6 6
4 77 78 5 5
3 75 82 4 7
2 55 92 3 4
4 63 94 2 3
2 69 92 2 7
5 42 77 5 3
4 49 76 6 1
1 64 89 5 4
2 58 74 6 1
0 57 78 5 5
3 65 97 4 3
4 73 106 2 2
5 82 83 4 1
5 68 100 2 2
3 53 101 1 7
8 57 75 4 5
2 50 97 3 1
3 70 104 2 2
5 54 79 6 1
4 45 95 3 0
6 74 85 4 2
5 62 79 6 2
6 56 94 4 1
5 69 84 5 5
3 55 86 4 2
1 76 77 4 2
3 92 65 5 5
6 58 85 4 4
6 39 84 5 1
3 56 96 3 3
4 50 83 6 6
7 58 76 5 1
1 63 86 5 3
6 50 77 6 1
3 57 90 3 9
4 65 90 4 3
1 47 74 6 3
6 69 73 7 5
6 63 77 4 4
0 73 82 4 3
3 43 60 7 7
5 57 88 5 4
2 40 108 2 4
2 60 91 3 2
4 54 89 4 3
3 53 84 4 3
5 75 84 4 2
5 62 82 3 2
5 75 76 6 4
3 57 83 3 5
1 63 61 8 2
2 43 94 2 3
2 52 78 3 4
4 41 60 9 8
6 58 90 6 4
5 71 81 3 2
5 66 85 4 4
2 74 73 4 3
3 63 80 5 4
3 65 67 5 1
4 63 95 3 6
0 67 99 2 2
2 63 74 5 2
5 52 72 5 3
2 75 82 5 3
3 65 65 8 5
3 69 94 3 3
1 46 87 4 8
8 74 88 4 1
2 75 92 3 2
3 54 74 6 4
6 74 96 4 4
6 60 80 5 2
4 65 65 6 2
3 62 99 3 3
5 61 100 4 1
4 74 84 4 2
3 72 71 6 4
0 82 89 4 3
4 69 68 6 7
2 67 112 2 2
3 51 55 9 5
4 43 87 3 4
3 73 97 4 2
3 49 81 6 6
6 45 67 7 2
5 73 71 6 3
4 51 85 4 4
3 69 61 6 3
4 74 77 6 7
4 81 98 4 8
5 46 75 6 3
3 71 50 7 5
4 68 54 6 4
5 58 91 4 5
2 66 79 5 2
4 65 75 6 1
4 62 88 3 5
5 60 73 4 1
3 63 86 3 5
2 71 97 3 5
5 82 72 5 2
2 55 87 5 4
3 71 83 6 4
3 64 76 4 3
4 72 82 5 5
3 64 87 3 5
3 58 112 1 4
4 61 55 7 3
4 58 77 4 1
2 63 97 3 1
2 50 87 2 5
4 62 79 5 4
2 55 79 6 7
3 83 95 2 3
1 95 48 10 5
2 61 97 3 3
4 66 87 4 3
4 60 86 5 7
3 57 62 8 3
2 63 105 1 5
2 70 76 4 3
2 41 67 5 3
6 86 59 8 2
2 61 92 4 6
7 59 84 5 3
3 66 93 4 2
1 56 67 8 6
3 82 93 3 5
6 54 95 3 2
5 45 62 7 5
5 56 60 8 6
3 63 86 6 1
3 88 93 3 4
4 69 88 3 4
4 54 95 4 1
1 54 92 2 4
3 78 100 2 1
3 61 104 1 5
6 65 57 8 3
4 62 89 4 4
7 50 85 4 5
3 66 92 4 5
2 61 102 3 3
2 59 87 6 2
5 67 74 4 3
3 70 93 3 10
3 63 101 4 2
7 56 82 5 6
3 75 58 8 6
3 53 87 5 3
3 65 78 6 1
4 77 78 5 1
3 67 102 4 1
3 63 100 5 5
3 75 74 5 2
2 43 80 5 2
4 52 85 6 4
4 67 76 5 4
4 53 85 6 0
3 53 84 5 2
4 61 82 4 5
3 44 86 3 4
6 68 100 4 6
3 66 87 5 6
6 50 92 4 2
3 52 72 4 4
5 66 81 5 5
4 72 59 7 2
1 56 85 5 2
5 60 104 4 2
3 70 71 5 2
3 38 84 4 4
3 59 95 4 3
5 60 96 3 3
2 71 107 3 3
3 82 104 2 6
2 56 82 4 3
3 77 66 8 4
2 51 77 6 3
3 80 87 4 4
3 45 83 6 2
1 78 99 3 4
5 37 74 7 4
3 58 86 6 5
7 65 88 4 7
4 56 113 2 3
6 67 77 5 6
1 67 77 5 3
6 48 100 4 4
2 53 95 5 5
5 68 105 2 5
2 61 115 1 3
7 67 84 4 0
2 45 93 5 6
1 60 61 8 4
3 81 81 5 2
5 33 75 6 3
2 66 79 4 4
5 67 97 3 2
4 58 88 3 3
1 42 70 7 4
3 54 64 7 2
3 69 63 7 1
6 72 97 3 0
5 62 83 4 3
2 63 91 3 1
3 56 112 2 5
1 54 85 5 2
4 54 84 4 7
3 61 78 4 3
4 50 96 5 2
5 52 91 4 2
2 90 89 4 4
7 47 77 4 2
3 78 79 3 6
4 70 104 2 3
3 83 82 4 4
4 65 64 6 3
5 51 111 3 1
3 70 77 6 6
1 57 92 3 3
4 66 65 6 2
1 64 69 5 3
2 60 91 3 1
4 55 87 5 3
3 61 89 5 4
5 53 100 4 3
4 54 61 7 1
1 62 100 2 3
3 54 90 4 3
5 89 95 4 3
3 60 93 4 3
0 82 78 4 4
4 61 93 5 0
2 67 96 4 3
6 75 93 3 3
4 52 100 2 6
5 71 58 7 4
1 68 70 6 0
4 68 98 3 3
3 52 75 5 5
1 74 79 5 2
2 72 82 5 2
2 51 83 6 0
0 91 81 5 2
5 56 94 4 4
3 91 65 7 3
3 69 108 3 2
6 57 77 6 2
3 70 102 1 2
3 58 103 3 5
2 47 84 5 3
2 53 69 6 6
5 38 89 3 5
3 59 74 6 8
4 68 89 4 5
4 38 72 6 1
6 48 57 8 7
3 62 80 6 4
3 65 94 4 2
5 78 97 5 4
3 45 48 8 6
5 50 80 4 4
5 49 102 4 4
5 34 79 5 4
3 48 87 4 4
4 56 80 5 2
6 70 76 5 0
3 52 81 4 4
4 69 102 2 4
3 69 70 7 6
0 72 72 8 1
5 61 97 2 2
2 61 107 2 5
4 74 80 5 6
5 59 108 1 3
1 70 87 5 4
3 62 82 3 3
4 77 91 5 3
3 47 109 3 0
6 52 109 2 2
1 62 97 4 2
6 53 96 3 5
3 73 61 6 3
2 43 84 3 3
2 60 73 4 1
4 85 96 3 4
2 62 75 7 8
4 69 102 2 4
6 66 80 6 4
1 59 66 7 2
4 64 78 6 2
2 74 81 4 3
6 50 78 6 3
2 77 81 4 5
5 61 95 3 4
4 62 85 6 4
3 60 86 5 6
5 77 69 6 2
4 67 89 5 5
6 62 89 3 3
2 87 94 4 6
2 66 86 4 1
5 49 68 7 2
2 46 72 5 4
9 59 79 4 4
3 48 88 5 3
3 59 81 7 4
3 55 76 4 4
2 62 76 6 5
4 69 63 6 4
3 52 94 5 5
0 54 115 1 2
4 71 87 4 6
4 66 90 4 2
3 85 59 7 2
4 51 85 5 4
3 71 86 4 3
4 45 95 3 5
4 59 81 4 3
4 61 96 5 2
3 61 82 5 4
4 68 92 5 5
3 79 86 3 4
2 54 76 6 2
4 77 100 3 6
2 57 93 2 5
4 52 95 3 4
1 67 99 4 4
3 65 87 4 6
3 61 82 5 5
3 88 60 7 2
8 87 93 2 5
4 61 83 5 3
2 58 99 3 3
6 39 88 6 3
0 79 101 2 4
4 45 94 3 3
5 49 79 6 3
3 46 65 7 4
4 59 70 7 3
1 76 70 5 3
2 62 114 2 3
3 85 70 6 2
4 66 84 3 1
2 62 93 4 3
3 24 56 6 3
3 79 80 6 0
4 38 76 6 1
3 59 90 3 2
1 59 86 3 4
2 60 92 3 6
6 63 81 5 2
4 67 71 6 3
4 57 77 7 5
3 82 89 5 4
4 68 116 1 5
6 77 110 1 5
2 61 79 6 5
3 71 88 4 4
5 65 70 7 4
8 48 79 6 6
0 51 108 0 5
4 37 98 2 7
3 56 103 2 0
3 62 86 4 3
5 52 90 3 3
3 68 93 4 2
6 56 69 4 2
3 70 96 2 4
3 58 92 4 5
1 66 94 2 4
5 68 88 4 3
4 45 88 4 5
5 77 83 3 4
3 69 95 3 3
3 49 73 6 3
2 43 72 5 1
1 77 75 4 3
7 87 87 5 4
4 70 75 3 4
3 55 93 3 2
5 64 101 2 5
4 41 71 4 3
3 59 95 3 0
1 67 87 4 2
2 61 81 5 3
3 61 87 3 3
8 44 91 5 6
1 65 61 7 1
1 74 80 4 6
3 71 85 5 4
5 69 73 5 2
5 73 99 2 4
4 62 90 6 5
2 66 73 5 1
3 79 87 3 5
7 71 87 5 7
3 68 83 5 6
5 58 90 3 2
3 55 88 5 4
2 58 77 3 5
6 56 82 6 5
4 52 74 6 2
3 67 81 5 3
4 41 72 5 0
3 47 59 8 3
4 82 85 5 4
1 43 108 3 5
1 52 80 4 1
4 69 74 6 4
5 33 70 6 2
3 72 80 5 2
5 92 84 6 6
6 56 83 4 4
1 53 80 4 7
6 78 73 7 3
2 62 101 2 3
4 65 86 5 2
4 82 83 5 0
4 40 53 8 5
3 63 91 4 3
2 46 93 5 5
4 36 82 3 4
3 42 73 6 4
5 85 95 4 5
1 60 91 3 5
6 42 85 3 2
5 49 83 6 1
4 81 92 4 6
2 47 85 3 3
3 57 103 3 4
4 70 92 1 4
5 55 91 3 2
1 51 75 5 3
8 59 82 4 5
5 59 83 4 3
5 68 101 3 2
2 50 79 6 3
2 68 110 1 7
4 77 86 3 2
5 74 72 4 4
1 44 100 3 5
4 70 79 7 2
6 57 75 8 3
1 45 68 5 2
3 58 83 4 4
3 59 106 3 2
5 38 72 6 6
6 79 75 6 4
6 76 95 4 6
5 64 89 3 3
2 56 94 4 4
2 73 79 3 2
7 58 95 4 3
4 59 103 2 3
0 44 85 5 1
4 49 73 6 2
2 59 97 1 7
3 49 90 5 2
4 61 75 7 4
5 51 82 5 5
4 33 93 5 2
3 56 89 3 3
5 42 84 5 4
3 59 96 4 2
2 54 70 7 5
5 58 75 5 3
5 79 90 4 6
4 48 93 3 3
2 46 63 7 3
3 65 99 4 6
3 64 69 7 2
7 64 72 5 4
5 68 101 2 2
2 53 76 5 1
2 48 78 4 5
4 44 99 4 2
3 62 89 5 3
3 42 91 4 2
3 70 84 5 6
2 75 66 7 7
5 64 83 5 3
2 61 92 4 4
6 54 95 4 6
1 48 67 6 6
2 66 98 3 4
5 81 81 4 2
2 52 97 2 3
3 66 70 8 1
8 64 75 6 5
4 40 67 6 5
2 60 87 4 1
5 67 65 5 3
4 58 85 5 3
1 47 90 4 2
1 58 84 5 2
4 60 68 7 3
4 50 83 4 3
2 39 72 4 7
3 34 78 5 5
6 72 60 8 4
2 57 86 4 4
2 70 94 3 3
5 72 98 4 2
4 66 105 2 1
3 60 64 7 3
3 52 92 4 4
3 62 86 3 4
2 86 95 4 4
5 65 71 6 4
3 61 91 3 3
5 60 89 4 3
6 54 85 5 1
3 53 96 4 1
4 52 67 7 3
3 58 100 2 6
1 74 80 5 2
4 52 54 9 2
2 78 76 5 2
5 59 88 4 4
5 49 58 7 2
1 53 70 6 4
7 66 77 5 4
7 50 89 2 2
4 52 77 5 7
3 52 103 5 4
2 48 67 5 5
3 71 93 4 2
3 52 101 3 5
5 48 88 5 1
7 52 82 6 4
5 64 63 8 1
4 65 98 4 4
2 60 104 2 10
3 80 98 4 2
6 67 86 4 1
0 35 70 6 0
3 60 82 3 3
5 54 113 2 1
1 74 95 3 3
3 67 76 5 7
4 66 102 2 5
6 55 87 5 0
4 63 95 5 4
4 77 103 3 5
2 75 82 4 2
3 65 102 2 3
1 56 95 2 1
2 57 87 6 2
3 50 73 5 1
3 60 110 3 0
5 62 67 7 1
3 41 83 6 4
5 60 80 5 1
5 74 85 6 2
3 61 76 3 6
4 64 103 3 1
6 44 93 4 4
1 39 81 5 2
5 56 94 2 2
2 42 94 5 1
3 62 78 5 5
3 71 96 4 1
5 46 88 5 5
3 81 82 4 3
4 52 96 5 5
1 57 62 8 1
5 51 103 3 2
2 62 99 2 5
5 62 83 3 5
2 71 68 7 2
2 56 97 2 3
3 52 74 5 4
7 59 98 4 5
4 52 92 4 0
5 63 90 4 3
4 63 91 4 3
3 68 115 2 2
5 61 82 4 8
3 74 87 3 4
4 56 83 5 2
2 60 96 4 1
3 50 103 3 5
3 69 89 2 4
5 61 96 1 4
4 62 83 5 2
4 71 107 2 4
3 64 68 5 5
1 34 81 3 3
4 61 62 8 3
1 68 101 4 4
1 72 84 7 0
5 61 80 4 8
7 56 97 2 2
1 62 72 5 5
4 48 63 7 2
3 62 90 5 3
6 34 66 7 7
6 35 87 4 2
2 63 96 5 4
1 75 72 5 5
2 68 95 2 1
4 58 119 1 2
3 45 72 5 6
1 70 93 3 4
8 65 118 1 4
3 62 111 1 4
5 81 68 5 1
4 45 77 5 3
4 58 106 3 3
6 40 80 6 5
3 59 94 5 1
5 43 80 4 7
4 82 84 5 6
2 80 70 7 2
3 43 92 3 4
3 95 71 7 2
6 55 84 6 4
5 44 58 8 6
2 36 79 6 2
2 43 72 5 5
3 83 69 5 4
4 56 101 2 6
4 79 106 3 4
5 59 93 3 2
4 72 100 4 4
4 72 98 4 3
5 84 71 5 4
5 63 86 4 3
3 51 97 3 3
3 72 76 5 2
3 40 105 2 6
6 81 82 6 3
3 70 86 4 6
3 60 71 4 3
2 78 80 5 2
5 72 71 7 5
4 72 78 6 2
7 43 74 6 4
2 69 97 3 6
4 66 101 2 4
2 56 91 3 1
4 63 74 6 2
2 55 89 4 1
2 39 40 11 2
5 63 76 6 4
2 71 76 4 2
2 50 110 4 3
1 80 79 6 3
2 65 80 5 5
4 53 96 3 3
5 46 87 4 5
1 67 103 3 4
3 51 86 4 4
4 42 89 2 1
2 59 103 2 1
1 64 77 8 10
5 92 44 10 5
4 87 98 5 6
3 55 96 2 3
3 49 104 4 0
4 53 88 5 2
1 65 94 3 3
3 61 83 4 3
2 63 86 5 2
2 64 55 8 2
3 62 82 4 3
3 72 92 2 3
1 52 77 5 0
2 71 95 3 3
5 42 66 6 2
1 59 95 4 5
4 67 87 3 2
4 48 92 4 5
3 39 75 5 4
5 70 97 2 2
5 47 74 7 6
7 80 90 3 4
0 48 95 4 2
3 65 80 5 5
7 57 91 4 4
3 72 88 4 3
3 43 98 2 8
2 68 80 6 2
4 48 114 2 3
2 54 83 6 4
4 59 87 4 2
0 52 95 4 2
2 42 93 4 1
5 75 63 5 3
3 56 100 1 4
6 69 79 5 4
2 47 98 4 2
5 64 91 1 0
2 65 94 4 4
3 70 93 4 7
4 40 73 6 2
1 53 100 3 8
2 73 104 2 3
5 80 79 6 1
6 62 77 5 3
2 73 79 4 7
4 56 85 4 3
4 57 75 6 2
2 64 96 3 1
4 77 82 5 3
4 45 99 4 1
3 65 105 0 4
5 79 82 5 2
4 83 88 3 4
2 54 69 6 3
6 59 92 4 5
1 42 67 7 5
2 56 83 5 2
0 67 64 7 3
2 96 101 3 3
5 54 78 6 4
4 43 92 5 3
3 54 96 2 3
2 55 82 4 1
2 41 81 4 1
4 62 67 6 5
0 76 82 6 4
5 69 106 1 4
3 51 71 5 5
2 62 82 4 5
1 89 94 5 2
3 63 93 3 5
2 66 83 4 3
4 64 76 5 0
4 53 87 4 1
5 39 80 4 4
4 72 98 3 3
2 68 69 5 3
3 82 97 5 7
5 42 94 3 6
4 69 115 2 3
1 64 74 7 4
7 80 102 2 2
6 49 88 4 2
3 64 78 6 6
5 63 70 6 4
2 68 97 4 4
3 51 70 7 3
6 55 89 4 3
5 91 63 9 2
4 57 86 6 4
4 81 56 9 4
3 76 87 5 2
3 52 79 6 6
4 71 102 3 2
2 56 106 4 5
4 40 88 5 3
4 55 80 5 3
5 56 91 4 5
4 85 80 5 5
4 60 106 2 7
3 48 79 5 6
1 37 69 6 3
2 53 92 2 2
4 56 91 4 2
7 79 98 2 4
7 65 103 1 2
3 36 92 3 3
4 62 88 5 4
2 79 77 6 4
3 48 76 5 1
1 65 67 6 4
6 62 67 6 3
6 58 106 2 4
2 71 81 6 3
2 35 72 6 1
5 48 73 5 3
3 45 95 3 2
4 59 82 4 2
8 53 98 3 4
4 81 99 3 4
3 66 94 3 1
1 66 82 4 5
4 45 78 5 2
5 44 65 6 5
4 43 92 4 4
4 61 101 5 3
3 67 104 3 2
1 68 92 3 1
2 64 78 4 4
7 46 58 7 6
2 53 93 3 5
1 57 71 5 3
4 51 88 5 1
6 73 83 3 4
5 55 97 3 5
3 57 107 2 4
5 65 89 4 3
4 44 85 5 3
1 74 66 5 4
9 60 81 6 3
3 57 73 5 3
3 70 99 2 3
1 75 78 5 4
4 60 87 6 3
4 61 90 4 8
3 54 90 4 3
4 67 104 3 3
3 52 80 5 3
5 57 77 6 4
4 72 79 4 4
2 72 103 3 5
1 52 119 2 4
1 50 103 3 3
4 54 74 6 5
3 53 77 4 3
6 74 86 5 2
5 61 103 2 0
2 55 75 6 5
3 73 115 3 4
3 57 39 10 2
7 48 72 7 2
3 58 71 6 3
3 67 85 5 4
4 54 63 7 2
1 60 91 3 3
5 78 91 1 6
3 65 78 3 3
7 69 94 4 6
8 61 95 4 2
5 66 102 3 3
3 74 88 5 3
2 55 83 5 3
4 58 83 3 5
3 43 79 6 2
6 70 63 6 5
1 80 80 6 2
4 49 77 6 3
4 63 86 5 2
2 81 89 5 3
2 61 98 4 2
6 33 60 7 3
5 44 79 4 9
2 83 79 6 2
2 65 83 4 2
4 57 80 4 2
5 71 68 6 6
1 64 91 3 4
3 62 102 2 4
6 78 118 0 6
4 57 89 5 4
4 63 73 6 2
5 61 97 4 9
2 43 78 3 3
2 52 98 4 5
3 79 86 3 5
4 69 88 3 2
3 46 50 8 2
4 83 81 7 5
1 55 77 6 4
8 68 92 3 4
2 45 94 2 1
1 78 53 8 1
5 64 94 2 5
4 61 77 6 2
6 60 104 4 2
2 50 75 5 0
3 72 89 2 7
5 42 98 4 1
4 48 87 4 1
5 54 86 6 3
2 63 67 5 5
0 66 56 7 4
2 74 86 5 4
3 82 91 4 4
4 79 117 2 5
6 46 95 3 3
3 74 63 6 2
4 45 92 3 6
7 58 98 4 3
5 58 78 5 5
7 59 78 5 1
2 62 92 3 3
2 49 88 4 3
3 57 83 5 1
5 55 84 6 1
2 65 83 4 3
8 56 105 3 3
2 42 92 5 5
2 43 85 4 3
3 72 102 3 8
5 48 88 5 2
3 49 79 5 5
5 47 85 4 0
6 49 77 5 6
4 62 81 4 3
6 59 75 5 3
3 45 64 7 3
3 43 100 3 5
3 56 66 5 5
2 69 92 4 3
1 71 107 4 1
1 80 95 4 5
2 55 80 5 2
6 48 92 4 2
3 67 98 3 4
1 89 79 4 3
2 78 84 4 4
4 59 87 5 4
2 70 86 4 7
3 48 87 7 1
4 61 92 4 2
3 65 87 4 2
2 46 66 6 4
5 70 65 8 2
1 69 76 6 2
2 75 102 3 2
3 57 89 2 4
1 85 82 4 2
4 50 94 4 4
2 62 101 3 2
1 66 99 2 2
4 60 87 4 4
2 65 100 1 2
4 85 91 3 2
4 53 97 2 4
4 77 90 2 6
4 56 86 5 4
3 66 85 5 5
3 69 97 2 5
4 50 82 6 2
1 52 73 5 7
4 78 98 3 5
3 50 83 7 2
6 59 82 6 3
4 71 86 4 0
4 48 82 4 5
1 64 92 4 5
2 65 101 3 3
1 56 104 2 1
2 51 78 6 4
3 56 99 1 8
4 56 110 2 4
3 56 102 3 4
1 53 92 4 0
6 63 89 5 1
1 62 98 3 5
2 36 72 5 4
2 63 79 4 3
3 59 91 4 6
3 60 80 3 1
4 50 98 5 2
4 64 82 7 2
1 70 66 5 1
5 64 74 6 5
3 76 80 6 4
5 60 66 6 6
3 61 88 4 3
5 61 67 7 4
5 76 88 5 3
3 78 77 5 2
3 90 74 5 3
3 65 90 4 1
2 69 49 8 3
3 60 99 3 4
2 64 77 4 3
5 54 63 7 2
6 54 86 4 4
5 60 70 6 4
3 62 74 6 3
0 71 62 6 3
3 49 70 7 3
3 54 71 6 4
4 54 75 4 4
2 52 73 6 4
4 59 75 4 3
3 46 96 4 3
3 57 82 5 5
3 74 91 4 2
2 48 76 4 2
5 57 90 5 8
4 88 99 4 4
3 67 109 2 9
3 50 72 5 2
3 38 69 8 3
4 68 91 4 1
4 26 85 5 4
2 52 90 3 3
2 50 73 7 3
3 54 94 4 4
4 76 78 5 3
4 73 93 4 2
3 49 74 6 3
5 69 105 1 3
2 38 91 4 2
2 64 83 4 5
3 72 57 8 4
3 51 89 6 1
5 63 81 5 3
1 53 74 7 4
3 50 76 6 2
4 76 84 4 5
3 49 72 7 4
2 72 90 3 5
5 67 86 4 4
3 53 66 6 5
5 70 69 7 4
6 74 85 5 5
4 64 107 2 1
3 46 81 5 2
3 70 75 6 0
5 52 89 4 6
2 63 103 2 7
1 60 71 5 7
8 74 71 7 4
1 79 78 4 4
3 62 104 3 2
4 70 71 6 6
4 43 62 9 3
6 59 80 5 2
3 75 78 5 3
3 66 67 6 4
6 52 79 5 3
5 62 91 3 4
3 40 72 5 2
5 66 93 3 2
5 72 109 3 3
7 66 97 4 2
4 55 110 2 3
2 38 86 5 3
3 74 98 4 3
4 50 94 3 2
3 64 87 4 3
3 37 62 5 2
3 44 87 2 1
0 59 90 5 3
4 73 73 6 2
3 53 96 4 5
3 50 68 5 7
0 69 101 3 3
1 67 94 5 3
1 49 87 4 2
2 69 101 4 5
2 66 89 4 2
3 66 86 5 4
3 59 121 1 5
4 74 84 5 2
4 51 90 3 4
1 63 97 3 3
2 62 84 6 2
3 45 85 3 5
3 60 86 4 0
5 57 96 4 3
5 57 47 10 6
4 58 83 6 7
4 72 90 3 3
7 38 71 6 2
1 41 73 7 2
3 57 87 4 6
2 54 75 4 3
1 51 75 6 5
3 54 90 2 2
3 70 68 8 5
5 49 82 4 4
3 51 94 4 4
3 43 80 4 7
3 84 80 4 4
2 75 89 5 3
3 52 87 4 3
3 77 83 5 4
2 69 62 7 3
8 62 86 4 3
3 43 59 7 5
4 75 101 2 2
5 76 93 3 5
3 59 88 4 2
3 74 92 4 6
3 67 81 5 2
3 79 90 4 3
5 57 73 5 0
2 52 64 8 3
2 69 99 4 4
3 66 90 4 5
1 52 92 3 3
3 69 114 2 3
4 63 98 4 4
1 60 95 3 1
2 61 80 5 4
5 66 94 5 4
1 70 40 11 3
5 79 114 1 9
2 69 85 5 2
7 73 78 5 2
2 45 88 5 3
5 52 89 4 7
2 51 96 2 3
0 55 50 8 2
4 77 98 2 3
3 64 78 5 3
4 56 86 4 1
3 65 106 4 4
3 68 92 3 4
4 61 95 3 1
4 64 100 3 4
2 60 91 2 4
4 60 79 5 3
4 49 82 4 1
1 51 94 5 3
3 86 83 6 5
3 67 71 6 5
2 51 77 6 7
3 53 64 7 1
2 67 92 3 4
4 60 103 1 1
3 68 88 3 2
4 67 114 3 3
3 59 96 4 2
4 64 89 5 5
3 62 104 1 2
1 77 62 7 1
2 65 75 6 6
4 65 88 5 4
4 51 89 3 1
7 53 89 4 3
3 74 92 3 1
3 47 71 5 5
7 57 92 3 1
3 80 78 6 4
3 61 103 4 4
2 58 86 4 0
4 62 97 4 5
4 72 107 2 3
2 69 103 3 2
4 76 97 4 3
3 62 52 8 2
4 60 93 4 5
3 71 96 2 4
4 67 84 6 0
6 72 92 4 4
3 59 83 4 3
4 58 107 2 1
3 62 89 3 0
3 63 103 3 5
4 50 101 3 4
4 58 82 4 2
2 63 84 3 1
3 52 62 7 4
2 65 96 2 4
4 67 83 3 4
5 73 86 4 3
4 66 80 5 1
2 52 102 3 5
4 61 59 6 2
6 69 81 6 3
3 67 103 2 4
4 76 104 3 3
5 54 103 3 4
3 57 91 4 2
9 70 78 5 7
2 55 78 6 6
5 73 110 2 4
3 37 70 5 1
7 63 94 5 2
0 50 82 5 7
4 50 109 1 7
2 65 89 4 2
5 69 93 3 6
5 73 49 8 2
8 55 94 2 4
4 71 98 2 7
4 37 53 9 5
5 70 75 5 3
5 43 85 4 2
2 65 102 2 5
1 52 110 2 3
6 58 110 1 3
1 76 96 5 2
3 40 61 9 3
4 81 104 3 3
6 67 92 3 3
3 51 78 7 8
4 54 106 3 4
4 82 94 4 3
4 64 84 4 6
3 79 45 8 7
5 43 88 5 5
3 65 75 5 4
3 58 115 2 2
6 66 85 2 1
3 64 93 4 6
4 55 88 4 4
2 58 100 3 4
7 69 75 5 2
3 103 48 9 3
2 61 72 6 3
3 57 66 8 3
3 59 101 1 1
3 75 108 3 4
2 54 96 5 5
4 80 110 2 6
4 38 88 4 3
6 74 85 6 3
2 45 102 2 1
5 87 89 4 6
3 61 99 4 6
1 58 68 7 2
5 37 67 6 7
1 43 78 5 5
3 70 87 5 5
3 64 101 3 5
4 75 71 5 0
4 71 86 4 2
2 57 74 7 5
4 62 58 7 3
4 49 97 4 3
2 66 93 4 3
5 48 80 5 1
6 54 119 1 3
3 55 90 4 3
3 44 88 4 3
2 70 96 4 2
4 55 66 6 3
2 95 63 7 5
3 42 85 4 1
1 72 61 7 4
2 46 87 4 5
3 47 70 7 7
2 64 96 3 2
3 77 56 9 1
2 75 85 5 1
2 65 54 7 0
1 44 96 3 1
4 63 85 3 9
2 54 66 7 8
3 55 95 2 1
4 68 108 2 3
3 57 65 6 1
6 44 82 4 2
4 79 95 3 4
1 70 70 6 4
3 73 90 5 1
5 76 68 5 3
6 77 101 2 7
3 65 83 3 7
2 56 96 4 2
5 31 89 5 2
3 59 56 8 6
5 73 83 5 2
5 70 81 5 3
5 34 77 6 4
2 50 38 10 5
4 65 115 3 5
2 60 60 7 2
6 37 82 5 1
3 47 92 2 7
5 67 60 7 3
2 69 68 6 8
2 72 92 4 8
5 61 101 3 4
5 50 106 2 4
3 73 77 6 5
4 72 80 6 3
6 58 86 5 5
4 56 85 3 4
2 57 72 4 5
2 69 87 4 2
3 57 80 5 2
2 68 96 4 4
2 58 93 4 4
4 89 90 5 2
2 54 95 3 2
3 40 87 6 6
6 60 85 5 9
3 91 91 4 3
3 71 75 3 7
3 50 85 5 4
4 46 78 5 5
6 63 111 2 4
1 77 86 4 5
6 55 92 4 2
3 48 52 8 4
6 73 76 4 2
4 64 68 5 2
4 54 66 5 6
3 72 95 4 4
4 69 84 6 5
1 54 86 5 3
4 49 103 1 6
2 61 86 4 2
5 54 77 4 4
4 65 67 8 5
3 87 70 6 3
4 68 91 2 6
5 62 85 5 3
4 80 94 4 2
4 62 101 3 4
5 56 87 4 2
4 71 98 4 4
2 65 100 2 3
6 76 75 5 1
4 64 97 2 8
2 73 100 3 2
3 57 80 6 3
3 58 84 5 5
2 67 59 7 4
5 41 84 6 3
4 68 80 5 3
3 57 79 5 0
4 71 94 4 3
2 48 100 4 3
3 57 104 4 2
3 48 73 5 4
3 50 82 4 3
6 62 77 5 5
2 69 100 2 3
4 75 72 6 2
4 75 98 4 4
5 66 77 5 3
3 63 95 4 1
1 46 75 5 3
3 43 75 6 4
2 64 73 5 4
2 61 65 7 0
3 69 66 8 3
4 82 72 7 2
2 67 69 6 4
6 62 75 4 8
3 80 71 6 2
2 74 94 4 3
3 62 82 5 3
2 68 81 5 4
2 64 88 5 4
3 53 76 6 3
1 54 84 5 4
6 61 85 4 5
4 43 80 5 3
4 72 82 5 4
2 48 90 4 3
2 64 71 7 6
3 49 77 5 3
4 46 80 5 2
2 91 72 8 3
7 36 72 5 3
4 57 76 7 3
3 63 81 5 5
3 81 93 3 5
4 60 86 4 3
2 67 84 4 4
3 53 72 5 2
5 60 83 6 7
6 86 92 3 1
2 63 55 8 2
3 60 85 3 5
4 47 68 6 3
1 56 89 4 4
3 60 59 7 4
4 53 86 5 3
5 65 101 3 8
1 67 88 4 4
3 54 73 7 2
2 45 93 5 2
5 36 71 4 3
3 57 58 8 4
5 60 75 6 4
3 43 94 2 5
4 63 78 5 5
4 44 78 3 6
4 69 77 5 3
3 73 84 5 3
5 67 113 2 6
4 49 74 6 1
6 47 87 3 5
3 68 69 5 4
2 65 76 6 5
2 60 117 4 1
3 55 82 5 5
4 69 86 5 4
2 55 96 4 4
4 71 98 3 4
2 69 79 5 5
5 56 102 3 2
2 63 68 4 4
3 69 88 2 2
3 65 110 1 2
1 72 71 7 3
2 57 92 4 2
4 84 80 4 2
3 58 92 4 1
4 52 78 6 3
5 71 95 2 6
5 79 103 1 2
2 67 90 4 3
6 59 81 6 6
1 76 74 6 6
4 67 86 4 8
4 47 100 2 0
5 64 80 6 2
3 79 92 3 6
4 71 61 7 2
1 72 82 5 2
5 73 84 5 4
3 66 99 3 3
4 79 87 4 7
2 70 94 4 5
5 63 60 9 3
5 88 77 5 7
3 61 80 6 2
4 72 89 5 1
5 65 109 2 4
4 77 65 6 4
1 58 94 5 6
5 48 79 3 4
1 59 84 5 2
4 51 68 6 3
4 74 102 4 4
4 48 63 7 2
4 74 83 4 6
1 74 83 4 4
3 46 80 5 3
5 80 83 5 7
5 65 94 3 5
6 65 79 5 5
3 56 90 3 3
7 68 95 2 2
4 76 85 4 3
4 56 68 7 3
1 44 95 5 1
2 41 70 7 4
7 55 71 7 2
2 55 79 4 2
5 60 98 5 5
4 61 87 4 6
6 57 106 4 3
2 53 64 6 3
4 74 101 2 4
2 71 86 4 3
2 53 75 5 2
4 91 65 6 4
3 52 104 3 2
4 57 85 6 5
5 62 66 5 2
3 73 99 3 2
4 60 85 3 1
2 69 99 4 4
5 61 68 7 3
3 73 78 6 3
2 56 85 4 4
0 65 81 5 4
1 79 61 7 5
6 87 85 5 8
6 49 70 7 6
7 71 81 5 6
5 77 80 3 2
4 60 93 4 3
4 50 62 7 5
2 51 74 4 2
2 49 73 5 3
2 54 83 4 4
3 65 87 3 2
4 69 96 4 6
4 54 109 2 3
5 72 102 3 3
6 63 97 5 6
6 65 101 3 5
5 55 91 4 4
4 70 68 4 3
3 57 99 4 3
2 54 75 6 5
4 64 102 5 9
2 67 76 5 2
2 41 84 3 5
5 57 87 2 6
5 54 93 4 1
5 60 74 6 2
5 63 71 7 3
2 56 100 1 3
4 62 71 3 3
2 68 71 7 3
2 71 75 5 2
3 67 112 1 5
4 55 61 7 5
3 69 79 6 6
5 68 102 1 4
2 71 88 4 4
2 63 89 4 4
4 60 106 4 6
5 51 91 3 2
4 55 78 4 0
3 61 61 8 2
6 64 96 3 4
4 46 92 4 4
1 66 104 2 2
1 73 80 4 7
1 70 80 4 2
5 77 67 6 4
2 27 78 5 4
3 73 109 1 5
2 60 83 4 3
2 59 83 4 0
3 43 70 4 4
5 48 86 4 6
5 59 91 3 5
8 68 81 4 4
3 68 76 3 3
6 55 106 3 2
1 46 85 4 2
6 60 83 4 2
2 37 70 6 4
2 68 76 7 3
6 58 89 5 3
4 66 87 5 4
3 75 98 2 6
1 55 110 4 6
2 62 82 4 4
3 59 75 6 6
4 37 67 7 3
5 79 82 4 3
4 64 91 5 5
4 78 93 3 3
3 67 87 4 0
4 57 79 4 3
2 77 82 5 5
3 83 83 5 1
2 58 87 4 0
3 78 88 3 4
4 45 93 4 4
2 71 92 3 1
6 79 54 7 1
2 64 86 4 3
5 74 83 4 5
4 62 90 4 4
2 58 76 3 3
2 61 93 3 0
5 56 79 5 4
4 52 97 3 4
4 58 77 4 6
4 76 63 7 2
6 70 71 6 4
0 71 90 2 2
2 48 83 4 1
4 42 84 4 4
6 61 95 5 2
1 64 83 7 5
3 45 77 6 3
2 77 100 3 6
3 61 78 5 3
1 38 66 6 6
2 57 83 4 6
6 49 66 6 2
2 49 87 2 2
5 76 96 4 6
1 86 99 5 2
3 60 78 5 4
3 68 100 3 3
4 63 88 4 3
1 71 82 5 1
5 70 93 4 3
3 56 103 3 2
4 94 84 3 5
3 63 89 5 4
3 49 58 8 6
2 84 67 6 3
2 49 89 4 2
1 63 106 2 4
3 56 80 5 3
2 50 86 5 7
3 71 91 4 2
4 74 88 3 8
4 31 78 7 8
2 61 94 4 3
5 65 81 3 7
6 47 69 6 3
2 60 103 4 2
1 58 72 4 1
3 70 102 3 7
2 58 84 3 5
4 71 82 5 1
3 76 91 4 4
2 69 90 3 6
5 61 105 3 5
2 62 87 4 4
4 58 81 7 5
2 56 99 2 2
3 77 80 5 5
4 82 88 4 5
4 67 76 5 6
6 64 89 4 3
4 65 88 3 8
3 46 77 6 4
3 80 81 5 3
4 66 105 3 1
4 45 57 9 3
3 65 70 8 3
5 85 72 4 3
4 54 104 3 5
5 72 111 0 4
4 65 108 3 3
5 43 93 4 3
3 74 85 5 1
3 71 76 4 3
1 71 90 6 3
5 46 95 3 7
4 53 94 3 1
2 73 101 3 4
5 58 65 6 8
2 57 83 5 4
3 57 82 6 5
6 55 104 3 6
2 63 79 7 2
5 67 95 1 1
4 57 84 4 5
7 61 96 2 4
1 63 90 5 1
3 62 72 5 2
6 69 88 3 1
7 52 91 4 2
3 56 106 2 2
6 59 79 6 3
5 58 77 5 3
2 48 84 6 1
2 36 76 7 3
4 61 61 6 3
3 67 82 3 6
4 69 81 4 7
2 53 68 6 4
5 67 86 5 4
3 47 91 5 3
3 78 85 5 3
3 70 97 3 5
2 53 65 8 3
5 49 79 6 3
4 77 86 5 3
1 72 88 3 3
2 70 46 9 3
5 58 92 4 2
6 41 71 7 2
4 75 83 3 3
5 59 83 5 3
4 71 90 5 2
3 69 97 2 1
1 80 107 2 5
4 70 91 4 3
4 46 85 5 3
4 72 96 4 2
2 69 89 6 2
2 75 79 5 5
7 45 80 5 7
2 67 99 2 5
5 70 68 7 3
4 72 94 4 5
6 54 74 5 3
5 68 66 6 3
6 57 75 6 3
5 64 87 5 3
4 61 64 6 4
7 56 88 4 0
3 55 79 5 2
3 55 89 6 2
3 57 82 6 6
3 73 82 4 5
4 77 90 5 1
2 54 75 4 3
5 44 101 2 5
2 49 74 5 4
2 49 105 2 7
2 83 81 7 4
4 74 78 5 4
2 52 104 3 3
3 78 86 4 6
3 54 97 4 1
1 65 77 6 2
5 66 86 4 3
1 47 87 3 3
0 67 98 4 2
2 66 74 5 3
4 67 94 3 4
3 83 92 2 8
7 54 96 4 2
0 66 72 5 4
2 79 89 3 5
3 70 88 2 6
5 53 83 4 4
3 57 80 6 4
8 68 106 3 2
3 49 109 1 4
3 39 84 3 0
2 81 63 7 2
4 59 99 5 0
2 64 108 1 5
2 65 109 3 5
4 71 91 3 7
2 58 98 1 2
2 67 117 1 6
5 68 83 5 1
2 69 81 5 4
1 52 102 4 2
4 67 76 6 3
5 72 72 5 5
4 71 81 4 2
5 52 90 4 5
4 73 82 5 4
5 35 49 10 4
2 65 84 4 3
4 59 107 1 1
1 56 86 5 4
6 63 68 6 7
4 48 72 6 1
3 67 104 3 3
4 63 96 3 2
4 60 77 6 4
4 72 68 6 4
6 63 74 5 2
3 41 71 6 3
3 74 75 5 6
3 46 80 4 2
3 50 101 3 1
3 58 64 7 5
2 59 100 2 3
5 51 84 3 4
6 59 92 4 4
1 54 91 4 7
4 54 87 2 1
4 74 57 7 2
7 64 88 3 2
1 62 95 5 6
2 46 76 6 1
5 79 61 8 3
5 56 96 3 5
1 72 96 3 5
3 77 89 3 4
3 60 88 3 4
2 75 76 5 8
5 60 59 8 3
3 40 65 6 5
5 38 78 5 2
4 72 102 3 4
6 60 95 3 6
6 63 53 7 3
4 64 111 1 3
4 77 84 5 4
3 65 61 7 3
1 59 90 5 3
6 61 80 5 1
5 53 94 5 7
5 73 77 5 3
1 49 81 4 3
1 60 59 7 4
3 65 63 6 5
2 43 69 7 2
6 55 79 5 1
6 36 79 3 0
6 53 80 5 3
4 61 100 3 5
3 57 85 5 4
2 65 70 6 0
5 57 69 6 5
2 68 78 5 2
5 67 104 1 3
2 63 89 4 2
2 56 95 3 3
2 55 60 6 2
6 59 78 7 4
2 60 93 4 1
1 63 91 4 5
2 72 72 6 3
4 56 88 3 2
3 60 88 4 1
4 76 90 4 3
2 67 100 3 6
5 60 108 2 3
3 72 100 2 7
0 46 77 6 4
0 44 79 4 5
3 58 80 6 3
3 72 113 2 7
1 64 84 5 3
4 57 102 2 2
2 63 95 4 1
4 64 82 5 3
0 67 95 3 1
3 61 98 4 3
0 58 88 3 0
4 71 87 3 3
4 55 105 3 3
4 72 82 5 2
6 67 68 4 5
5 58 80 4 2
5 82 90 2 2
2 69 81 3 4
2 44 73 6 1
5 41 73 7 4
7 59 82 4 1
3 61 73 7 2
2 68 97 4 2
1 65 86 5 4
3 80 84 5 2
1 66 75 6 4
3 58 109 3 2
1 50 78 7 6
3 67 81 4 6
3 63 101 4 2
2 64 64 6 3
2 59 78 3 2
5 65 85 5 1
7 56 97 3 3
1 75 73 5 7
7 72 87 5 3
4 59 103 1 3
5 73 87 4 5
6 63 90 5 5
0 68 95 5 3
4 53 70 6 7
4 58 95 4 3
3 42 72 7 3
8 52 65 6 6
3 65 71 6 3
6 62 109 2 1
5 41 89 6 5
3 68 104 1 2
3 73 89 4 1
5 52 93 3 5
2 76 85 5 3
5 48 73 7 4
1 72 82 6 4
4 54 97 5 0
3 59 95 4 2
2 74 97 3 4
5 57 95 4 6
3 68 90 4 3
7 54 93 4 4
1 58 84 4 2
1 80 68 7 2
5 45 87 4 3
4 82 56 6 7
5 65 109 3 3
2 57 73 5 5
2 76 93 4 6
4 82 82 5 2
4 55 84 5 3
3 54 94 3 6
6 58 98 4 5
2 85 74 5 3
4 42 86 2 2
3 63 96 5 5
3 63 63 9 6
3 76 83 4 5
6 68 102 5 6
5 68 85 5 2
4 44 64 6 4
4 79 78 5 1
1 59 99 3 4
2 55 88 3 4
6 51 59 7 7
4 70 84 5 7
2 62 96 2 2
3 73 72 5 3
7 61 67 7 3
5 51 99 3 5
4 82 102 2 4
3 66 98 2 1
3 75 71 5 3
1 81 78 5 0
7 51 67 6 6
2 43 83 5 4
2 36 74 5 5
5 59 117 1 6
5 44 81 5 2
8 67 80 5 3
2 69 83 5 6
3 46 104 2 5
2 62 63 7 2
2 60 66 7 4
5 55 78 7 3
3 79 59 7 5
3 70 73 5 7
1 64 76 6 4
6 53 75 6 2
5 53 86 4 3
4 80 70 6 6
5 56 86 5 2
4 70 87 4 3
0 70 92 4 6
3 52 79 4 2
5 38 86 5 2
3 62 91 5 2
4 77 76 7 2
2 56 95 2 5
2 56 75 6 7
6 68 50 8 4
4 52 67 8 6
2 57 92 4 4
3 51 81 3 3
7 73 93 4 1
2 56 79 4 0
6 61 94 3 9
4 61 92 5 3
7 40 80 4 7
2 65 74 4 5
6 77 93 4 4
5 83 79 5 6
5 54 98 4 13
5 55 76 6 2
2 61 95 2 4
4 49 100 4 5
3 55 75 6 4
2 70 74 5 5
1 31 70 6 4
3 85 101 4 3
4 63 90 4 3
3 53 106 3 2
5 59 90 2 4
5 53 92 5 4
6 65 92 5 0
3 51 90 3 2
1 63 92 5 7
3 64 94 2 5
3 58 82 2 2
3 48 95 3 2
3 63 89 5 7
2 69 109 3 1
2 36 79 5 3
4 73 87 5 3
3 48 78 5 7
3 81 66 5 2
7 58 90 3 2
3 64 111 3 2
1 67 97 5 4
3 45 88 3 3
2 72 102 5 6
5 57 83 4 3
1 54 94 2 3
2 72 75 4 4
3 70 64 8 3
2 62 106 3 3
5 64 97 4 2
4 50 97 3 2
5 62 100 4 0
3 83 78 4 4
4 69 63 7 1
4 78 86 4 7
2 73 63 6 1
5 68 74 7 4
3 57 104 4 2
3 61 101 3 5
2 76 108 2 2
6 54 79 7 4
1 70 89 4 2
5 40 73 8 7
4 55 90 5 3
4 58 80 6 0
4 72 103 1 4
5 81 95 5 5
3 71 83 5 3
4 68 84 4 5
2 51 74 6 2
2 68 85 5 8
4 61 104 4 4
4 68 75 6 7
2 51 72 5 6
4 48 94 4 3
3 45 87 4 7
2 49 82 4 3
4 68 56 7 0
1 64 90 3 3
2 59 85 4 2
4 67 86 4 3
4 60 88 4 3
2 60 75 4 6
6 55 88 5 4
7 56 89 4 2
3 41 97 4 0
4 69 79 4 2
2 49 76 6 2
2 72 69 6 1
3 60 96 2 5
2 34 84 7 3
5 50 78 5 6
6 57 84 3 2
2 87 69 6 3
2 68 84 4 5
6 71 77 5 6
1 61 79 6 5
3 57 71 4 2
1 62 101 4 6
4 84 67 7 4
4 56 55 7 2
4 57 82 5 3
5 52 76 6 0
5 52 77 4 3
5 66 74 6 5
3 57 74 7 1
3 61 82 6 6
4 50 77 4 7
9 65 98 3 4
4 64 89 3 3
3 69 92 3 1
8 68 68 4 5
5 49 62 7 7
3 46 89 4 3
5 65 88 4 7
6 69 76 8 3
2 50 95 5 3
5 45 70 7 4
3 58 96 3 3
4 62 96 3 6
3 59 99 2 0
4 64 87 4 1
3 70 58 8 3
1 53 72 6 5
2 55 101 2 4
2 66 73 4 2
4 69 77 4 3
1 73 76 5 0
2 54 91 2 5
7 66 108 3 3
5 55 75 5 2
7 56 77 5 4
5 65 79 4 2
6 62 68 6 3
0 73 104 3 7
2 50 101 2 4
5 86 87 3 4
2 60 116 2 3
2 50 97 3 3
7 47 67 6 3
5 73 91 4 3
2 51 97 5 3
4 65 60 8 3
5 59 62 5 5
4 66 66 7 4
3 50 86 3 5
3 76 69 6 2
2 77 82 4 2
3 61 100 3 1
2 61 74 6 7
1 60 82 4 2
7 42 72 8 4
1 82 95 3 1
6 89 75 7 2
4 79 93 3 3
3 60 103 2 4
3 70 82 5 4
3 65 92 5 3
3 57 74 7 4
2 58 103 3 4
3 57 81 6 3
2 55 71 4 2
6 51 102 3 3
2 54 94 4 1
3 74 81 4 2
4 54 79 6 3
3 48 84 4 5
1 66 79 5 3
2 57 84 4 3
1 73 108 3 1
6 74 93 5 3
3 61 95 4 1
2 49 89 4 1
2 47 91 5 9
3 71 85 5 4
1 62 91 5 4
6 48 78 4 2
6 59 58 7 4
2 56 81 3 3
2 58 78 7 3
2 49 79 5 2
2 56 68 7 3
6 58 82 6 5
1 72 107 3 1
5 62 86 4 4
6 43 74 6 3
4 87 87 5 4
3 55 99 3 7
3 88 73 6 3
1 72 100 2 5
3 75 96 3 6
3 44 96 3 3
1 67 71 6 4
7 50 82 5 3
6 55 63 7 2
4 59 82 5 5
3 54 95 4 4
1 77 84 5 1
4 50 102 2 1
5 52 93 4 2
4 65 95 3 3
5 66 99 5 2
2 71 94 2 2
3 81 67 7 1
4 49 71 8 4
4 83 77 5 2
1 79 62 7 1
2 81 76 5 8
5 42 73 6 3
6 62 90 5 4
5 52 86 6 3
2 54 85 3 2
5 47 79 5 3
4 69 73 6 6
3 79 49 9 2
5 70 81 6 3
3 50 90 4 6
6 48 82 6 3
2 45 72 6 5
2 67 105 3 2
1 74 69 6 1
0 61 67 6 4
3 45 59 7 5
3 64 63 8 3
5 54 86 4 4
1 59 81 4 3
4 62 88 4 2
0 44 101 1 4
0 34 76 5 5
4 60 101 2 4
3 55 97 4 2
6 55 63 7 3
3 74 87 3 2
8 59 81 5 3
3 49 67 6 3
4 39 71 6 2
4 67 77 4 3
6 65 72 7 2
1 82 78 7 3
2 74 82 5 1
1 77 77 5 2
6 74 57 8 2
4 58 115 1 4
5 49 63 8 4
3 34 86 5 4
3 56 114 1 2
3 71 96 2 4
3 59 100 3 8
6 71 79 4 1
2 46 57 8 1
4 57 69 7 1
2 67 76 6 3
4 66 74 6 3
1 68 84 6 5
3 50 97 4 4
6 58 100 5 3
2 67 85 6 4
4 50 77 6 3
1 74 83 2 2
2 70 49 8 4
2 59 94 3 1
2 57 90 4 5
1 76 74 4 4
1 70 87 5 2
3 52 100 1 7
5 78 87 5 2
6 65 67 8 4
3 65 97 3 5
3 67 87 4 2
4 80 87 5 1
5 48 77 4 2
6 82 97 3 2
6 62 100 4 0
3 64 106 1 3
3 76 71 7 5
4 66 70 6 1
2 65 69 6 1
3 68 74 6 3
1 64 113 2 5
6 64 81 5 2
4 50 87 5 3
1 80 67 6 6
2 67 95 4 5
1 59 95 4 1
2 59 92 5 5
1 86 81 5 2
1 73 79 6 5
1 59 93 4 4
2 40 74 4 5
7 54 74 4 1
3 54 97 3 1
3 62 92 5 0
6 54 98 3 6
7 66 100 5 5
3 76 70 5 2
5 53 73 6 5
2 69 97 3 5
2 50 89 4 4
5 59 87 5 3
6 60 96 3 1
3 56 92 4 2
5 73 76 6 6
3 80 111 3 5
4 51 73 6 5
1 55 89 4 5
3 58 95 4 3
2 54 98 3 3
4 62 89 2 3
7 77 98 4 3
3 56 85 6 2
4 54 100 2 3
2 59 92 3 3
5 78 101 4 1
4 56 70 6 3
2 62 106 2 6
5 45 95 4 7
1 73 63 7 6
3 61 97 5 1
6 57 74 5 2
3 75 66 6 6
4 47 75 5 5
0 51 67 7 4
7 75 87 4 3
2 54 61 8 3
2 64 84 7 3
0 48 92 3 2
4 56 75 4 4
3 49 63 7 8
3 54 104 2 3
4 73 73 6 5
2 50 75 5 3
4 64 71 7 4
7 90 102 1 2
4 75 66 5 2
4 63 78 5 4
2 48 88 5 5
6 67 97 2 3
2 84 68 6 3
5 49 94 5 7
2 54 61 7 1
4 61 75 6 3
1 56 78 6 0
5 55 101 3 7
1 67 91 4 1
7 58 97 3 6
2 58 102 2 8
0 66 113 1 2
3 43 76 5 5
4 64 99 3 3
0 70 67 7 4
4 43 75 5 4
1 53 107 1 5
2 57 96 4 3
2 73 93 5 3
1 62 57 8 2
1 59 96 2 7
2 50 76 5 3
3 62 115 2 4
4 80 73 6 5
3 87 102 3 5
3 48 89 5 4
6 60 91 5 1
3 71 105 2 3
6 64 76 6 0
5 65 90 4 1
1 86 58 6 2
5 70 70 6 4
3 69 111 0 0
3 70 105 3 2
1 59 91 4 4
3 65 88 4 5
4 62 108 2 8
4 67 88 4 3
4 78 103 3 6
4 38 62 7 4
6 69 84 4 2
4 59 61 5 5
3 64 81 5 4
4 61 72 6 3
1 59 74 7 3
2 67 88 5 5
5 38 64 7 3
4 70 120 1 4
3 60 69 7 1
3 57 99 1 8
2 72 83 3 3
4 51 79 6 3
4 56 106 2 2
3 39 79 6 7
5 76 93 2 0
4 57 104 2 2
2 83 91 5 3
5 54 87 4 6
4 46 83 4 5
2 49 83 4 2
5 61 97 3 1
4 59 132 1 1
2 63 94 3 3
4 64 93 4 3
4 64 89 4 6
3 75 80 6 1
3 54 68 7 4
4 69 84 4 8
4 67 75 7 3
5 63 87 3 3
4 78 78 5 1
4 47 94 3 2
4 57 86 4 1
3 69 82 5 3
4 62 105 2 4
5 80 87 4 7
4 43 85 5 2
3 48 89 4 2
2 48 99 3 1
5 76 95 4 2
6 46 90 2 2
3 47 96 3 2
4 60 90 1 6
3 80 84 6 4
2 49 92 3 1
6 63 65 6 3
6 85 73 8 4
4 48 65 6 3
5 62 94 5 5
3 48 77 4 1
4 58 80 5 7
2 61 96 3 4
5 55 62 7 1
5 60 75 4 2
2 60 77 6 5
5 58 90 5 3
3 50 112 1 5
2 70 82 4 2
4 58 82 6 3
4 78 105 2 2
5 38 49 9 5
6 51 88 3 2
5 73 93 3 1
2 47 99 4 4
4 58 104 2 2
4 57 94 4 3
2 54 85 3 7
4 81 84 4 4
4 75 92 4 1
3 48 77 7 6
7 54 88 4 6
1 54 73 8 3
2 63 69 5 1
4 50 71 6 3
5 69 92 4 4
5 52 83 5 5
5 69 90 3 5
2 68 93 2 4
2 66 93 4 10
4 58 80 5 5
3 72 78 5 4
1 79 87 5 3
2 68 90 6 2
4 65 81 5 2
3 50 93 4 4
2 62 65 6 5
3 58 78 5 2
7 72 67 8 3
3 59 69 6 3
3 52 79 6 4
3 60 73 6 5
4 59 64 7 5
3 50 102 0 3
4 58 96 1 2
1 51 89 3 4
2 71 108 2 7
8 50 65 7 6
3 55 83 5 4
4 76 96 3 4
5 61 99 3 3
2 52 68 6 2
4 54 75 4 2
5 63 90 4 2
4 56 110 1 3
3 54 67 8 7
2 78 67 6 5
1 66 70 6 5
4 53 91 4 4
3 48 86 4 3
1 67 89 4 6
2 46 75 5 4
5 69 77 6 3
2 51 88 5 0
3 62 76 7 7
2 60 94 3 6
3 61 110 2 2
3 69 98 3 6
3 50 59 8 2
5 51 54 8 8
1 57 64 6 3
2 83 83 5 2
3 49 93 4 1
7 54 106 3 4
5 52 101 2 4
1 60 80 5 2
1 59 97 3 4
3 32 85 6 4
4 60 111 3 3
4 70 92 3 4
6 59 83 3 2
2 64 95 1 3
5 68 93 2 1
2 52 83 6 5
1 70 74 4 4
2 57 91 3 5
3 50 96 4 1
3 58 95 5 1
1 74 83 3 7
3 58 57 8 3
6 63 80 4 1
2 53 93 4 3
3 69 81 6 1
5 46 86 4 3
6 77 90 5 5
2 57 91 4 1
5 55 89 3 4
5 68 94 3 6
4 70 87 4 3
3 61 86 3 3
5 62 71 7 4
1 59 90 3 4
2 72 84 4 4
3 54 99 2 1
3 82 60 6 2
4 46 104 3 2
3 71 74 6 7
5 64 63 6 6
3 56 105 3 5
2 55 98 2 3
6 38 98 4 5
3 60 99 4 4
5 59 95 3 3
2 61 93 4 7
2 56 89 3 3
1 41 65 7 3
5 60 62 5 0
4 52 71 6 3
2 54 90 5 3
1 62 86 4 1
2 83 78 6 4
3 39 95 4 3
3 68 88 4 3
3 69 81 4 3
0 46 84 4 4
4 66 98 3 5
5 68 75 5 1
1 67 71 6 3
5 52 96 4 1
6 66 47 7 3
2 49 68 7 2
3 45 57 8 2
4 53 109 2 2
2 57 90 4 4
1 62 83 5 3
2 71 71 4 4
4 79 81 6 4
4 59 59 7 6
3 64 87 5 4
2 60 73 7 3
5 57 91 5 3
6 63 85 4 6
2 72 86 5 5
7 83 66 5 8
6 45 81 5 5
6 74 95 5 6
5 52 74 5 1
3 62 102 3 4
3 54 107 2 4
5 37 71 6 4
4 81 75 4 2
4 68 105 3 4
3 48 63 6 4
5 44 80 6 3
2 76 105 3 1
2 63 82 5 3
2 60 98 3 2
4 54 84 3 5
1 55 79 4 5
4 66 91 3 3
5 66 84 5 3
3 55 99 3 5
6 98 82 4 5
4 63 80 5 4
2 58 81 5 1
4 43 98 4 3
3 68 93 3 2
4 40 65 7 4
5 66 94 3 3
7 63 97 4 4
4 68 86 4 3
2 68 89 4 2
2 54 107 1 4
3 46 102 2 8
3 65 102 4 9
3 49 97 3 3
7 76 99 2 5
4 51 102 5 4
5 71 97 2 5
3 81 87 2 2
1 50 63 7 3
4 85 68 5 2
3 90 81 4 2
4 64 96 2 5
3 40 89 4 6
4 46 87 5 5
3 62 101 3 0
6 71 71 6 2
5 82 78 5 3
2 60 88 4 5
3 73 82 5 6
4 68 90 4 5
4 74 93 2 4
4 53 71 4 4
1 48 81 4 3
3 74 77 6 6
3 56 73 5 1
5 61 101 2 6
3 67 107 3 0
5 61 86 4 4
3 61 65 5 4
4 67 89 3 1
0 68 98 4 1
3 55 70 6 5
4 57 80 5 4
4 36 78 6 2
4 60 63 5 4
3 68 100 3 3
3 65 96 2 5
3 71 72 4 3
4 62 112 2 1
2 52 67 6 4
5 56 91 5 5
3 89 74 6 5
7 51 76 6 10
4 64 55 6 6
2 50 103 2 2
3 74 82 5 3
2 67 75 4 3
2 64 72 6 3
5 60 84 5 6
3 68 81 6 2
2 65 82 4 3
2 81 90 3 1
2 76 85 6 4
2 68 71 4 3
3 62 64 5 6
2 56 84 4 4
5 54 90 3 5
5 76 58 8 8
4 53 68 6 5
7 74 57 7 2
4 75 81 5 2
4 63 91 2 4
2 52 103 1 3
2 63 80 5 4
2 57 92 4 3
5 77 84 4 3
1 76 69 5 4
2 85 80 6 0
1 40 93 3 6
1 46 65 7 5
4 67 88 3 6
2 70 83 4 3
6 60 71 6 3
7 39 72 5 0
2 68 94 4 3
3 46 83 5 5
3 54 107 4 4
5 35 59 7 3
5 60 63 5 4
4 76 94 2 4
4 65 90 6 2
7 73 78 6 5
1 59 70 6 5
5 70 97 4 1
2 48 90 6 2
5 84 87 4 2
5 70 81 6 8
5 57 96 3 6
4 60 106 3 6
5 54 82 5 5
6 30 80 5 4
6 40 94 3 3
4 64 69 6 2
4 52 90 2 3
1 66 85 4 4
5 57 89 3 3
2 79 63 8 8
3 55 101 3 3
5 52 98 2 1
4 56 76 5 0
2 51 93 3 3
4 59 100 4 2
1 69 69 6 1
3 74 75 5 1
3 49 96 5 1
5 83 90 2 2
4 39 98 3 5
0 56 93 5 4
2 69 86 5 4
2 49 97 3 2
3 58 103 3 4
3 57 95 3 2
4 63 78 5 3
3 57 77 3 4
3 53 88 4 3
2 44 72 5 3
6 60 84 4 6
6 76 90 3 4
1 47 79 6 6
6 67 81 5 8
3 53 53 9 3
5 54 75 4 7
4 73 55 9 4
3 37 86 4 4
4 65 97 5 5
2 40 84 5 1
4 41 90 3 5
2 83 83 5 6
7 77 76 4 5
6 61 99 3 3
4 50 95 3 2
2 51 54 8 5
2 50 65 7 2
4 61 104 4 2
3 62 108 4 2
4 65 93 4 2
2 43 76 6 4
2 42 54 7 6
6 46 77 6 1
3 58 65 5 3
3 47 115 2 4
3 73 52 7 6
3 71 73 4 2
6 61 68 6 2
4 63 77 3 1
0 57 87 3 1
4 88 81 5 1
1 59 69 6 4
4 77 60 7 4
3 65 98 5 3
3 46 71 5 4
6 57 90 4 4
2 57 83 5 6
4 68 99 3 4
2 47 68 7 2
3 49 90 5 1
8 53 83 3 5
2 64 87 4 1
3 50 98 3 5
5 49 77 6 2
2 72 106 3 5
1 51 64 5 0
3 59 93 1 5
2 65 60 7 2
1 54 96 5 5
3 69 93 3 4
3 89 110 2 3
0 47 100 4 3
6 54 97 4 6
2 57 94 5 4
4 56 98 3 2
2 59 91 4 6
3 71 86 4 3
1 65 51 8 2
4 56 99 4 1
2 64 89 4 3
5 55 65 5 3
4 63 74 6 1
5 74 87 4 4
1 78 58 7 8
4 83 91 3 3
4 64 81 5 0
1 67 88 4 4
1 60 89 3 5
3 70 84 3 5
2 45 86 6 3
0 53 60 7 3
3 72 83 5 4
4 48 91 2 5
1 55 80 4 6
3 69 93 5 2
3 58 61 8 1
2 61 72 6 4
3 53 83 4 5
6 60 114 2 3
2 51 73 5 3
5 56 96 3 3
2 64 101 4 4
2 53 84 4 5
3 66 108 2 2
2 46 89 5 5
3 39 90 5 2
6 69 89 5 4
1 76 98 4 2
2 81 79 4 4
2 74 82 4 6
3 71 58 7 2
6 56 100 2 5
5 65 102 2 4
3 51 99 4 3
5 69 83 4 3
6 71 98 4 3
3 55 105 2 3
6 74 92 3 4
6 78 75 5 5
4 60 66 6 1
6 49 96 5 4
3 45 70 7 0
5 72 71 6 4
5 53 61 6 6
1 70 113 1 4
3 60 77 6 5
3 45 101 3 2
5 68 76 6 3
4 58 84 6 4
1 80 96 4 1
7 68 76 5 2
1 50 107 2 3
3 63 88 4 2
5 71 88 3 3
3 53 74 6 8
4 67 74 6 7
0 64 73 5 4
6 57 58 7 6
4 61 72 6 2
4 70 113 5 6
3 57 65 6 6
4 74 99 3 4
4 64 76 5 1
4 75 63 6 3
2 34 79 6 3
5 69 76 6 8
3 57 98 1 4
2 71 83 6 3
2 61 83 4 4
1 50 73 3 4
5 59 86 5 3
5 66 104 3 2
2 69 89 3 3
6 48 81 5 4
2 67 85 4 1
3 71 86 6 5
6 60 86 5 7
5 62 85 5 6
3 64 83 3 4
3 61 88 4 1
2 55 65 7 7
5 41 86 5 5
4 71 87 3 3
2 42 82 4 4
6 64 88 4 1
3 60 106 3 2
7 72 102 3 2
4 40 71 5 3
3 73 92 3 6
2 77 79 6 2
3 71 91 3 3
2 61 91 4 1
3 66 87 6 3
3 84 87 2 3
3 64 80 4 5
2 49 84 5 3
4 49 94 5 6
5 68 55 9 3
5 56 88 4 3
3 67 82 4 1
0 61 88 5 1
4 67 75 4 4
3 75 76 4 5
5 62 96 4 4
2 47 93 3 2
4 46 63 6 2
2 58 103 3 2
4 62 117 0 4
3 56 103 2 2
4 71 75 4 1
8 53 97 5 2
2 54 66 6 5
2 45 57 6 7
1 68 106 2 2
3 54 97 4 3
2 68 73 5 4
2 66 99 3 5
2 61 75 4 1
3 51 86 5 9
3 49 89 4 2
3 79 75 6 7
5 81 86 3 1
4 65 100 2 2
3 73 80 5 2
3 66 96 2 3
1 56 70 5 0
3 69 63 6 4
2 57 78 8 3
2 25 63 7 2
8 68 89 6 2
5 37 91 3 7
4 63 95 3 3
4 34 84 4 3
7 53 65 6 4
2 71 86 4 5
6 68 76 6 5
4 75 111 2 1
4 72 100 2 2
1 77 90 4 5
3 62 104 3 2
3 64 81 5 5
2 66 83 5 6
3 55 87 4 1
4 37 60 8 1
4 78 61 6 1
7 80 65 8 5
3 69 80 4 3
6 56 79 5 5
5 49 57 7 3
3 45 74 7 6
4 49 71 6 3
5 68 88 4 3
5 37 83 4 3
3 52 100 3 2
3 60 94 2 3
2 57 71 6 2
2 53 96 2 6
2 40 97 4 3
1 66 83 4 6
2 65 99 3 3
4 61 99 2 3
5 65 71 6 1
2 66 88 5 3
2 67 91 5 5
4 45 68 7 6
2 40 86 4 3
5 64 85 4 6
3 66 91 4 4
1 51 64 5 1
3 65 83 4 0
3 58 67 7 5
3 78 79 4 1
2 66 97 4 5
4 59 98 3 3
3 59 102 4 2
4 72 99 4 2
2 64 67 6 4
6 77 95 4 4
3 64 54 8 6
2 58 89 3 4
3 65 85 4 3
6 64 86 5 3
8 54 68 6 1
4 45 87 7 1
5 65 99 3 2
3 57 93 3 2
3 72 88 5 3
5 66 107 2 5
4 59 97 2 2
4 66 84 5 5
5 67 69 7 5
3 63 75 4 2
2 81 87 4 0
0 60 107 3 4
2 53 99 2 2
5 47 74 4 5
3 71 97 4 1
2 78 85 5 3
5 52 82 4 4
3 66 80 5 5
3 44 77 5 1
0 44 89 3 3
2 75 61 8 3
3 68 86 2 1
3 73 90 4 2
0 38 56 8 5
5 52 84 5 2
6 52 87 4 1
3 46 85 4 3
5 67 83 5 3
3 46 77 5 4
2 67 97 3 4
4 68 100 2 1
4 50 87 4 2
6 54 70 5 10
2 58 86 5 3
4 59 87 3 2
9 60 85 3 3
4 41 92 4 5
5 63 100 4 5
5 53 54 8 7
3 67 124 1 2
2 80 86 3 4
2 75 81 5 0
3 61 77 5 4
4 66 82 4 6
2 68 89 4 4
3 41 94 1 5
5 44 84 3 5
4 63 67 6 4
6 55 95 2 6
1 65 84 5 4
3 40 71 6 3
4 52 81 4 4
3 41 74 5 3
6 54 80 6 7
3 57 57 7 7
4 50 99 3 4
4 68 77 2 2
3 81 78 4 5
3 42 74 5 2
2 69 88 5 2
2 58 68 6 4
7 68 89 5 4
5 78 73 6 5
1 75 75 4 3
3 52 71 5 4
9 81 62 7 0
2 52 101 3 3
5 60 81 6 2
7 51 92 4 2
3 61 106 3 3
6 55 74 6 1
1 65 81 6 4
4 41 84 4 4
4 44 65 5 6
5 62 92 3 3
3 51 90 2 2
3 72 99 4 7
1 75 76 5 3
5 51 89 4 3
6 69 66 7 5
1 35 86 4 4
4 76 79 5 5
4 53 55 8 7
5 55 99 3 4
5 55 83 4 6
6 52 60 8 3
8 37 98 2 5
1 59 118 0 1
5 62 90 5 6
2 65 77 6 1
4 70 105 4 3
5 64 74 7 3
4 47 79 4 3
5 52 86 5 3
3 81 88 3 2
2 50 65 8 4
4 45 101 4 4
5 53 78 6 3
4 60 78 5 3
5 84 77 5 6
3 58 74 6 4
4 41 84 4 5
4 48 109 3 4
1 74 74 6 1
2 48 76 6 4
3 61 83 3 2
4 32 71 7 4
4 56 64 6 2
2 67 71 5 3
3 45 74 6 4
4 50 86 4 6
4 63 90 4 6
3 56 99 2 7
3 47 88 4 1
3 48 75 6 1
4 76 98 3 4
4 46 70 6 3
2 76 59 7 1
6 63 95 2 3
1 56 104 2 2
7 70 72 5 2
4 50 86 5 1
4 64 101 3 6
5 72 109 3 3
1 71 108 2 2
4 62 81 5 3
3 41 88 2 2
1 57 88 4 0
4 51 100 4 3
2 55 97 4 2
2 56 87 4 6
3 75 90 5 4
3 49 99 2 3
0 52 112 3 4
4 54 71 7 2
1 72 98 5 6
6 65 97 3 4
1 70 84 4 5
4 49 65 7 9
5 56 112 2 1
2 60 77 5 3
1 70 99 4 7
1 50 94 4 1
2 60 61 8 3
5 56 75 5 5
5 46 83 4 2
3 54 98 4 3
3 56 103 2 2
1 60 114 0 4
5 53 90 3 3
2 62 84 5 4
3 76 78 6 4
4 69 89 4 4
3 74 62 7 1
5 68 76 5 2
2 67 81 5 1
5 67 99 2 6
1 74 84 5 5
2 73 123 0 1
2 56 67 7 7
3 69 102 3 4
5 49 82 6 5
6 59 84 6 6
5 55 93 4 1
4 48 65 7 3
7 66 89 4 2
3 65 70 7 3
3 62 83 4 1
4 56 89 4 3
4 75 96 5 2
1 43 95 2 3
2 48 95 1 4
1 53 51 7 4
2 62 85 4 2
2 67 78 4 3
1 45 76 6 2
4 59 73 5 5
6 50 62 6 6
3 67 71 5 3
4 61 82 4 5
2 68 94 3 2
4 62 83 3 3
1 60 64 6 1
2 57 84 5 2
4 88 66 8 3
2 83 89 5 5
2 64 79 5 1
2 69 90 4 5
2 60 52 9 3
5 69 99 2 2
4 65 89 5 3
6 61 91 5 1
2 72 109 3 6
3 56 74 7 3
4 52 106 4 7
5 66 63 7 7
1 55 81 5 5
2 63 88 4 4
4 61 81 4 4
3 45 80 6 0
3 34 78 5 3
5 51 75 6 3
5 37 69 7 2
2 80 68 5 5
5 75 105 3 5
1 58 62 7 4
2 53 83 4 6
2 45 101 2 5
6 35 58 7 6
5 70 86 4 4
3 60 97 5 4
3 62 79 5 2
5 75 92 3 6
5 50 88 3 0
2 74 76 6 3
1 69 88 5 1
6 56 84 6 4
2 73 88 4 4
3 55 94 3 1
7 75 76 6 2
5 60 97 2 5
0 68 88 3 3
2 80 83 4 3
4 65 76 5 7
2 70 92 4 2
2 60 93 4 3
6 52 73 7 4
4 58 79 7 3
4 87 90 4 2
4 47 105 1 6
3 47 68 6 1
6 45 68 6 2
5 51 80 5 3
5 69 84 5 6
4 54 90 3 2
3 45 87 5 8
2 66 84 4 4
6 52 78 7 6
5 64 58 9 0
5 76 85 5 4
5 68 87 5 3
2 70 73 6 2
6 56 60 8 3
4 60 100 3 4
4 65 82 3 3
3 74 92 3 2
4 81 77 4 4
5 54 86 3 4
4 70 98 3 2
4 71 108 3 4
6 59 74 7 3
7 56 90 4 3
4 64 69 6 2
3 53 82 5 4
3 70 87 4 3
4 52 101 2 2
0 51 79 4 4
5 68 116 2 7
0 54 88 3 1
3 57 85 4 5
3 68 106 2 2
3 47 80 5 3
4 56 79 6 4
3 82 93 2 5
5 69 83 5 3
5 41 60 8 4
4 59 101 3 4
1 55 97 5 5
6 58 84 3 7
3 50 89 3 4
5 39 83 5 6
5 41 70 6 3
5 68 97 4 2
3 61 98 4 3
4 40 84 5 4
5 53 71 7 0
2 46 103 3 3
2 68 59 7 2
3 51 99 1 4
6 68 98 3 6
6 44 69 8 3
4 53 74 4 4
2 67 77 4 4
5 75 99 3 5
6 56 100 3 3
4 65 84 5 4
2 63 70 7 4
3 49 76 3 9
3 65 78 4 3
7 56 100 5 4
4 55 95 2 1
4 37 56 9 1
3 57 64 6 6
4 65 77 4 1
3 35 83 5 4
3 68 103 4 1
3 63 91 3 3
6 50 55 9 3
4 92 77 6 7
2 62 100 3 4
4 48 80 6 1
0 63 110 4 3
3 70 70 8 3
3 74 108 4 3
4 75 86 6 0
3 45 98 4 3
6 53 75 6 1
4 69 95 4 3
3 61 70 2 7
2 64 77 6 4
2 46 92 4 4
2 56 96 3 0
5 59 65 7 5
2 71 83 5 2
2 63 86 2 1
3 78 80 4 4
0 80 75 5 6
5 42 77 6 6
2 50 83 5 3
3 54 100 3 1
5 68 107 2 3
3 62 86 5 4
8 54 71 4 1
3 57 82 5 4
4 74 94 4 7
2 72 102 1 1
4 62 82 6 5
7 63 77 5 0
4 48 84 5 6
3 67 92 4 3
1 64 108 2 3
4 62 106 3 2
3 64 89 4 0
3 59 102 1 6
4 79 93 3 3
5 69 67 5 2
4 65 83 5 3
4 66 79 3 2
1 45 94 4 5
1 69 87 2 3
3 52 94 4 4
6 53 98 3 7
3 74 84 3 3
2 62 92 3 0
5 63 98 2 2
5 46 100 3 2
3 59 81 3 1
2 53 99 3 5
2 35 97 3 7
5 64 95 4 4
3 66 93 4 4
0 46 91 3 3
3 57 62 8 3
4 67 93 5 2
2 49 72 6 1
1 76 83 5 6
5 77 109 2 3
6 64 96 3 3
3 81 97 4 3
3 31 71 5 3
2 63 90 5 4
4 57 72 6 6
3 77 71 5 6
5 58 77 4 2
3 52 92 5 5
3 58 83 5 0
2 52 85 5 3
4 61 91 5 4
1 53 101 2 3
3 63 67 6 3
2 57 74 6 2
5 61 73 6 3
2 60 74 7 1
8 69 80 6 2
1 59 100 3 5
2 67 75 5 6
0 66 90 3 1
2 66 70 6 6
2 58 96 4 3
3 59 92 3 2
4 63 90 3 0
4 69 104 2 3
3 67 87 3 4
5 67 75 5 5
7 65 76 5 0
2 72 74 6 2
6 45 64 5 3
2 61 96 4 7
5 69 88 4 2
6 59 80 4 5
3 65 78 6 4
4 65 78 5 2
2 71 85 6 5
3 64 97 4 6
4 57 83 3 4
1 47 95 5 2
2 50 72 5 4
4 49 92 4 4
3 67 83 5 4
5 47 74 4 3
5 48 97 3 3
2 43 76 5 2
4 71 79 6 1
2 59 66 7 1
1 48 65 6 4
6 58 97 2 4
4 74 83 7 6
6 60 93 4 4
4 62 85 6 4
5 65 79 4 3
1 55 114 2 5
5 61 89 4 6
6 77 96 4 7
2 76 91 4 4
3 65 101 2 2
2 50 102 3 3
1 38 89 6 2
1 38 81 4 1
2 62 89 3 5
5 72 87 3 5
3 68 110 2 5
5 45 87 4 3
1 66 87 5 2
9 57 91 4 2
4 55 82 4 3
4 65 97 3 2
2 65 102 1 3
4 63 87 3 3
6 66 91 4 3
5 51 76 5 4
5 44 74 7 6
4 57 79 5 2
5 86 91 4 3
3 45 95 4 4
5 71 94 3 5
1 68 88 4 6
3 50 79 4 4
4 53 73 6 4
5 56 110 2 7
4 68 90 4 4
6 45 85 4 4
1 68 83 4 4
4 82 98 3 4
7 86 75 8 2
4 66 72 6 1
1 67 72 7 5
4 52 84 4 3
1 64 91 4 5
5 71 80 5 2
5 63 68 7 1
5 74 92 3 3
1 57 101 4 1
2 64 98 4 2
0 73 73 4 2
3 63 96 4 3
4 75 95 4 4
5 64 96 4 5
4 62 93 5 3
4 70 82 4 3
2 46 87 4 3
3 76 86 4 4
5 58 73 5 5
4 68 84 5 3
3 64 110 3 4
0 86 89 4 7
7 70 100 3 2
7 55 67 6 0
5 32 59 8 4
4 59 52 9 1
6 67 90 4 2
2 44 82 4 4
2 65 63 5 3
3 47 109 1 4
3 43 85 5 3
7 70 105 1 4
4 52 71 6 2
4 50 94 5 5
1 71 80 5 4
4 66 102 2 3
3 53 77 6 5
5 61 68 6 2
5 47 80 4 2
4 89 97 3 5
3 55 93 4 5
1 72 83 4 2
6 58 86 5 4
4 55 70 7 3
4 68 78 6 4
6 46 93 4 5
3 54 86 5 4
4 66 87 5 2
4 65 86 4 3
3 36 66 5 1
0 49 114 1 3
5 45 81 5 6
4 44 105 1 4
2 54 85 5 4
1 66 71 6 3
2 37 87 5 3
2 45 77 4 3
3 65 89 5 3
4 72 56 7 3
6 57 107 1 5
4 72 104 1 2
2 65 87 4 0
5 66 80 4 3
3 74 99 4 5
5 76 62 7 4
1 75 101 3 4
3 58 94 4 2
3 68 92 4 4
8 59 103 3 3
4 72 69 6 6
9 64 88 3 3
2 55 72 5 2
2 63 82 4 1
5 67 80 6 4
5 47 71 5 3
2 59 87 5 7
6 63 88 3 5
2 62 96 2 4
1 38 112 2 2
2 47 92 2 4
5 61 77 5 3
3 58 80 5 2
2 59 81 3 2
6 78 79 5 2
5 49 81 5 2
3 66 72 6 3
3 39 94 2 0
2 68 113 1 5
3 51 90 3 1
6 54 92 5 2
1 68 104 4 6
1 67 89 4 3
3 67 93 3 5
3 58 99 3 4
4 55 81 5 2
6 77 103 2 3
2 54 93 4 5
5 70 80 5 2
2 50 88 3 3
5 64 92 3 3
0 67 107 3 4
2 60 80 6 1
5 58 96 4 6
6 80 91 3 6
7 63 94 3 6
4 36 70 5 8
4 76 87 5 7
8 73 93 4 3
4 69 91 4 2
4 40 66 8 4
7 74 85 5 2
2 68 97 3 1
4 37 65 8 3
6 64 103 2 5
1 68 99 4 4
4 43 67 7 5
1 56 60 8 3
3 75 98 3 4
5 58 93 4 6
2 65 97 2 8
4 52 89 6 4
6 78 108 2 0
1 35 82 3 4
5 69 91 4 2
2 80 89 4 2
5 53 86 4 4
2 80 68 6 2
2 72 80 5 6
3 62 76 4 2
2 59 92 3 3
4 49 72 6 1
0 51 88 4 6
4 55 73 8 1
6 62 90 4 3
2 75 59 8 7
4 75 64 9 4
3 64 85 4 3
4 78 94 4 2
5 77 95 4 4
2 53 74 6 1
3 71 86 6 2
6 70 84 4 5
2 68 90 4 4
2 76 71 6 3
4 45 102 2 2
6 40 90 3 3
2 55 104 3 0
5 58 87 5 2
5 72 77 5 2
7 47 100 3 5
2 71 94 3 1
3 64 78 4 3
1 38 88 3 2
2 78 54 7 2
3 67 105 3 4
3 61 81 6 0
2 68 85 5 0
2 35 67 5 6
2 73 77 6 5
6 54 88 4 2
3 72 98 4 3
4 52 78 5 4
3 69 94 5 2
5 68 89 3 4
4 75 79 5 3
2 72 76 5 1
1 45 81 4 1
5 66 80 4 3
4 78 88 3 2
2 60 77 4 1
1 69 96 3 1
3 59 117 1 2
3 71 77 7 3
5 62 87 4 3
6 60 84 4 2
5 76 90 5 7
1 63 69 6 1
3 77 87 4 3
3 93 86 3 8
4 50 69 6 5
2 69 90 5 3
3 78 114 2 6
3 56 102 1 6
2 51 83 5 2
1 69 72 5 2
5 49 77 4 5
4 68 82 4 3
1 73 89 3 4
2 75 82 4 4
3 66 98 5 4
2 43 82 5 4
3 57 74 5 3
4 67 99 3 2
2 46 90 4 4
5 58 94 4 6
3 65 99 3 4
6 70 67 4 1
3 69 95 3 0
3 52 86 5 1
4 73 67 7 1
3 71 74 4 2
3 61 86 3 5
5 66 91 2 6
1 61 80 4 4
4 46 62 6 3
4 51 107 4 4
4 86 94 4 5
4 64 86 5 3
3 96 90 3 1
2 72 78 5 5
2 56 83 3 1
6 56 97 4 2
0 86 89 5 4
3 74 107 2 0
2 54 110 2 4
5 63 80 5 2
4 42 80 6 3
7 42 88 5 5
3 54 76 5 4
1 49 82 4 2
2 52 94 4 5
1 66 98 3 3
4 79 104 3 3
4 61 104 2 5
3 69 103 4 3
3 37 85 4 5
1 83 74 5 5
3 45 74 6 2
4 63 94 4 1
1 57 70 6 4
6 78 86 2 4
5 71 82 5 7
1 72 64 7 5
5 68 78 5 2
3 51 74 5 6
1 75 100 2 4
2 54 93 4 1
6 60 83 5 5
6 63 103 2 5
5 78 76 7 2
3 62 67 6 3
5 49 92 4 2
1 73 90 3 2
4 54 96 3 6
5 64 89 5 3
3 65 76 5 8
5 46 81 5 2
0 66 83 4 5
5 51 69 6 4
3 45 95 2 2
4 78 95 2 6
3 70 90 5 1
6 55 73 6 0
5 64 99 1 2
4 80 107 3 1
6 45 87 3 8
1 76 76 7 4
2 58 95 4 4
2 48 105 1 2
4 51 82 5 3
3 74 59 7 5
5 71 57 7 6
2 54 79 6 5
3 61 78 6 7
2 44 99 3 5
5 58 90 2 1
5 69 104 4 4
6 63 113 1 4
2 66 85 5 5
2 66 80 5 3
3 64 77 5 1
1 66 102 3 5
2 50 100 3 3
4 73 85 4 3
5 49 99 2 7
4 48 87 4 3
3 74 81 4 4
5 70 85 5 1
3 66 92 5 1
2 68 80 4 1
3 47 75 4 4
4 71 100 2 4
3 50 106 2 3
6 55 67 8 4
1 87 99 4 4
5 71 101 2 4
5 57 87 4 4
3 58 95 3 3
3 67 85 4 6
2 59 95 4 5
4 58 83 4 3
3 74 74 4 5
2 96 76 6 1
2 77 67 8 5
5 65 59 6 3
6 72 87 3 3
1 67 85 5 3
6 44 75 7 5
0 46 84 3 5
3 63 82 3 3
8 71 92 2 1
2 56 68 8 2
4 56 94 3 2
6 61 77 5 1
6 31 75 6 0
4 60 79 5 2
1 56 82 6 3
3 64 65 5 3
5 50 87 5 3
8 77 70 7 5
4 70 92 4 5
3 74 84 5 2
6 73 86 3 1
3 57 66 5 3
1 67 93 4 1
3 49 78 4 1
2 69 105 3 2
1 39 61 7 2
3 77 64 6 4
3 56 98 3 6
4 49 76 5 2
1 71 93 3 4
4 67 97 4 7
3 50 76 6 3
2 61 72 5 3
3 74 86 4 3
5 52 92 2 1
4 47 63 7 2
4 63 94 3 3
4 43 57 9 5
3 87 73 6 5
4 63 72 7 6
4 67 93 3 2
8 42 80 6 1
5 64 64 6 2
3 60 92 3 5
1 73 63 9 3
4 50 70 8 3
4 66 100 2 2
2 61 90 3 3
2 65 80 4 3
6 58 83 5 3
2 65 84 3 1
3 62 89 4 2
6 56 96 2 3
6 62 72 6 6
4 52 102 3 4
4 51 68 7 7
4 63 102 3 3
4 49 104 4 3
3 77 52 8 3
3 60 91 4 1
2 52 93 4 4
5 38 92 4 4
7 71 79 6 4
3 58 106 3 1
2 59 112 2 4
1 68 89 4 3
6 77 74 6 7
3 55 86 4 5
2 64 67 7 2
2 53 87 4 3
3 69 87 4 1
1 52 93 3 4
6 51 100 3 3
4 78 98 3 6
2 60 76 7 3
4 64 85 4 1
2 60 77 5 5
3 64 78 4 1
3 69 73 6 2
3 61 68 6 1
3 52 74 5 1
2 36 88 6 3
3 65 81 4 3
8 35 91 4 4
3 64 88 4 4
2 65 91 5 3
3 59 91 5 0
2 78 83 5 3
4 67 87 4 4
5 79 90 2 3
1 39 80 4 2
4 52 72 7 4
3 66 90 3 6
2 44 78 4 2
0 39 82 5 3
0 58 90 3 1
6 68 103 3 5
3 42 56 7 2
3 60 83 5 2
3 65 95 3 4
4 71 93 3 4
7 58 90 4 2
4 69 92 5 3
3 88 80 6 6
5 68 91 3 3
4 41 81 6 1
3 63 92 3 3
3 75 89 3 2
8 32 73 4 4
5 67 87 5 3
4 86 84 5 4
2 82 90 4 1
3 44 58 9 3
2 56 90 3 3
2 49 97 2 4
3 65 86 5 2
2 45 85 5 0
3 62 67 7 5
2 55 80 7 2
4 55 93 3 9
2 50 78 5 3
2 53 82 4 4
5 50 69 5 3
3 47 71 6 1
5 65 90 3 3
4 57 87 3 3
4 53 83 5 1
2 36 92 4 3
7 57 106 2 2
4 65 117 2 2
1 71 93 4 4
4 61 68 6 4
1 68 87 6 5
3 52 82 4 4
2 64 86 3 2
3 63 101 4 6
3 42 80 7 3
1 64 97 3 4
6 51 80 5 1
4 61 81 6 3
5 57 86 2 2
3 57 85 5 2
4 77 78 5 4
4 57 64 7 5
2 55 63 7 9
3 69 96 3 4
5 49 104 4 1
6 68 103 2 8
2 45 79 6 7
4 59 123 0 7
5 52 85 4 1
1 77 88 3 2
3 77 75 6 1
2 66 77 6 7
4 65 70 7 5
6 59 73 6 3
5 40 69 6 6
3 58 75 6 1
3 69 95 4 6
5 43 71 7 3
4 43 82 2 4
5 63 88 4 2
6 65 89 5 5
2 73 84 6 6
4 50 92 5 3
5 70 83 5 3
4 37 92 5 2
2 92 90 4 3
4 68 90 3 4
6 62 70 6 1
5 52 111 2 2
6 65 85 4 6
6 58 109 0 6
5 66 91 5 2
2 46 94 3 2
3 70 92 2 4
6 85 74 6 5
5 60 96 3 3
6 66 92 4 6
4 52 78 4 2
4 47 80 6 5
4 64 73 6 4
5 44 73 7 7
6 70 71 4 4
6 52 77 5 1
4 51 87 3 5
4 77 103 3 8
4 56 83 5 6
4 43 64 7 0
2 52 58 7 2
5 48 80 6 2
5 74 88 5 2
3 65 83 4 5
2 38 51 8 8
3 80 48 8 5
2 53 74 4 4
4 59 78 5 6
3 50 85 5 7
5 72 84 5 5
1 82 77 3 3
7 65 79 3 1
4 50 79 5 4
1 61 67 5 5
3 57 82 4 1
4 52 84 6 4
3 65 97 3 5
2 56 84 4 5
3 51 86 5 4
7 57 107 1 4
1 63 106 3 7
3 71 83 6 3
2 40 76 6 1
2 59 55 8 7
5 66 100 2 1
4 74 93 3 1
4 63 80 5 4
2 53 78 5 5
2 56 57 6 3
2 65 81 5 4
5 59 91 5 5
6 73 97 2 2
2 67 107 2 3
3 71 69 6 3
5 55 71 7 4
6 54 81 4 4
2 60 88 3 4
3 74 82 5 2
2 58 112 3 4
3 47 103 2 3
0 52 95 4 2
1 74 60 8 1
3 74 88 3 3
2 77 82 6 1
3 35 82 5 2
1 77 78 6 2
4 52 75 5 3
2 85 95 3 2
3 39 104 4 4
2 49 94 5 5
2 61 86 4 2
4 85 52 8 6
2 76 82 5 2
3 69 76 6 2
2 70 97 4 4
4 62 86 5 0
3 42 86 6 4
5 57 86 5 5
4 57 82 5 2
3 43 88 4 4
3 45 61 9 1
4 51 73 4 3
3 58 92 4 0
2 60 84 3 3
8 69 64 8 6
5 56 76 4 2
2 52 94 3 7
0 71 61 7 3
4 76 83 4 4
5 68 57 7 3
3 68 74 6 7
2 72 99 3 3
3 77 83 5 4
5 51 100 2 5
2 75 73 6 2
3 86 90 5 5
3 71 83 6 4
4 79 98 4 1
3 76 82 5 3
4 61 96 3 3
4 68 73 5 5
6 56 67 7 2
3 72 117 2 2
3 56 76 4 4
5 76 95 5 2
4 43 76 5 3
2 72 82 4 2
7 63 80 4 3
4 68 115 2 2
4 48 68 6 2
4 49 76 5 2
2 83 77 5 6
3 49 89 6 3
5 52 102 4 4
3 63 99 5 1
5 57 70 7 3
4 44 80 6 2
6 51 70 7 3
4 54 91 2 3
2 54 89 3 2
2 58 94 3 2
3 53 106 2 5
6 63 56 9 5
6 64 90 5 2
6 41 86 3 4
2 50 96 2 5
3 51 113 2 4
3 65 64 7 3
3 79 74 5 2
1 85 94 4 2
3 64 82 4 2
4 66 71 7 3
6 77 79 3 5
5 64 108 3 4
1 61 76 6 3
3 69 112 2 6
3 63 83 4 4
4 77 84 3 4
2 63 58 8 6
5 78 92 4 3
1 68 60 7 2
7 46 70 7 4
6 71 71 6 1
5 90 90 6 5
9 59 82 4 3
4 65 90 4 3
4 61 70 7 5
3 56 80 5 5
4 69 94 3 4
1 62 63 9 1
2 88 96 3 3
2 36 75 6 5
4 56 93 2 2
1 49 71 5 3
4 59 87 4 3
6 42 83 4 4
4 57 96 2 5
3 74 91 3 6
2 40 67 6 5
2 67 67 7 4
6 71 86 5 3
2 41 68 7 5
3 77 90 4 6
7 70 95 3 4
4 49 79 6 1
5 65 87 3 6
5 60 99 4 2
4 62 109 1 3
3 72 87 5 7
3 66 104 3 5
4 74 79 4 4
3 53 90 3 4
4 81 83 4 5
6 61 87 6 4
4 52 69 7 6
5 60 76 6 4
1 64 81 5 3
5 46 84 6 5
3 58 90 3 4
2 54 61 7 3
4 68 64 7 4
3 71 95 4 4
7 71 100 2 8
1 59 99 3 4
4 65 93 4 4
6 52 103 3 2
3 51 63 7 6
2 56 66 6 4
1 63 107 1 7
4 65 75 5 3
7 82 99 3 2
3 57 72 5 8
4 30 65 8 3
2 44 87 4 7
4 70 83 7 7
2 60 108 2 1
4 74 80 4 2
3 50 73 6 4
0 71 100 4 3
3 57 68 6 0
1 50 84 5 2
3 85 80 3 5
2 51 95 4 1
4 64 94 3 1
2 41 65 4 3
4 89 97 2 4
2 71 93 6 2
2 60 109 2 1
5 44 67 7 3
4 73 101 4 2
3 78 81 6 4
2 71 75 7 1
2 65 70 5 2
2 53 108 1 2
3 58 102 4 5
0 74 102 3 2
7 52 95 4 4
4 49 82 5 3
3 78 52 7 1
2 66 102 2 3
6 51 93 2 3
3 54 92 5 3
1 61 102 2 1
1 76 94 5 4
6 58 102 2 5
4 56 101 0 7
3 50 70 7 6
3 79 69 7 1
5 59 87 4 4
3 59 84 5 3
2 70 73 6 2
3 62 83 5 6
2 54 89 4 4
3 64 103 3 1
3 66 94 5 5
3 66 76 7 4
1 34 96 2 2
1 61 82 4 3
4 74 94 2 1
4 68 78 5 7
3 48 83 5 1
3 67 92 4 4
1 66 98 3 3
3 38 101 3 7
3 91 40 11 5
3 66 84 3 4
2 55 78 5 3
1 55 76 6 6
3 52 78 5 3
2 71 96 5 1
1 65 83 4 3
6 53 87 5 7
5 46 102 3 3
2 56 110 1 6
3 58 69 6 2
1 53 95 2 7
4 59 72 6 5
3 57 99 3 3
2 58 86 5 4
3 59 70 5 2
3 53 83 5 5
3 40 66 7 2
3 71 104 3 3
6 68 98 4 1
1 40 67 7 5
3 44 93 3 2
6 65 55 8 4
3 45 63 6 3
2 50 78 6 1
3 64 80 7 3
5 48 100 3 4
3 50 96 2 2
4 36 89 4 2
3 46 75 6 1
5 65 92 6 6
4 60 93 4 4
5 42 81 4 1
3 37 62 8 3
4 72 74 6 4
4 74 82 6 2
2 58 84 6 1
4 55 97 3 1
2 67 90 5 2
6 77 78 5 3
3 52 81 3 3
3 66 85 4 5
4 56 80 5 4
3 49 98 2 1
4 65 114 2 2
3 54 69 6 6
4 68 86 5 5
5 41 76 5 4
5 67 93 4 2
5 63 53 8 4
4 69 103 3 6
2 67 88 4 5
2 78 73 7 1
5 61 71 3 5
4 74 39 8 4
1 60 90 4 1
4 56 83 4 2
4 59 69 6 1
3 61 94 2 3
4 49 101 5 4
4 69 101 1 5
1 53 100 4 6
2 67 98 2 2
4 37 68 7 8
2 65 74 6 4
5 64 80 5 1
3 56 111 3 4
4 81 92 4 4
6 56 97 2 2
4 56 91 3 1
5 69 81 6 2
3 62 97 3 6
2 50 118 1 3
3 50 94 2 1
1 65 65 7 3
1 42 82 5 4
4 53 84 3 4
2 65 66 5 4
2 83 67 6 4
0 59 81 5 5
4 49 61 7 3
5 78 65 6 3
4 74 88 4 3
4 34 79 6 5
6 62 77 5 4
1 47 90 3 2
3 66 96 3 6
4 57 44 9 3
5 68 82 4 2
2 84 86 4 2
3 57 94 5 7
7 46 80 4 6
2 50 86 4 3
1 50 88 3 0
3 63 75 4 2
3 66 97 4 5
3 56 113 1 3
0 58 80 4 2
1 71 84 4 2
4 48 97 3 4
1 49 75 5 3
3 58 91 4 3
2 62 95 2 0
0 81 93 3 4
1 45 99 3 2
4 66 111 3 0
4 64 90 3 4
6 60 91 5 5
2 65 114 2 3
4 71 89 5 4
6 65 97 4 3
3 58 81 6 3
2 59 72 5 5
4 63 86 4 2
3 72 71 5 4
4 50 88 5 5
5 58 82 6 2
2 65 90 4 4
1 51 69 5 3
4 74 99 4 2
3 62 80 6 3
6 61 94 3 5
4 69 100 3 4
5 58 74 6 3
7 71 85 5 2
3 67 70 7 9
3 78 71 4 1
1 59 94 4 3
5 57 85 3 0
1 57 83 4 4
2 62 88 4 6
2 76 112 3 1
3 62 93 5 2
4 57 104 3 4
6 67 95 3 1
0 69 108 3 1
4 37 55 8 2
2 75 68 6 4
4 51 84 4 2
1 65 88 4 1
7 67 74 7 9
3 67 80 5 2
4 66 99 4 5
3 58 82 6 4
7 54 93 3 7
4 67 95 4 3
3 74 96 4 2
3 51 99 3 4
3 76 82 4 3
2 58 81 6 4
5 71 108 2 5
5 73 78 6 1
3 61 93 4 3
2 47 86 4 2
2 54 106 3 4
5 70 78 6 2
5 67 86 6 0
5 49 73 5 4
7 57 111 4 5
1 67 80 4 2
2 61 68 5 5
3 60 94 4 3
4 64 102 3 2
3 73 110 2 6
4 63 86 5 6
1 46 87 4 4
1 45 89 3 2
5 52 80 7 4
3 59 87 3 4
4 44 98 3 4
1 60 113 2 3
4 76 77 6 2
8 65 115 2 5
3 75 105 4 4
3 68 80 4 1
5 54 89 5 6
2 87 99 2 3
3 41 84 5 4
5 42 57 6 4
5 59 102 4 1
4 50 67 5 2
4 56 88 3 2
3 75 68 7 4
2 70 78 4 3
2 61 78 4 2
4 78 77 5 6
2 72 106 4 5
1 60 70 6 3
5 52 55 8 3
5 69 74 6 4
1 74 87 3 5
2 46 70 6 1
1 70 89 4 5
5 56 90 1 3
3 46 77 4 5
3 68 82 4 3
3 38 93 4 1
3 65 85 4 2
3 54 83 4 2
2 47 102 2 1
3 58 80 6 3
3 47 70 6 1
3 77 52 9 1
3 66 63 7 4
4 59 76 4 3
3 63 48 9 3
1 52 93 4 3
9 73 81 4 2
2 75 80 5 7
5 59 88 5 3
4 62 90 3 3
1 66 100 2 4
3 70 114 0 4
4 67 98 4 3
3 64 94 3 3
4 49 88 4 2
4 59 68 7 4
2 49 82 4 5
4 77 72 7 6
5 40 78 5 4
3 51 91 4 7
2 48 88 3 3
3 64 90 4 6
6 54 85 5 3
3 60 101 2 7
1 59 69 6 3
1 60 89 6 3
6 76 79 6 2
5 72 85 7 2
4 59 89 4 4
4 71 78 5 4
3 68 87 4 4
5 64 65 7 2
3 39 63 8 3
7 54 80 4 3
5 65 111 2 6
2 72 101 3 5
3 61 62 6 4
2 70 98 3 3
2 68 76 3 5
4 50 63 7 2
2 60 91 5 4
4 77 97 3 2
2 57 82 3 5
2 49 69 8 1
1 95 80 5 2
2 84 95 2 1
6 74 97 4 5
4 48 95 4 3
3 52 79 5 4
4 72 102 3 1
1 78 90 3 0
4 88 100 3 1
4 61 75 7 6
2 80 92 2 0
3 60 76 6 0
5 76 86 4 7
7 44 90 4 4
3 58 74 7 3
3 62 93 4 3
1 68 87 3 6
3 61 104 2 3
2 40 86 5 4
4 65 93 3 4
4 42 83 5 3
2 55 96 4 3
7 30 70 5 4
3 52 91 5 4
3 62 99 3 5
5 57 95 3 4
4 57 92 5 3
5 57 92 5 2
2 44 101 3 2
2 66 105 1 8
1 50 94 3 3
2 65 87 4 8
7 56 73 6 2
1 80 70 8 3
6 71 84 4 3
4 58 65 5 3
1 73 89 4 3
6 43 85 4 4
4 70 93 4 2
2 43 77 5 2
4 63 79 5 5
4 66 99 2 2
2 45 92 5 2
3 82 95 5 1
2 68 97 3 3
4 68 72 6 3
6 37 72 6 4
3 63 86 4 5
1 68 102 3 4
6 66 89 4 4
2 64 87 6 3
6 58 67 7 5
3 46 85 4 4
8 50 63 7 2
6 58 98 3 1
3 61 91 2 2
3 56 80 5 2
2 54 92 5 2
3 57 85 5 7
5 49 104 3 4
3 55 101 4 2
4 64 78 3 6
2 57 71 6 2
0 46 75 7 5
0 63 94 3 2
2 43 69 8 5
4 43 71 7 5
4 84 86 4 4
4 72 49 10 1
4 63 78 5 6
6 62 101 3 3
2 68 84 3 3
6 59 64 7 6
5 46 98 4 4
4 39 71 6 4
3 60 86 6 3
1 58 97 3 3
2 42 80 5 1
4 64 95 5 0
2 68 77 6 3
3 44 84 4 3
5 52 92 4 5
2 65 101 1 4
5 87 92 3 5
2 51 103 3 1
4 68 90 5 2
2 52 96 3 4
1 80 74 5 4
3 59 57 7 2
4 58 88 5 5
2 59 89 5 4
5 77 90 5 1
4 64 97 3 4
4 40 48 9 1
4 60 106 3 0
3 68 114 3 2
4 33 70 8 8
7 67 88 4 4
2 94 74 7 3
6 82 70 7 2
3 59 88 6 3
4 49 97 4 2
4 60 97 4 4
3 64 97 3 1
2 70 96 2 1
6 36 99 2 2
4 51 91 3 5
7 59 124 1 2
2 78 94 3 4
7 52 100 4 4
6 46 100 3 4
1 58 70 4 4
4 38 83 7 3
2 73 92 3 9
5 63 76 7 3
3 78 97 3 3
4 57 72 7 3
4 52 93 3 2
4 55 94 3 2
2 72 64 7 3
3 56 94 3 3
1 68 90 4 4
11 68 94 2 5
3 67 102 2 6
2 55 92 3 5
3 58 107 3 4
6 51 88 3 2
3 54 80 5 4
2 35 82 7 2
2 50 79 6 2
4 45 83 5 2
2 68 102 1 6
5 37 89 3 4
4 40 85 3 2
7 47 78 6 2
2 61 98 4 2
9 61 86 2 5
2 49 81 7 6
2 66 87 5 3
3 76 81 5 2
4 58 91 3 2
6 39 66 8 6
2 60 93 3 3
2 68 88 4 6
4 46 75 5 3
3 57 105 3 2
3 78 77 5 2
4 60 75 5 2
2 87 91 4 4
4 78 93 3 1
4 78 104 4 5
5 56 81 5 2
3 54 94 4 3
4 70 82 4 3
6 60 74 5 6
4 54 91 3 6
3 78 104 3 1
5 92 64 7 3
3 63 86 3 3
7 77 90 1 4
5 62 85 4 3
3 56 85 5 5
3 85 85 5 4
6 39 91 3 4
2 70 103 2 6
4 71 98 3 4
3 63 72 6 3
2 54 76 6 4
3 56 91 2 2
4 74 83 3 4
5 49 92 3 6
3 64 90 3 3
4 74 75 5 4
3 59 96 4 2
6 78 86 4 4
3 76 107 0 3
5 61 97 4 3
5 46 103 2 5
2 50 72 5 4
4 55 85 5 6
5 70 53 7 3
3 60 72 7 5
3 59 72 6 5
2 60 72 5 1
2 87 80 6 4
6 52 101 3 5
4 51 85 4 2
4 61 92 4 4
4 63 101 2 2
1 52 92 4 6
2 41 82 3 9
0 58 75 5 5
3 71 104 3 5
2 56 117 1 2
2 79 84 5 2
4 63 90 4 6
6 47 80 6 2
5 53 89 4 3
6 81 82 5 2
4 42 76 6 1
4 65 67 8 3
1 58 83 5 2
3 62 45 9 3
1 60 96 3 2
5 70 108 2 4
2 54 79 6 8
4 61 88 4 7
5 84 87 3 3
4 37 90 5 2
4 42 96 3 7
2 64 74 7 6
1 72 107 3 3
7 65 101 3 2
1 48 83 6 5
5 57 84 6 3
3 60 85 4 1
4 75 78 5 3
3 82 72 6 4
2 76 79 6 6
4 76 100 2 6
2 51 78 5 1
5 67 79 5 5
4 65 100 3 3
4 66 76 6 4
5 67 104 2 4
2 70 82 5 5
4 62 93 5 2
4 83 71 7 1
2 37 72 6 3
5 72 78 4 3
4 60 92 4 6
2 62 81 5 3
3 71 105 4 3
3 90 85 2 3
3 66 85 5 3
1 60 110 3 2
2 69 71 7 1
3 68 77 5 4
2 65 97 3 5
2 64 92 4 1
2 62 84 3 5
6 49 75 7 4
5 69 85 5 3
3 62 66 5 2
3 51 76 4 2
6 67 89 4 2
3 43 79 4 3
6 77 83 6 3
3 69 84 3 3
4 68 105 2 7
3 57 102 2 6
5 45 84 3 3
5 56 93 3 3
2 56 71 6 2
3 73 89 5 6
5 73 91 3 5
3 64 90 3 2
2 78 92 3 0
4 54 102 3 5
8 50 65 7 3
5 59 71 6 2
4 60 102 4 3
3 58 95 4 4
4 59 95 3 4
0 56 100 4 1
2 60 88 5 1
7 72 84 4 3
5 50 67 8 3
3 58 111 3 1
5 62 73 5 8
3 66 89 3 5
1 55 89 5 5
3 73 78 4 6
1 66 74 6 3
5 52 84 5 4
4 50 80 4 5
4 53 107 2 1
5 75 73 7 3
5 61 88 4 4
5 58 101 4 6
3 51 89 4 3
3 74 86 4 2
2 77 70 6 6
2 46 81 6 4
3 58 105 3 6
4 64 50 9 6
8 51 95 3 6
4 63 81 4 8
2 45 88 5 4
7 80 59 4 3
4 45 54 7 4
5 82 60 7 1
4 74 95 2 5
3 70 102 3 0
6 72 97 1 6
4 63 103 3 5
4 57 99 4 4
3 66 54 9 6
5 71 72 5 2
2 44 64 6 2
5 71 94 4 4
2 68 76 4 0
3 62 89 5 6
6 60 74 7 7
8 80 97 3 3
4 54 85 4 1
6 59 109 2 3
2 88 72 6 2
4 54 88 3 4
4 61 83 6 2
4 58 69 6 2
3 83 96 4 8
11 46 112 1 2
3 79 83 4 2
4 54 81 6 3
2 55 81 4 2
4 60 91 4 2
2 77 77 6 3
7 68 70 7 5
3 39 80 5 4
2 65 96 3 1
6 71 104 4 3
3 59 97 3 2
3 78 75 7 2
1 51 85 5 1
3 70 79 3 4
4 65 75 3 5
2 60 73 5 3
2 85 106 1 4
3 61 88 5 5
2 63 91 4 3
2 77 54 9 2
3 68 75 7 4
2 61 74 5 4
3 88 95 3 5
3 61 92 2 6
4 68 101 4 5
2 81 88 4 3
5 63 106 2 7
2 75 93 2 2
5 58 89 2 6
1 59 88 4 3
1 56 108 1 6
4 50 87 6 4
1 36 73 7 4
1 43 89 3 4
3 50 82 6 3
4 53 85 4 2
5 40 59 4 3
2 58 73 7 4
3 32 75 4 2
4 70 93 3 3
2 52 99 3 3
3 72 95 3 6
1 65 98 2 0
7 71 89 3 4
2 64 95 4 3
2 67 85 3 5
3 70 99 3 3
2 42 68 7 6
2 38 86 4 2
2 81 93 4 2
7 54 94 3 6
2 69 70 9 2
4 79 85 4 0
5 52 98 3 5
6 55 69 5 1
2 61 95 3 5
4 52 83 6 3
1 74 95 2 6
7 58 101 2 2
2 26 61 6 4
7 62 101 1 4
3 64 96 3 3
2 46 99 4 2
3 53 85 4 5
1 56 95 4 3
1 67 87 3 0
1 62 84 4 2
4 42 72 5 3
3 66 87 4 5
3 58 88 3 4
4 72 89 4 4
3 53 97 3 1
6 58 87 3 2
6 46 80 4 3
4 74 87 3 3
1 65 69 7 3
2 75 81 5 2
4 38 79 4 0
1 66 110 3 4
3 61 46 9 1
4 80 100 3 5
3 47 87 4 4
6 50 65 5 4
2 52 88 4 2
2 65 86 4 6
3 81 66 6 3
4 58 106 3 4
1 53 84 4 4
2 58 85 4 2
2 58 102 2 1
3 69 82 6 2
2 54 104 2 7
6 45 89 5 7
3 84 64 7 1
7 66 97 4 3
4 58 66 7 1
0 53 75 4 1
5 42 80 5 4
6 56 70 4 1
4 72 83 4 4
6 54 98 3 4
5 41 61 8 6
3 57 80 6 3
3 50 107 2 4
4 44 92 5 4
5 66 74 5 3
6 61 108 2 4
3 47 91 4 3
5 63 78 5 2
5 68 70 5 3
2 62 90 4 4
1 38 75 6 1
3 53 67 7 3
4 95 68 5 4
1 41 47 7 3
3 60 90 3 7
6 73 96 4 4
4 62 71 7 4
3 56 86 3 0
2 81 90 4 5
3 51 67 6 4
3 62 53 7 2
3 71 71 5 2
1 70 72 6 4
3 66 97 4 4
4 67 75 5 4
2 52 93 4 5
8 62 64 7 2
3 45 97 3 3
3 61 65 7 3
5 44 92 4 2
3 57 92 3 5
3 63 71 6 2
3 49 106 1 1
3 78 75 5 4
2 59 81 5 3
2 65 95 4 0
1 63 73 5 2
6 60 78 6 2
6 67 70 5 6
3 48 91 3 6
1 63 85 3 3
4 56 71 5 2
4 70 71 5 5
4 49 94 3 1
6 74 112 1 0
4 61 86 5 6
2 70 86 5 2
3 65 71 6 4
4 70 78 2 1
4 63 99 2 2
1 55 65 6 2
4 54 62 8 2
5 67 85 6 4
3 51 92 3 4
7 53 81 6 2
2 68 75 6 4
1 72 81 3 3
4 50 74 6 1
0 69 89 4 3
5 63 70 7 6
3 68 77 6 8
4 57 94 3 1
3 64 79 4 4
3 60 95 3 3
1 60 77 6 1
4 71 83 4 2
3 67 84 5 2
3 66 75 6 2
1 57 97 4 5
3 52 97 2 2
7 62 73 5 1
5 61 84 6 5
4 61 97 3 2
3 74 82 5 2
3 63 92 2 4
4 48 87 3 2
1 56 99 3 2
3 60 85 5 3
4 47 83 5 6
2 62 73 6 3
9 54 35 12 4
6 52 76 5 0
3 97 74 5 4
5 49 46 9 3
6 70 85 3 5
8 56 69 7 3
4 61 92 3 4
3 54 108 1 1
8 36 75 6 3
3 80 59 9 4
3 66 66 6 2
7 21 65 8 5
2 48 86 4 4
3 62 88 4 4
4 74 120 0 0
1 61 88 4 3
3 42 97 4 3
3 50 82 6 9
8 32 73 6 4
6 84 102 2 3
5 61 96 3 3
2 68 70 5 3
5 55 96 3 5
4 64 93 4 4
5 53 109 1 5
1 57 94 4 1
4 40 95 3 4
3 69 92 3 4
5 78 74 4 1
3 51 104 2 2
3 66 89 4 4
5 57 69 7 3
5 59 79 4 2
3 62 74 5 7
3 68 85 6 1
3 57 77 6 1
4 56 75 4 4
2 55 80 4 5
6 44 84 4 3
0 44 92 3 4
4 67 82 4 5
5 44 99 4 0
7 61 78 6 2
7 53 88 5 5
2 55 100 3 6
2 45 90 6 3
1 49 67 6 2
3 53 91 3 0
4 56 98 4 3
2 44 74 5 4
3 72 82 4 1
4 75 94 3 2
4 59 75 5 3
1 76 98 3 7
2 58 80 5 2
3 68 90 4 2
5 67 98 3 3
2 52 62 7 1
7 80 78 4 6
1 70 103 3 5
3 60 47 10 5
2 58 69 5 3
3 61 86 4 5
7 66 70 6 5
3 64 88 3 2
7 75 98 4 3
2 70 75 5 4
3 43 77 5 4
5 54 71 5 3
6 61 99 3 2
4 64 83 4 2
3 63 104 3 2
2 44 54 8 4
6 53 74 7 1
4 65 91 3 2
4 72 85 3 6
8 57 95 3 5
7 59 72 6 4
3 66 70 8 5
4 68 88 3 4
5 60 76 6 6
3 48 61 6 2
0 59 73 7 2
7 65 77 6 4
3 51 86 3 4
4 78 71 6 4
1 60 86 3 3
1 50 113 3 4
6 52 74 4 4
8 47 100 2 8
4 56 72 6 2
2 64 81 4 4
7 42 78 4 2
1 42 84 3 1
4 69 85 3 4
4 71 83 5 5
4 56 52 9 6
1 84 65 6 2
2 57 71 4 3
1 74 78 5 6
3 56 88 5 6
4 58 103 3 7
2 56 81 4 2
4 51 80 4 3
1 64 81 5 7
3 60 88 4 0
4 68 97 3 3
5 71 78 5 4
4 82 108 2 1
1 75 78 4 6
4 75 80 6 5
3 49 105 2 1
5 76 73 6 6
4 57 85 4 2
4 49 92 4 3
4 54 82 4 2
6 69 74 6 3
2 49 70 6 3
3 58 89 4 4
5 68 76 6 4
4 56 101 2 8
3 58 97 3 4
4 41 87 4 5
3 72 110 3 6
2 57 82 4 2
3 50 108 2 2
6 44 63 6 4
3 58 92 4 0
1 54 76 4 4
2 59 87 5 2
2 70 97 3 8
4 71 64 6 2
4 56 83 4 2
5 54 88 3 4
0 55 95 3 3
4 81 92 3 1
4 61 71 6 3
1 66 93 4 5
8 44 79 5 1
3 64 79 5 4
3 62 81 6 1
4 64 103 3 9
1 64 82 5 3
5 59 83 3 4
3 70 80 4 0
5 54 75 7 3
2 58 88 5 3
4 63 98 3 3
1 67 94 2 2
3 73 81 5 6
2 76 85 4 3
2 66 108 3 4
3 74 87 3 1
4 63 84 5 5
2 63 78 4 3
2 57 86 4 2
2 52 70 6 3
4 58 87 6 4
3 77 74 5 2
8 41 97 4 6
3 65 80 5 3
2 68 61 7 4
3 75 62 8 3
9 66 92 3 4
3 73 67 5 3
3 67 78 4 5
7 59 84 5 5
2 81 73 7 6
3 79 87 4 7
4 74 83 4 3
5 66 107 1 5
1 41 92 6 4
2 81 79 6 4
5 62 83 7 5
7 54 91 3 4
8 52 95 3 3
4 52 103 2 4
4 45 90 3 3
5 54 112 2 2
2 62 88 4 4
3 62 98 2 3
6 62 77 4 4
2 58 85 4 3
2 51 84 4 6
2 72 102 3 6
2 45 96 4 3
0 61 105 2 3
8 58 102 3 4
5 68 70 6 2
3 65 75 6 3
5 52 67 6 3
4 54 75 6 6
6 59 100 2 1
4 81 70 5 3
5 51 72 8 7
2 80 80 6 3
4 51 86 3 10
5 52 93 2 4
3 55 67 7 5
4 50 99 4 0
3 76 84 3 4
3 57 81 4 3
6 48 65 6 5
5 65 87 5 5
5 44 81 5 2
3 48 75 7 2
2 70 77 4 2
3 74 106 3 2
3 54 75 5 8
2 78 69 6 2
1 66 70 5 2
8 38 66 6 3
7 61 98 3 4
2 64 87 5 7
1 64 77 7 5
2 57 55 8 2
2 72 77 6 4
1 46 75 7 5
4 76 70 7 7
3 55 86 6 9
3 61 86 4 3
2 72 77 5 3
2 45 91 5 1
1 57 103 2 2
3 32 110 3 6
4 53 114 2 0
3 43 72 6 0
4 64 112 3 4
3 71 82 4 2
5 68 100 2 4
5 55 97 4 8
1 59 76 4 4
2 52 100 3 3
5 66 76 6 5
1 61 101 4 4
5 66 95 4 3
3 76 64 8 6
1 43 70 6 1
4 80 106 2 1
5 30 68 6 3
2 47 87 3 0
5 70 87 6 2
4 65 97 4 7
5 74 86 5 6
4 50 100 2 2
6 79 99 3 4
6 80 88 4 3
2 78 87 6 5
3 83 52 7 2
3 46 72 7 4
3 51 105 2 3
6 57 78 7 1
5 38 78 5 4
4 76 95 3 2
3 49 75 7 6
3 54 80 5 2
4 49 92 3 3
6 52 80 4 3
1 57 73 5 4
8 53 86 6 3
3 75 109 3 2
3 60 89 4 3
5 52 94 3 5
3 59 98 4 8
2 72 62 7 2
3 58 85 4 4
5 52 59 7 4
3 73 65 6 3
5 52 93 4 7
2 75 105 3 8
3 61 98 3 2
3 69 103 1 3
4 59 102 4 4
3 63 66 5 2
4 87 80 4 2
1 74 101 3 3
3 61 104 3 4
3 77 86 5 0
3 46 69 8 2
1 56 86 6 3
5 68 90 5 2
6 52 88 3 2
2 38 83 6 5
6 59 113 2 4
3 52 55 7 3
2 49 92 4 7
3 70 97 0 3
3 57 70 7 2
4 57 78 6 4
3 62 102 3 2
4 53 69 8 1
4 69 77 6 2
3 51 79 3 4
4 70 94 3 5
4 54 95 3 3
2 58 84 6 3
3 49 90 5 3
3 61 81 4 3
4 59 86 5 3
3 44 47 8 2
4 77 63 7 7
2 68 95 3 4
3 68 81 5 1
4 75 77 4 2
4 67 96 3 1
3 66 89 4 5
2 59 108 1 4
5 66 65 6 3
2 65 75 6 1
3 49 91 4 4
3 54 86 4 2
1 49 90 4 3
3 61 87 4 3
5 65 82 4 4
3 61 82 4 2
3 94 69 7 5
4 51 75 7 3
4 55 90 2 6
3 63 57 5 3
5 64 75 6 4
3 59 89 5 5
3 59 89 4 3
1 66 111 2 2
2 91 73 6 6
1 67 103 0 4
3 55 91 3 4
4 64 79 5 6
5 82 78 7 2
5 83 71 4 3
2 70 93 4 3
0 49 63 9 2
4 76 70 7 0
2 79 69 6 6
2 57 99 4 4
4 33 78 5 7
3 67 72 7 3
3 67 57 9 4
7 71 81 4 5
4 55 83 4 9
3 56 73 6 5
2 51 98 3 2
5 70 48 8 3
2 76 85 5 2
2 74 81 5 1
4 47 74 6 4
7 63 97 4 4
2 63 76 5 3
6 71 104 4 1
6 54 82 6 2
3 58 108 2 2
3 64 90 4 3
4 72 94 4 4
4 78 54 7 3
4 94 85 4 5
4 73 104 4 4
4 73 82 5 6
2 42 66 7 2
2 71 87 5 2
5 57 103 4 4
2 50 90 5 5
5 60 95 2 4
5 52 83 5 2
7 76 95 3 3
0 60 73 6 5
3 57 73 7 3
5 51 84 4 1
4 64 82 5 7
0 52 101 2 4
4 82 73 6 7
3 65 79 6 5
3 50 100 2 3
4 54 107 2 3
1 73 85 4 1
4 71 101 3 5
5 57 89 3 4
4 45 97 3 7
4 62 70 5 7
3 73 92 4 1
4 61 83 3 5
3 73 75 7 3
3 54 96 2 6
6 73 85 3 4
4 53 84 4 4
2 44 88 4 0
2 46 62 8 3
3 52 79 5 2
6 74 88 2 2
3 47 88 4 6
5 77 85 5 4
3 50 91 4 3
6 71 77 4 1
1 52 67 5 1
3 76 110 2 5
5 53 74 5 1
3 72 98 4 3
2 62 86 5 2
5 81 99 3 0
3 53 87 2 6
1 45 78 6 7
3 71 85 4 1
2 55 85 5 2
4 61 104 0 7
2 63 77 7 2
4 82 94 5 4
5 62 97 3 3
3 72 85 3 3
0 51 96 4 5
5 41 63 8 3
6 70 87 3 3
4 48 78 5 1
4 66 82 4 2
6 56 90 6 2
5 75 58 8 6
4 72 85 3 4
4 56 83 4 4
3 64 102 2 3
1 32 54 9 3
6 55 103 3 5
2 66 69 7 4
3 64 87 4 2
7 59 61 8 3
3 54 74 5 5
4 52 81 5 2
4 61 97 3 3
5 75 75 5 4
4 36 69 9 3
2 73 97 3 2
3 56 97 3 8
5 60 67 7 5
0 59 83 5 3
5 84 77 6 6
4 64 92 4 4
4 66 101 2 4
4 56 95 3 4
3 65 111 2 3
2 81 81 5 4
3 49 84 5 1
5 72 57 7 2
5 89 77 6 5
3 47 104 3 3
3 50 96 4 3
3 55 87 4 3
2 60 85 6 3
5 61 87 4 5
1 64 108 1 1
3 49 100 2 6
2 51 78 5 4
4 55 91 3 2
3 66 85 6 1
3 50 70 7 3
3 68 78 5 0
4 70 72 5 3
2 57 89 5 6
5 56 67 6 2
2 58 82 4 3
5 82 80 4 1
5 56 72 7 4
3 40 71 6 7
3 59 87 3 0
2 59 91 2 4
2 79 79 6 3
6 73 87 5 3
2 68 91 5 1
1 51 69 6 2
1 48 74 6 5
3 93 70 5 7
3 35 83 4 3
1 76 80 4 3
6 68 102 3 3
5 51 70 4 3
5 42 103 1 2
1 88 77 7 3
2 58 70 5 1
2 80 43 8 3
1 59 85 5 3
3 38 95 4 1
5 64 71 6 5
3 42 75 4 2
5 52 86 6 2
3 59 69 6 3
2 64 100 4 4
4 61 102 4 1
2 53 69 7 3
3 57 65 7 2
2 85 68 6 1
4 53 97 2 6
2 40 84 6 4
6 57 78 5 3
3 55 87 4 4
3 51 60 7 2
2 69 86 5 5
2 49 68 7 3
4 54 93 6 2
3 65 82 5 6
3 69 104 1 4
3 69 79 6 5
4 61 85 5 3
4 52 74 4 3
5 53 101 4 0
6 68 117 1 1
5 67 67 6 3
5 74 88 4 5
1 67 96 4 2
4 73 72 5 2
4 52 80 4 6
1 52 82 4 3
4 70 65 7 2
2 72 73 6 5
5 73 100 3 4
2 92 66 5 5
4 50 97 3 2
4 51 96 3 1
4 59 72 5 5
5 45 100 1 2
4 47 68 6 1
4 49 87 3 3
3 52 69 5 3
3 62 61 9 2
2 52 66 8 2
4 67 77 4 4
0 49 76 6 3
3 79 90 3 6
3 78 109 2 6
3 51 106 1 3
3 50 86 5 4
3 72 91 3 4
3 63 95 4 4
4 69 108 1 5
7 58 68 6 4
2 47 73 5 1
1 38 87 4 2
3 62 79 5 1
4 57 103 1 6
6 44 84 5 4
5 57 89 4 4
7 67 75 4 5
1 44 84 4 2
5 79 81 4 1
4 53 84 3 3
3 50 114 1 2
3 92 95 4 5
3 54 50 8 4
1 45 85 5 5
4 45 84 4 0
4 61 91 3 6
6 61 89 4 2
4 61 85 6 6
3 78 96 5 3
6 64 95 3 2
4 60 65 7 1
5 73 70 7 6
6 67 91 3 1
4 55 77 6 7
3 61 87 3 4
2 64 81 5 3
5 63 79 6 3
5 68 65 8 2
4 40 84 4 6
0 51 99 2 4
3 63 77 5 4
7 68 88 4 2
8 60 88 5 5
6 53 104 2 2
6 59 75 4 4
4 65 57 7 5
1 80 93 4 0
5 62 71 7 0
3 47 65 6 8
4 81 95 2 4
3 48 68 5 4
3 71 104 2 4
2 64 101 3 2
2 64 92 3 1
3 54 91 5 0
2 62 102 2 5
1 56 100 3 4
3 54 83 4 1
2 55 41 9 5
7 51 91 4 4
2 68 100 2 7
7 72 85 3 1
3 65 92 2 7
1 56 88 3 4
1 58 97 3 3
1 50 68 6 2
3 62 73 5 1
4 61 79 6 3
4 54 68 6 5
4 60 72 6 2
4 40 89 4 3
2 60 110 2 5
3 74 95 3 5
2 42 77 6 3
2 59 65 7 6
6 72 72 6 5
4 68 105 1 4
4 76 55 8 4
2 44 88 5 4
2 46 71 5 4
2 79 74 6 2
4 69 78 6 3
3 51 105 2 2
5 59 72 5 6
3 83 99 2 4
4 66 98 4 3
6 60 75 5 7
5 60 80 5 4
3 55 97 3 4
4 63 82 4 5
3 49 60 7 2
6 57 82 5 7
5 85 71 6 5
2 67 101 3 4
0 75 84 6 3
2 64 90 5 7
5 73 75 7 3
2 64 106 2 1
3 65 74 5 0
5 77 84 4 6
1 57 96 4 2
3 52 96 4 3
3 81 70 7 4
3 78 106 1 1
4 66 89 5 1
3 60 85 5 5
3 72 107 2 4
4 27 58 5 3
2 46 104 2 0
4 64 72 5 1
3 74 75 6 2
6 45 68 7 1
4 50 73 5 5
4 53 73 5 2
3 62 77 4 0
4 61 98 3 7
1 52 84 5 4
3 56 100 2 1
4 69 74 6 3
3 58 75 6 5
5 40 71 4 3
6 77 79 3 4
4 49 51 8 5
4 43 71 6 1
6 52 76 6 5
5 61 73 6 2
1 46 74 5 5
2 32 87 4 4
3 70 57 7 6
6 64 103 1 5
2 62 78 5 4
3 74 100 3 3
2 67 94 3 3
7 67 78 4 7
6 53 92 3 2
1 70 118 2 4
0 76 95 3 3
2 56 60 8 6
3 65 87 4 1
2 63 106 3 0
2 82 83 4 5
4 53 75 6 4
3 80 65 8 5
1 50 79 4 2
2 73 86 4 1
5 59 96 3 2
5 69 73 6 3
8 53 77 6 2
4 58 43 9 2
6 54 59 6 3
2 69 95 3 2
3 61 90 5 5
3 82 54 8 3
6 64 54 9 3
2 73 94 5 3
2 66 98 3 2
4 65 78 5 4
0 56 74 6 1
1 73 88 4 2
4 57 57 8 2
4 75 94 3 2
1 74 66 6 4
3 41 77 4 3
1 58 60 6 0
4 72 90 5 3
5 48 83 4 3
3 59 73 5 2
3 45 85 3 2
2 75 55 8 1
0 79 84 6 3
3 72 83 6 0
2 74 97 3 3
3 62 96 4 5
2 52 69 6 4
5 40 69 6 2
3 77 78 4 0
2 63 113 3 3
1 50 82 5 6
5 69 56 7 1
2 63 101 2 3
3 75 68 6 4
6 81 91 3 3
1 62 79 5 2
1 74 87 3 1
8 54 77 7 4
2 58 92 3 1
1 69 96 3 2
4 65 88 4 4
0 65 97 3 3
3 80 89 5 2
2 72 72 4 3
3 54 80 4 1
6 61 82 3 7
1 61 97 2 5
2 48 81 6 4
4 44 88 3 2
4 69 83 5 5
1 65 64 7 5
3 49 35 11 6
5 55 92 4 4
2 62 89 4 3
4 63 89 5 6
3 63 93 4 7
3 86 82 4 4
4 49 86 5 2
1 62 63 6 4
3 65 96 2 5
4 55 80 5 4
5 71 95 3 4
3 73 84 4 5
5 68 88 6 1
3 64 64 6 6
5 54 94 3 4
3 66 101 4 3
5 72 105 3 3
5 82 87 6 3
3 66 80 5 4
2 40 89 2 2
7 42 87 3 6
3 57 83 7 3
4 47 89 3 4
6 64 104 5 4
2 71 81 5 4
4 46 89 2 4
7 53 102 3 4
4 62 97 4 1
3 51 88 5 3
1 47 108 4 2
4 52 79 4 6
6 48 73 6 5
1 64 88 3 5
6 67 77 5 2
2 65 92 4 2
4 55 102 2 2
4 59 98 3 4
3 44 81 3 4
5 76 65 6 5
6 68 96 2 3
4 49 70 4 4
6 70 80 4 2
1 60 98 5 7
1 61 100 3 1
4 47 64 7 8
6 57 110 3 3
4 60 69 6 5
2 71 101 4 4
0 77 93 4 5
3 53 74 5 2
4 28 80 6 2
6 56 78 5 2
4 72 64 6 3
4 77 82 6 5
3 60 84 4 2
1 46 97 4 2
2 61 55 7 4
0 58 81 3 4
3 75 86 4 2
3 69 93 3 2
3 53 67 6 5
2 51 84 5 5
1 50 58 6 5
2 38 86 4 2
3 49 87 4 4
4 46 88 5 3
3 55 93 2 5
3 65 84 5 3
3 55 84 5 4
6 65 97 5 5
8 69 83 5 4
2 60 84 4 3
5 60 72 6 3
4 68 88 3 5
2 79 74 5 1
4 80 69 7 5
8 47 77 5 1
5 49 91 5 5
4 72 79 5 2
2 41 71 9 4
3 67 66 5 2
3 57 75 6 3
4 63 103 2 2
4 74 83 4 4
0 67 74 5 5
5 63 91 4 3
6 69 63 8 0
3 57 111 3 2
5 81 58 6 2
2 70 54 8 3
2 52 64 7 4
4 50 104 3 3
3 66 111 1 4
4 61 117 2 4
2 73 93 3 3
6 50 99 4 2
3 77 88 4 4
5 51 107 2 4
4 65 80 3 3
3 69 80 4 6
3 25 73 7 4
7 73 81 6 7
1 62 63 6 4
5 46 80 3 2
4 55 110 2 3
6 33 63 8 4
4 65 84 4 8
6 32 57 7 1
4 43 72 7 2
2 55 48 9 5
5 60 64 7 2
3 71 67 8 3
1 66 73 5 3
0 62 103 2 3
6 41 106 5 3
3 59 86 4 3
3 50 90 4 7
2 55 87 4 5
3 62 103 2 4
7 72 110 2 3
2 65 47 9 0
5 62 65 8 3
4 54 79 4 3
2 71 95 3 2
0 60 87 5 3
6 70 101 1 3
0 70 80 5 4
4 52 100 1 5
2 56 93 4 7
5 45 72 7 5
2 68 68 6 2
1 60 73 5 4
1 69 76 6 2
6 69 107 3 4
4 80 67 6 3
6 75 73 7 7
5 91 92 4 4
2 59 88 4 2
2 51 111 2 3
5 72 101 3 6
4 34 92 5 4
2 52 88 5 1
4 71 121 2 2
4 46 74 4 4
5 42 103 2 6
6 68 83 5 3
6 56 85 4 4
2 56 95 3 6
6 59 85 5 2
5 49 96 3 2
4 67 73 7 4
2 43 79 5 4
2 50 78 4 5
2 60 99 3 1
2 59 92 3 7
3 48 91 3 3
4 75 85 4 7
4 62 73 6 4
4 51 54 7 2
6 62 83 3 3
2 68 110 2 3
2 49 64 7 4
5 83 66 7 4
3 49 96 5 6
3 37 93 2 6
1 64 106 3 3
4 57 75 6 4
4 60 100 3 4
5 51 87 4 3
3 35 79 6 2
4 64 77 4 3
2 78 78 4 3
5 47 82 5 2
3 63 85 6 4
2 61 87 5 6
2 68 93 3 4
2 43 98 3 0
2 52 70 7 7
7 59 90 3 1
5 83 70 7 4
4 81 70 6 2
4 67 109 2 1
2 74 96 3 6
6 42 96 4 1
6 50 69 6 3
1 70 77 6 2
4 56 78 3 1
6 70 96 5 7
4 63 85 5 4
3 66 67 7 2
3 56 106 3 4
3 46 90 4 5
4 33 57 5 3
2 36 53 7 2
4 62 86 6 6
3 57 75 5 4
4 69 95 3 0
4 72 89 6 5
1 76 104 4 3
4 64 83 5 4
0 71 120 3 5
3 56 65 8 1
4 72 83 5 4
0 71 84 5 3
2 71 85 6 3
2 64 84 5 4
4 62 96 3 2
3 59 90 3 4
3 73 82 4 1
2 73 104 3 3
5 68 87 5 2
5 54 93 3 5
7 61 104 3 4
4 72 79 5 3
5 44 82 6 4
4 54 77 7 2
2 37 60 8 1
3 62 72 5 5
4 43 65 6 3
3 63 84 4 3
3 58 88 5 4
0 51 74 5 4
3 59 78 5 4
2 65 84 3 0
5 47 84 4 6
3 65 98 4 4
4 57 109 2 1
1 67 78 5 0
4 81 116 1 3
6 63 99 2 1
5 41 61 8 3
2 44 84 4 3
5 70 84 6 2
2 63 71 6 1
5 65 89 3 2
3 72 108 3 4
3 51 88 6 4
3 72 80 4 4
3 61 68 7 5
4 45 58 7 3
1 61 60 8 3
1 56 59 6 4
2 60 67 7 1
4 51 87 4 4
2 64 91 2 2
5 34 76 5 6
4 66 77 5 2
3 61 106 3 2
2 49 72 6 5
5 55 99 5 6
6 44 85 4 2
3 58 82 6 2
3 52 81 5 2
1 54 75 6 3
5 36 70 6 3
2 58 66 6 6
2 59 70 5 6
3 77 99 4 7
1 67 102 2 5
3 29 83 4 2
5 46 82 6 5
4 54 96 3 2
3 39 79 5 4
5 46 83 4 2
1 79 77 5 3
3 57 93 3 5
6 67 79 6 0
4 47 105 3 3
3 54 92 5 1
2 69 86 5 2
1 73 90 3 4
2 45 80 4 3
4 41 67 7 3
6 50 102 3 4
6 76 73 7 3
2 61 70 7 4
4 49 51 9 6
6 67 78 6 2
3 65 45 10 4
6 69 92 3 7
4 63 69 5 6
1 62 85 4 5
3 73 60 7 5
1 56 42 11 2
5 57 78 5 2
3 51 100 3 1
5 69 88 4 4
3 44 71 5 5
2 66 96 3 1
5 62 93 3 5
3 55 106 2 4
5 71 99 3 2
3 58 104 3 2
6 65 72 6 4
3 48 91 4 3
2 54 92 3 2
4 66 80 5 2
5 83 80 4 1
3 33 83 5 4
3 83 55 6 4
5 53 76 5 1
1 66 100 3 4
5 60 98 3 4
4 54 61 8 0
3 69 114 1 5
6 66 58 7 2
3 64 73 4 2
4 78 106 3 3
3 45 94 4 5
6 57 107 2 3
3 70 76 6 7
3 70 80 4 7
3 85 83 5 3
2 57 94 3 6
4 64 80 5 4
1 65 83 4 4
4 68 101 3 4
7 93 81 5 3
4 47 94 4 0
3 67 82 4 6
2 74 91 5 4
4 82 117 1 1
4 71 110 3 4
4 76 79 5 2
3 83 92 4 2
4 48 97 4 4
4 51 89 4 4
2 57 73 6 6
8 67 94 3 6
5 68 94 4 3
4 59 93 4 5
4 45 90 4 5
4 64 65 7 2
4 60 80 5 2
8 51 71 5 3
5 38 77 5 3
4 45 104 2 2
3 63 85 3 7
4 64 89 3 6
4 68 80 4 4
1 61 97 5 4
4 66 74 4 3
4 58 69 8 2
4 60 91 4 3
1 52 111 3 3
5 65 87 6 5
2 37 70 6 4
2 56 84 3 4
2 73 79 5 5
2 61 94 5 4
2 66 79 4 3
4 70 111 0 4
1 63 98 3 4
2 60 95 4 2
3 68 75 5 4
3 68 67 4 5
5 66 90 2 4
5 68 90 5 4
3 51 82 5 5
4 63 113 2 3
6 57 80 6 5
4 78 67 7 3
4 80 55 9 6
4 67 75 5 6
1 56 87 2 4
5 53 95 4 2
3 85 76 5 4
5 71 70 6 3
6 40 79 5 4
2 75 95 4 5
2 59 91 3 3
0 63 98 4 2
4 53 74 5 1
4 52 61 8 8
4 59 82 4 1
4 59 95 4 1
2 87 68 6 7
1 61 85 6 6
2 52 73 6 2
3 76 97 3 2
3 55 82 6 3
3 46 61 6 3
6 59 104 4 3
1 60 73 5 6
3 80 104 3 4
4 75 77 5 7
1 41 88 5 4
6 50 70 6 3
3 79 97 5 2
5 43 85 3 5
2 63 94 4 1
2 74 92 4 1
5 56 80 7 5
2 72 69 6 1
2 74 73 5 2
2 51 91 5 2
3 73 90 4 3
2 77 99 3 1
3 81 89 2 4
5 61 52 8 6
3 65 100 3 0
2 69 76 6 3
2 72 94 4 1
2 62 80 3 2
1 60 74 6 3
3 75 85 4 4
1 60 94 3 5
4 76 58 8 3
5 57 91 5 5
3 51 77 5 6
4 56 88 4 2
2 54 82 4 4
3 67 109 2 4
6 69 110 2 8
7 68 68 5 4
5 61 73 7 2
6 68 100 3 2
2 79 80 5 4
3 62 104 4 8
2 53 61 7 3
4 61 85 4 3
3 55 51 8 4
5 64 87 3 6
2 66 83 6 4
2 64 91 3 2
4 66 96 4 4
1 50 80 7 2
3 60 117 1 5
5 50 96 3 2
2 60 88 5 2
2 62 74 4 3
4 58 100 4 8
3 68 81 4 1
2 39 74 5 1
3 52 79 4 1
3 72 98 3 4
5 66 74 6 6
6 61 111 1 4
2 37 64 7 2
2 45 67 6 5
5 54 78 4 6
5 77 57 6 3
3 79 60 6 3
4 59 87 4 1
6 73 84 5 3
1 64 69 7 1
7 66 76 6 1
4 53 88 3 5
2 40 97 2 1
6 66 95 3 6
3 58 88 3 2
2 62 76 4 6
1 61 98 5 4
5 65 87 5 2
2 68 100 3 4
1 70 88 5 4
5 70 88 5 4
3 70 77 6 2
2 74 86 3 2
6 50 101 3 0
4 51 95 6 5
3 72 86 4 2
4 64 73 7 2
2 63 69 7 4
5 62 90 4 4
6 65 81 5 5
6 55 75 5 1
2 78 52 8 4
1 76 76 6 4
4 68 75 6 1
4 62 83 5 3
3 76 88 5 1
4 64 85 5 3
5 56 112 2 4
5 69 88 2 5
1 61 101 3 3
5 53 91 5 4
4 61 85 5 4
4 57 83 5 1
2 55 74 6 2
4 88 85 5 2
4 57 96 3 3
2 51 85 2 5
3 84 93 3 3
1 62 70 5 1
7 52 81 4 4
3 88 81 6 2
5 57 90 5 3
2 64 76 4 2
2 48 83 5 3
5 60 92 6 5
0 48 87 4 3
2 78 62 8 2
4 57 85 5 2
2 71 84 5 6
3 71 94 3 3
3 63 96 4 6
2 66 72 7 4
1 52 80 5 2
4 62 97 4 4
3 49 80 5 8
3 54 93 5 5
3 61 47 8 1
3 61 90 3 2
4 66 111 1 7
5 72 97 4 3
2 38 80 6 7
2 82 99 2 4
4 68 106 2 9
3 54 89 3 5
4 60 55 9 3
5 61 93 3 0
2 64 89 4 2
4 44 78 4 3
3 74 82 6 3
5 45 68 6 1
5 78 83 4 6
6 61 78 5 4
3 60 89 5 1
2 59 108 1 8
3 63 91 3 2
7 63 74 7 1
2 41 57 7 3
4 54 78 6 3
5 64 104 1 3
4 51 62 8 3
5 64 85 4 1
3 43 67 6 1
4 82 88 2 4
4 67 87 4 6
2 55 99 5 2
6 57 92 5 2
3 49 86 4 5
0 62 71 6 5
5 64 87 4 3
4 49 78 6 2
5 55 83 4 2
6 66 91 5 9
4 67 102 3 2
2 69 84 5 3
5 61 86 3 2
7 44 112 2 5
3 50 91 3 4
2 81 89 4 4
5 52 66 5 2
4 65 85 4 5
0 59 85 5 4
3 68 87 5 2
5 51 72 6 3
4 71 47 10 5
1 51 98 4 4
5 72 97 5 4
4 75 70 7 3
3 48 88 4 1
6 70 96 4 8
2 77 90 5 3
4 64 98 3 1
1 49 96 3 1
5 63 92 4 4
4 64 95 3 4
6 64 92 4 7
1 52 87 6 2
4 72 95 2 2
4 49 56 9 6
2 81 89 5 2
2 53 73 6 6
3 57 90 3 3
3 59 64 6 5
4 54 85 4 2
3 59 92 3 7
3 55 95 3 2
4 57 49 9 1
2 44 60 7 4
2 67 61 7 2
4 64 92 1 6
4 57 90 5 3
2 41 71 7 2
5 82 87 2 4
3 66 73 5 5
7 60 81 5 4
3 64 92 4 1
4 81 90 4 4
0 36 73 7 5
4 76 89 4 2
3 40 72 7 2
3 36 87 5 4
1 36 69 5 6
6 61 55 8 2
2 65 92 5 6
5 53 86 5 3
4 59 84 4 1
3 68 68 8 3
4 76 95 3 5
6 62 69 7 4
1 54 101 3 3
3 71 53 7 6
5 71 64 7 3
6 64 117 2 7
1 47 80 3 3
3 51 84 4 0
3 76 95 4 3
5 53 101 3 1
7 63 53 8 1
4 59 87 3 2
5 77 97 4 1
4 64 106 2 3
2 49 86 4 2
3 48 101 1 3
4 45 93 3 2
1 68 85 3 4
3 49 88 5 6
2 33 72 4 2
2 51 76 5 5
2 36 93 4 2
4 72 87 3 5
4 51 60 8 6
7 50 93 3 3
4 64 93 3 6
2 49 91 2 5
4 65 91 5 1
4 81 109 1 4
4 57 77 6 3
2 79 63 8 1
4 62 101 3 3
4 61 101 2 1
2 80 68 6 5
2 67 80 6 2
4 58 83 5 4
2 66 79 6 4
5 57 74 6 2
6 46 106 3 0
4 54 83 4 4
5 42 93 2 3
1 56 101 1 4
2 41 82 5 2
1 75 78 6 1
3 52 81 4 1
2 67 105 3 2
4 72 95 3 3
4 43 90 4 8
2 67 109 2 3
3 55 96 2 1
5 53 89 5 4
1 56 82 3 3
3 48 83 5 3
1 69 64 7 2
9 64 97 4 4
4 60 112 2 5
3 69 95 4 0
4 61 77 5 3
6 55 84 3 4
5 48 68 6 1
4 48 100 2 1
8 39 58 8 5
6 46 89 4 4
2 50 79 6 4
3 61 98 3 2
6 55 79 4 6
4 70 79 6 2
2 72 89 4 2
1 63 118 1 4
2 78 83 6 3
4 61 77 6 2
2 66 97 3 2
3 54 86 3 5
0 69 67 7 4
5 59 86 5 7
4 53 95 3 2
4 63 74 5 3
5 52 82 4 2
1 68 102 4 2
5 60 99 4 3
5 89 95 4 6
2 70 63 7 4
2 46 58 7 2
8 70 72 8 1
6 53 86 3 3
1 74 61 6 4
1 45 60 8 3
5 43 79 4 4
5 54 69 7 4
5 65 61 6 3
3 53 90 4 5
5 71 73 7 4
4 67 80 5 3
3 70 111 3 5
4 61 100 3 4
4 76 95 4 3
6 48 92 3 4
7 58 59 9 3
1 63 70 5 2
6 48 49 8 4
3 58 85 3 5
4 56 82 4 3
2 67 96 3 2
0 46 102 4 2
3 41 82 4 1
2 56 89 2 2
4 68 102 2 1
4 64 89 5 3
6 58 70 6 2
4 85 92 4 5
3 40 73 5 2
5 81 74 7 6
2 68 100 1 2
5 57 86 3 3
4 58 71 6 2
3 45 96 3 4
3 65 82 6 3
3 83 81 5 3
2 73 87 6 2
1 81 74 6 4
2 62 68 6 4
3 77 91 3 4
4 76 90 6 4
6 47 76 5 3
5 56 75 5 3
6 60 104 3 5
4 50 78 5 2
3 62 58 6 5
3 65 97 3 7
2 57 83 5 2
3 71 99 3 2
2 36 86 5 3
3 51 62 7 2
2 67 91 5 2
4 59 87 3 5
4 46 88 5 5
4 48 106 2 1
5 49 70 7 6
3 71 65 7 1
5 49 71 6 2
5 53 74 5 1
4 34 87 5 5
4 87 96 4 4
0 67 96 4 8
2 57 104 3 2
6 57 88 5 7
3 58 94 4 2
1 60 82 5 3
2 83 78 6 5
6 54 79 4 8
0 70 83 5 1
4 58 102 2 4
4 70 95 4 1
2 78 97 4 1
3 76 93 5 7
6 53 69 7 4
1 38 83 4 2
2 55 49 8 1
5 78 108 2 4
2 82 55 7 5
4 38 62 7 1
4 32 88 4 2
3 62 102 4 3
1 72 80 3 9
5 55 103 2 0
7 71 89 3 4
5 55 83 4 5
8 68 79 4 0
2 50 79 7 2
2 58 91 5 6
5 70 89 5 7
3 70 84 5 2
5 30 93 4 2
0 61 90 4 4
3 54 92 5 2
0 55 74 7 6
1 63 92 3 6
3 48 78 5 4
5 61 91 3 3
5 54 91 3 5
2 62 96 5 2
4 54 81 4 2
6 66 79 5 3
5 52 104 3 4
2 59 92 4 1
3 35 72 7 4
5 64 95 5 3
3 43 72 5 5
5 63 68 7 3
2 42 90 4 1
2 62 53 6 6
3 64 109 1 2
5 44 65 7 2
4 57 61 7 4
2 49 87 4 5
2 52 87 3 6
3 58 81 4 1
1 60 69 5 4
3 77 79 4 5
3 71 92 4 5
8 45 74 6 2
4 78 90 4 3
3 69 78 3 3
3 52 79 4 5
5 78 89 4 3
7 52 95 4 5
5 47 88 5 6
2 73 88 4 4
5 69 103 3 2
3 69 82 3 2
3 51 123 2 5
5 56 82 5 4
1 57 88 4 4
3 77 88 3 2
1 45 97 3 5
3 68 91 5 4
3 48 64 8 5
2 66 88 5 4
2 82 75 6 4
4 70 103 0 3
6 62 89 5 4
3 51 98 3 4
6 73 93 5 9
4 65 88 4 4
6 62 95 4 4
3 63 103 3 3
2 63 72 6 2
2 54 78 5 4
3 44 112 2 4
5 47 76 3 4
5 82 91 5 3
2 70 87 4 1
4 70 100 4 3
2 30 58 8 4
4 61 62 7 0
2 64 75 6 5
4 36 69 7 3
4 61 92 2 1
5 53 85 4 7
1 57 70 4 3
2 53 85 5 3
4 56 86 6 5
2 51 74 6 1
5 57 106 3 7
6 36 61 7 0
6 67 106 2 5
3 74 94 5 4
6 70 80 6 5
8 69 104 3 5
5 37 74 4 3
5 57 117 3 1
4 68 52 9 1
4 56 88 4 2
3 69 78 4 5
3 67 80 5 4
2 42 80 7 3
3 74 83 3 2
6 67 104 3 3
7 53 95 4 6
4 83 74 5 5
2 65 39 10 1
1 53 84 4 10
2 49 89 4 0
3 56 92 3 3
6 63 77 7 6
2 53 73 4 2
3 78 75 5 6
4 62 85 4 1
4 64 104 3 2
2 51 71 6 4
4 56 79 5 1
2 44 73 7 1
5 69 61 5 3
6 75 79 6 5
5 69 89 4 5
3 54 102 4 2
5 64 89 4 5
0 57 76 7 6
1 72 108 3 4
4 68 94 2 1
6 60 106 2 5
5 66 82 6 6
1 70 77 5 3
2 55 73 6 5
4 77 77 5 4
4 58 79 6 7
6 72 97 2 3
5 49 95 4 0
2 70 100 4 2
5 54 72 6 2
2 62 99 3 2
3 84 66 6 3
3 56 114 2 4
4 61 78 4 2
3 82 69 7 3
3 46 106 3 5
2 61 107 2 1
0 58 114 2 3
5 53 61 6 5
4 59 92 4 3
7 49 50 8 1
3 74 103 3 3
1 41 100 3 2
2 62 80 5 3
6 63 57 6 5
5 43 59 7 1
4 69 87 3 2
7 53 95 4 5
5 57 100 1 3
2 68 80 4 3
2 71 94 3 9
7 68 79 4 3
4 43 84 5 1
1 69 92 3 2
3 57 60 9 5
5 51 85 3 8
3 40 69 6 3
3 70 85 5 5
7 78 82 3 1
2 49 101 4 6
5 78 104 4 3
5 60 82 5 3
4 55 81 6 4
4 58 113 1 3
4 69 59 7 2
5 62 115 3 6
6 63 77 5 3
4 62 81 4 3
2 69 83 4 3
8 48 100 3 3
4 56 79 6 1
2 65 83 3 2
5 56 91 4 8
7 62 53 10 4
4 62 85 4 1
6 40 93 4 3
4 63 99 3 4
5 85 64 6 2
4 51 96 3 5
3 60 108 4 6
2 75 72 5 1
4 59 100 2 3
5 51 88 3 8
2 55 112 3 4
1 64 79 5 4
4 84 87 4 5
5 64 90 4 5
4 51 106 3 5
8 42 56 8 5
7 69 105 4 1
2 53 71 6 1
2 66 66 7 2
3 64 79 4 3
3 63 103 2 8
4 73 101 3 3
4 58 83 5 6
5 66 70 5 3
5 59 85 4 3
4 63 69 7 5
6 40 90 2 6
7 51 64 7 3
6 88 80 6 2
4 69 73 5 3
2 71 94 3 2
4 58 111 4 5
2 57 93 3 4
4 62 76 5 1
3 58 89 5 6
2 73 94 3 4
1 58 100 3 3
4 76 82 4 2
4 83 100 4 1
3 75 96 3 6
1 62 63 8 4
3 55 122 2 3
1 62 70 6 1
4 73 77 4 3
3 63 97 4 3
8 45 77 4 5
2 79 101 2 4
7 66 99 3 2
3 77 105 2 3
1 55 95 3 2
2 56 107 1 3
1 84 70 6 5
4 50 101 1 2
5 75 61 8 3
4 63 77 5 3
2 64 99 4 0
5 51 93 3 3
4 66 94 4 3
4 55 78 4 6
4 70 81 6 3
4 25 64 4 2
5 67 92 2 1
3 53 82 4 5
3 54 96 4 3
5 65 96 3 5
5 41 56 7 2
5 50 101 3 3
4 69 77 5 2
8 69 80 4 4
4 60 102 3 6
4 69 66 6 7
5 68 87 5 1
3 50 88 2 3
2 58 66 6 2
1 78 86 6 5
2 52 94 6 5
5 59 57 8 3
4 46 84 4 4
3 80 78 6 4
3 43 91 4 4
7 60 87 6 4
6 45 89 2 2
5 38 83 4 3
6 48 91 5 1
2 70 61 7 6
6 75 108 2 4
3 57 75 5 3
4 73 75 5 2
2 59 74 6 2
3 52 99 2 5
3 51 98 2 5
6 65 66 6 3
2 66 77 6 6
4 76 95 3 3
0 67 90 5 3
8 58 71 7 5
4 46 71 3 6
4 83 81 4 3
2 47 81 6 4
3 60 108 2 0
3 77 71 5 4
4 60 97 3 5
1 61 82 5 4
1 63 101 3 6
4 72 98 3 0
3 46 101 2 7
5 67 94 2 2
5 50 81 5 2
3 56 74 5 2
8 69 97 3 6
4 66 95 3 5
4 68 77 7 4
2 53 100 4 5
3 89 94 3 6
4 72 69 5 2
4 57 85 4 1
3 65 85 3 2
4 75 93 4 2
3 41 96 2 3
6 40 56 7 3
2 79 77 5 6
4 46 91 5 5
4 47 98 4 3
0 68 121 0 7
4 68 103 2 3
3 53 106 3 3
6 61 83 5 7
5 54 104 4 2
5 44 75 4 3
3 48 103 1 5
4 79 83 5 7
5 65 92 6 5
4 46 76 6 3
4 84 65 7 0
9 76 103 4 3
5 73 65 8 4
5 56 86 3 9
5 47 92 4 2
5 64 114 3 5
3 57 58 6 2
3 51 77 5 5
2 60 88 4 2
3 56 76 6 4
1 62 73 7 4
3 67 97 4 5
6 92 84 5 8
7 41 110 4 0
1 50 93 4 3
3 57 109 3 3
3 55 77 4 5
5 57 95 4 2
5 61 84 3 4
4 62 84 5 7
2 50 90 5 2
6 68 84 5 3
2 65 84 5 2
4 78 61 7 3
5 56 95 2 0
2 50 90 4 4
1 71 66 5 7
5 73 96 3 2
4 65 78 6 2
2 84 53 8 4
3 57 87 4 5
3 66 94 2 4
5 63 92 2 5
2 63 76 5 3
3 55 75 5 5
3 49 76 6 3
5 62 97 4 2
3 62 89 5 2
4 56 68 7 4
7 76 71 5 8
3 60 96 4 4
5 52 92 6 5
3 64 93 4 3
2 63 91 4 2
5 61 73 6 5
2 63 73 5 4
3 73 82 5 3
3 61 66 6 3
4 61 72 5 5
4 66 87 2 5
2 57 97 2 4
4 55 74 6 5
6 49 96 3 4
4 60 49 8 9
2 55 78 7 3
5 54 88 5 6
1 71 67 5 2
5 72 69 5 4
3 68 77 6 6
8 72 91 3 2
0 80 83 4 2
2 64 83 5 2
5 47 79 5 2
4 53 88 4 2
4 45 74 5 2
1 37 85 5 4
1 57 66 7 1
3 63 81 4 3
2 43 75 5 2
4 85 60 7 2
2 68 78 5 2
0 62 93 4 3
4 43 80 3 5
3 59 75 5 2
4 51 76 5 2
3 63 91 3 3
4 45 71 7 1
2 81 78 4 2
7 51 90 4 3
3 66 88 3 4
5 59 83 4 3
3 91 71 5 3
2 60 114 2 4
4 60 78 6 2
2 55 90 3 3
2 49 92 3 4
3 43 72 6 4
2 60 61 7 1
6 78 54 8 1
1 43 93 4 1
6 50 104 4 1
5 55 81 6 2
1 40 88 3 0
3 65 61 8 3
2 80 89 4 3
1 68 88 3 6
2 66 70 5 7
3 64 59 8 4
6 72 80 4 3
5 50 96 4 4
4 64 68 6 3
2 72 58 8 2
3 78 89 4 1
4 61 96 3 4
2 46 97 3 4
2 48 75 6 1
2 75 101 4 5
4 76 82 4 5
0 42 76 5 2
4 65 86 3 4
5 47 84 4 2
3 55 121 1 4
2 29 66 6 4
2 52 77 5 2
5 59 90 4 5
2 64 55 10 2
3 81 74 6 1
5 59 107 2 3
4 82 86 5 3
5 59 105 2 4
1 57 74 5 4
5 57 108 4 1
4 60 86 4 8
3 79 105 3 3
4 57 99 3 2
5 48 82 5 3
3 71 96 3 6
4 49 73 6 1
5 63 104 3 5
2 68 88 4 2
6 61 95 4 5
4 62 92 6 0
3 50 61 9 2
5 55 76 4 3
7 45 83 6 4
1 48 99 3 2
3 56 113 1 9
4 61 118 2 5
4 66 59 9 4
8 62 85 4 5
6 62 87 5 2
6 48 90 4 6
3 58 80 6 2
5 68 77 5 5
4 44 85 3 4
3 41 78 6 3
1 54 75 7 1
4 73 106 3 0
3 59 89 4 6
3 66 94 3 7
4 68 90 2 5
2 63 76 5 6
5 95 82 4 6
7 47 101 3 6
2 90 89 5 4
4 53 73 4 2
5 66 97 2 5
8 52 81 5 2
4 55 110 2 6
5 74 104 1 5
6 51 67 8 3
1 42 85 5 3
1 60 101 3 3
1 74 66 6 5
1 84 92 3 3
4 48 83 4 2
4 56 85 3 3
4 62 105 3 0
3 61 98 4 2
7 71 81 3 2
3 42 82 5 7
4 84 106 2 4
5 45 88 5 3
3 62 86 3 5
4 59 105 3 4
5 63 98 4 2
5 62 73 5 2
4 46 99 4 3
3 65 83 5 3
2 58 84 4 3
3 72 78 6 2
4 58 70 6 1
3 72 106 3 1
2 46 70 7 4
2 74 102 3 2
4 63 72 6 8
3 62 60 9 6
3 50 103 2 2
3 55 90 3 8
4 51 109 3 5
3 78 78 6 4
5 68 103 2 2
3 55 86 4 2
4 39 87 4 1
5 62 93 4 4
1 52 60 6 6
5 56 83 4 3
2 59 55 8 4
3 46 64 6 4
5 73 103 3 6
3 38 90 2 4
3 65 66 7 4
5 58 44 10 3
0 72 95 5 4
3 48 100 3 5
5 54 81 4 1
5 51 78 6 7
3 56 78 4 4
5 60 64 6 3
3 53 83 5 3
1 59 84 6 9
4 89 67 5 1
6 58 71 4 1
1 51 86 3 4
4 56 96 3 2
5 56 83 4 1
2 68 66 7 6
4 66 108 1 3
1 56 82 4 5
3 47 110 0 4
4 64 90 3 3
3 68 100 3 2
4 85 70 7 4
4 52 87 4 1
5 62 102 2 4
3 51 109 2 3
4 69 90 3 4
2 51 89 4 2
4 73 94 3 6
4 85 97 3 2
6 48 73 7 6
5 83 70 6 5
6 46 76 6 2
6 80 78 6 6
4 41 89 4 2
4 62 90 4 6
1 70 91 3 6
7 73 86 3 2
3 57 62 7 4
3 79 73 8 9
2 51 55 9 5
4 65 89 4 5
4 57 99 3 5
4 47 102 4 2
6 68 99 4 5
3 72 70 6 3
5 54 92 4 3
3 67 68 7 5
2 66 89 6 1
5 61 85 6 4
6 65 95 3 0
5 69 78 4 1
4 84 64 6 5
3 56 73 6 2
1 87 86 6 2
2 49 89 3 2
3 81 85 6 3
3 81 94 4 2
4 68 91 4 3
3 62 97 4 2
4 60 105 2 5
4 80 90 2 1
4 51 80 5 3
3 53 87 4 6
5 57 98 2 1
6 46 71 6 4
4 73 102 4 3
3 76 79 5 5
2 67 72 6 4
4 79 82 5 2
4 81 94 3 9
6 55 86 4 6
3 61 64 6 3
5 44 90 3 4
2 54 93 5 4
5 57 74 5 3
2 65 82 4 4
3 59 77 6 3
2 81 71 7 2
2 62 65 7 4
2 54 87 3 4
3 66 83 4 2
4 51 86 5 3
3 40 67 6 3
3 39 82 4 3
2 70 92 4 4
1 68 90 3 2
5 74 81 4 3
4 67 79 5 3
4 55 92 5 1
6 78 82 6 6
9 56 90 5 3
2 58 93 4 0
7 68 79 5 0
5 70 65 7 5
4 42 86 6 7
3 68 112 0 1
3 41 83 4 3
3 59 77 6 2
3 72 113 1 3
3 54 81 6 4
4 62 102 3 5
5 58 90 3 1
3 62 76 5 5
2 58 89 3 1
5 68 79 6 3
4 58 92 4 4
3 72 60 9 3
2 69 90 5 7
5 74 86 5 3
3 66 104 2 7
3 39 105 4 4
4 74 101 3 5
4 79 85 5 4
4 74 79 4 4
5 85 91 4 4
7 54 92 4 5
6 70 83 4 7
8 65 95 4 2
1 54 43 8 7
5 72 56 6 6
1 95 61 7 4
2 40 109 2 8
7 62 55 8 6
3 59 95 4 5
3 67 102 2 4
4 51 84 5 4
2 35 59 8 2
3 62 95 4 6
3 63 105 3 3
3 61 80 6 2
2 69 81 6 0
2 78 94 2 2
3 54 84 4 3
7 63 57 7 2
4 68 73 7 5
2 71 86 4 4
5 58 88 3 3
3 53 74 5 4
2 71 86 6 5
4 69 112 2 6
5 46 71 6 2
1 72 68 6 0
2 63 106 3 2
3 58 58 7 4
1 88 84 4 5
2 46 71 5 8
4 55 77 6 3
3 69 110 2 4
7 76 70 6 4
3 74 95 2 3
5 66 93 4 1
3 38 67 7 5
5 69 86 5 5
5 54 77 6 2
4 56 92 4 2
1 64 88 4 4
5 69 84 4 2
2 49 97 2 5
4 50 79 6 4
5 69 69 6 2
5 68 86 3 3
3 50 102 3 2
5 65 74 5 5
2 59 66 7 6
7 61 75 4 4
2 63 79 3 6
1 38 63 7 5
2 60 111 3 3
2 54 96 3 0
4 76 99 3 2
5 45 68 7 6
3 62 103 2 5
1 65 84 5 1
6 49 97 3 5
6 41 58 7 4
2 47 84 6 5
3 67 91 5 4
5 54 93 4 3
1 64 82 4 1
3 72 111 2 3
3 74 100 1 5
2 71 87 5 3
5 66 68 5 5
6 63 92 4 4
5 69 98 1 6
3 47 64 7 5
4 57 91 4 5
8 55 78 5 4
6 59 101 2 2
4 58 64 8 1
3 76 98 3 5
2 68 81 6 2
2 52 86 6 3
4 63 65 5 3
3 35 55 8 1
3 63 108 0 4
2 69 112 2 2
3 64 83 4 1
4 75 77 5 4
1 55 69 6 1
7 55 97 2 3
2 91 70 6 4
5 60 65 7 2
1 46 77 6 2
3 62 97 2 5
5 51 96 4 6
4 68 86 5 2
