11 21 47 10 6
5 60 49 9 1
3 57 77 7 5
1 57 86 4 3
2 63 79 6 8
3 79 66 6 3
3 58 88 3 2
3 68 77 5 2
3 59 75 5 4
3 70 98 4 6
5 68 72 4 2
2 54 86 5 5
3 57 87 5 3
5 57 95 3 2
2 64 85 4 6
3 68 69 6 1
2 50 68 5 3
3 37 82 5 0
0 94 72 7 5
2 58 94 4 4
1 57 68 6 2
5 83 84 6 1
4 74 72 6 4
5 75 94 3 4
3 66 96 4 5
2 53 65 7 2
3 66 92 3 4
6 75 82 6 3
0 68 84 4 4
2 58 77 5 4
7 36 68 4 3
4 55 60 8 5
5 60 65 5 1
2 56 109 2 3
2 60 100 3 3
1 61 88 5 2
2 65 82 4 6
2 63 113 2 1
2 66 91 3 1
4 70 71 7 0
1 83 96 2 2
3 75 80 5 6
5 52 63 7 4
6 66 119 1 4
3 70 61 7 4
1 64 78 6 2
7 41 89 5 3
3 88 70 6 5
2 65 79 6 1
4 44 102 4 5
2 73 78 5 4
5 55 82 4 2
3 66 108 3 1
3 63 107 2 2
3 72 79 5 2
1 69 97 4 5
3 69 86 5 1
5 59 103 4 1
5 74 87 4 2
2 32 82 5 3
5 73 70 6 3
5 54 81 6 4
2 68 105 2 4
2 78 102 3 2
4 35 86 6 3
2 35 77 7 2
5 64 76 6 4
4 38 82 5 2
5 71 62 7 1
3 53 92 3 6
3 55 91 3 4
4 54 91 4 4
4 66 64 6 6
5 62 110 2 7
2 76 83 5 3
1 72 80 5 2
2 54 109 2 2
3 60 96 1 5
3 58 121 2 0
3 55 107 2 3
3 67 92 4 8
3 57 81 5 1
3 81 56 6 5
0 54 97 3 4
3 71 89 5 8
3 77 82 5 1
5 71 74 5 2
6 60 54 8 3
1 76 85 5 6
2 75 100 3 5
1 67 78 5 3
2 65 85 5 4
2 51 87 4 4
2 58 70 6 6
4 59 79 7 4
1 57 109 2 6
5 50 112 1 5
3 81 79 4 6
0 62 90 5 4
3 47 93 5 5
2 72 100 2 3
4 60 67 7 1
4 65 81 6 5
4 55 78 6 1
3 62 83 5 5
2 56 96 5 2
3 48 80 5 3
2 62 75 5 2
7 79 99 3 4
5 48 104 1 6
5 53 85 3 1
4 31 64 7 3
2 75 79 7 1
6 83 86 3 3
3 88 87 4 3
1 70 92 4 3
5 59 91 4 1
3 41 86 5 1
4 60 118 1 3
7 50 103 2 3
2 62 84 6 4
3 54 76 5 3
4 47 86 4 5
4 60 91 3 1
3 56 111 1 5
5 53 76 7 1
1 52 86 4 5
4 46 71 6 5
5 63 70 8 5
6 62 101 3 6
5 65 87 3 4
5 69 87 5 4
1 77 99 3 2
0 69 78 7 5
5 57 92 3 6
2 48 89 5 5
3 71 90 2 3
3 74 81 6 0
4 65 96 4 2
2 64 96 4 5
4 47 65 5 2
4 75 95 3 2
4 59 80 5 3
2 49 97 3 7
2 65 64 5 3
2 36 87 5 3
3 48 101 3 2
4 64 75 4 4
6 42 71 6 4
2 37 87 4 1
3 70 110 3 2
1 56 94 4 4
1 85 84 6 4
3 43 83 5 3
6 88 93 3 3
6 40 84 3 1
1 54 82 4 5
2 62 63 6 1
2 71 84 6 3
4 70 94 3 5
5 74 92 5 3
9 33 59 8 2
4 70 95 5 3
3 52 99 3 2
5 76 98 2 4
1 67 80 4 5
3 52 73 5 3
2 54 85 5 1
3 38 94 3 3
3 50 70 8 2
5 62 96 3 3
4 62 93 4 4
3 66 66 6 6
4 45 75 6 2
5 51 93 3 2
4 61 81 5 0
5 63 57 7 4
3 77 85 5 6
4 63 59 6 4
4 71 65 8 4
5 58 78 7 3
8 55 98 3 4
3 55 72 6 5
1 56 80 7 1
4 61 83 5 3
5 73 86 5 3
5 62 70 6 3
2 54 101 3 3
3 60 84 6 4
4 44 95 5 4
4 46 82 6 5
2 59 89 5 6
4 75 102 2 4
6 76 61 8 3
4 85 99 2 4
3 65 63 7 2
1 70 100 2 2
4 55 62 6 2
6 66 96 2 1
5 61 93 4 4
4 68 86 4 4
1 46 81 5 5
5 60 110 3 3
3 57 92 3 1
4 50 57 8 5
2 64 88 5 4
4 64 92 5 2
2 37 75 6 2
4 62 86 4 4
2 27 75 6 7
3 57 94 3 4
1 61 74 5 4
4 62 87 5 1
0 64 67 7 2
5 71 77 7 3
3 63 80 6 2
7 66 79 6 6
1 72 84 5 5
1 48 60 6 2
6 63 69 5 6
0 79 73 6 3
3 59 66 6 2
4 85 93 4 4
8 62 85 6 1
5 70 87 4 1
4 70 86 4 0
3 64 87 5 2
5 55 74 6 4
3 47 79 4 5
2 51 77 6 5
2 38 69 7 2
2 35 83 3 4
5 73 68 6 5
4 61 66 6 4
2 68 96 4 2
5 65 93 5 4
2 76 79 6 4
1 60 72 6 8
7 46 58 7 4
3 88 67 6 1
3 54 93 3 3
3 51 103 4 4
5 65 85 3 7
1 63 92 4 4
0 33 71 6 3
1 58 81 4 3
3 69 82 2 3
6 54 85 6 5
3 60 98 4 4
2 72 89 3 5
1 63 88 3 2
3 73 83 6 4
5 85 83 4 2
4 96 66 7 3
5 64 85 5 4
3 74 83 3 4
2 73 94 5 3
3 71 110 2 4
4 71 92 4 3
3 62 84 4 1
1 68 85 5 1
5 55 95 5 3
5 70 92 4 2
5 57 95 5 4
0 78 89 3 3
4 52 90 3 2
5 41 87 4 3
3 79 94 3 4
2 74 77 6 3
1 58 85 3 4
1 50 87 5 8
4 50 64 6 2
4 78 67 6 8
6 54 74 5 6
2 55 73 6 3
0 49 92 3 5
4 68 82 4 3
3 67 74 7 1
4 50 75 5 3
2 70 95 3 3
3 46 85 7 1
3 54 92 3 3
9 73 75 6 2
4 65 75 5 6
7 62 97 3 4
4 86 91 2 6
4 49 74 6 3
4 76 102 2 3
3 60 90 4 4
4 62 107 2 4
4 66 109 0 3
5 58 92 4 4
2 63 77 7 3
3 71 95 5 8
4 56 76 5 5
1 56 84 2 4
2 68 92 3 3
4 65 74 7 5
5 54 111 1 5
1 48 73 5 1
6 46 77 5 4
2 59 94 5 1
5 57 73 5 2
4 49 86 5 3
2 68 88 5 1
0 68 62 7 5
4 67 106 2 4
4 51 67 6 3
3 52 91 3 3
4 48 85 4 4
4 84 93 5 2
3 49 79 5 4
1 88 66 8 1
4 76 94 3 5
3 65 70 6 4
3 60 99 2 3
4 73 75 2 4
3 48 107 2 1
3 59 63 7 1
4 68 80 6 2
6 76 80 5 2
3 55 81 6 4
4 60 100 3 4
6 63 107 1 4
6 43 95 6 4
3 74 83 4 4
6 61 82 6 2
1 66 81 4 6
3 50 69 5 2
3 58 98 3 1
5 50 80 5 9
3 67 63 6 3
5 19 41 10 2
5 86 79 4 1
6 62 84 5 0
5 73 72 8 4
4 64 83 4 0
1 48 64 6 7
3 86 77 5 3
2 63 72 6 6
3 57 91 3 4
3 67 97 3 3
5 69 97 5 1
5 63 99 4 5
3 43 45 8 4
2 55 107 0 1
5 52 72 6 4
3 52 87 6 2
3 75 97 3 5
1 73 82 6 2
6 51 84 4 3
3 80 69 5 2
1 62 66 5 4
3 50 89 4 5
1 60 86 5 5
2 49 74 5 4
7 68 102 3 3
3 63 104 4 5
4 66 99 1 5
2 46 75 8 3
2 73 76 6 6
7 66 96 5 5
4 72 73 6 2
6 63 97 5 3
8 39 97 3 4
5 70 90 4 2
4 60 94 2 4
2 59 66 5 2
3 64 87 3 2
2 89 77 5 5
2 64 87 5 3
1 65 61 7 3
6 65 109 4 7
5 69 111 2 3
3 79 104 2 6
7 81 81 4 2
2 53 81 5 2
2 68 64 7 6
5 70 73 5 4
1 62 81 4 2
1 58 70 5 6
3 79 84 4 1
4 51 101 3 1
3 74 61 7 3
4 66 96 4 4
3 63 89 3 7
1 57 91 3 0
3 38 68 7 2
1 67 86 4 1
5 68 101 2 1
3 67 91 5 2
2 43 68 5 2
7 28 95 3 6
5 80 96 3 3
1 66 95 4 2
5 72 59 8 4
7 52 94 5 6
5 50 81 6 2
4 62 76 6 3
3 54 70 6 1
1 86 82 5 2
1 66 102 3 1
3 55 83 3 2
3 82 77 6 2
1 51 98 3 2
3 68 81 5 7
5 53 90 2 7
4 60 89 2 1
3 57 103 3 1
2 70 93 3 3
3 54 91 3 2
3 71 101 3 1
3 61 93 2 10
5 64 70 6 5
7 71 99 2 5
2 32 92 4 5
4 64 71 8 1
5 62 104 5 3
3 79 104 3 4
5 58 107 2 4
2 65 92 3 2
2 64 85 4 3
3 71 68 8 8
2 70 116 1 3
4 60 55 7 4
3 57 102 4 2
5 48 82 5 3
4 60 93 3 6
2 69 81 4 5
1 74 78 5 2
6 58 91 4 5
5 59 88 3 1
3 60 82 4 2
2 69 116 1 4
1 58 99 3 8
4 56 101 3 4
3 84 77 5 3
5 27 59 7 3
7 91 90 4 0
5 56 105 3 2
3 63 62 6 0
5 69 102 4 4
2 49 82 5 2
3 48 97 4 2
5 65 88 4 4
4 51 91 3 7
3 68 110 1 3
3 61 103 2 2
3 53 91 3 1
5 61 87 4 5
6 53 90 3 4
2 60 74 6 3
6 35 76 6 9
4 64 86 6 6
3 59 76 5 4
4 46 102 3 6
4 57 99 2 3
5 68 119 1 2
3 42 86 4 4
2 24 53 8 4
4 44 54 7 2
4 39 87 5 4
3 35 89 3 3
5 74 67 7 3
4 64 80 3 3
2 48 84 2 7
7 40 63 7 3
4 40 84 5 3
3 47 73 6 2
0 54 83 5 4
3 63 95 4 2
6 65 69 7 0
3 62 93 3 3
4 84 77 5 3
7 61 95 4 3
2 70 66 7 4
3 65 78 5 4
4 44 90 4 5
1 75 98 1 4
6 59 92 3 3
5 51 86 4 9
4 80 76 5 3
4 62 69 5 3
2 78 85 4 6
1 46 84 5 5
2 54 86 3 2
5 53 53 7 6
3 80 74 6 1
3 55 101 1 5
3 47 93 3 2
4 63 92 3 4
3 59 89 3 1
2 65 79 7 1
5 76 62 8 5
1 43 86 6 5
4 59 105 4 1
6 77 81 5 2
2 69 106 2 1
9 67 66 6 4
3 59 75 6 5
3 60 76 4 4
1 56 67 6 3
2 41 98 3 6
2 37 94 3 1
3 75 73 6 4
4 45 94 3 2
5 58 97 3 5
3 62 109 2 2
1 48 62 8 2
3 56 89 5 1
4 70 89 3 5
3 66 79 4 2
2 48 104 2 3
1 57 70 9 3
4 69 110 2 3
3 71 91 4 2
7 61 92 4 3
3 43 79 5 5
2 47 76 5 5
4 62 86 5 1
1 53 80 5 4
2 69 93 4 5
5 62 88 3 4
5 54 86 5 5
5 65 66 6 7
3 58 122 1 2
4 53 101 2 1
3 60 104 2 6
3 51 91 4 1
5 71 89 4 3
4 50 97 2 3
6 69 107 2 6
3 65 111 2 6
5 61 72 6 5
0 65 94 3 4
2 66 77 5 3
3 60 93 6 2
4 51 97 3 3
2 56 86 4 2
2 52 65 6 2
6 53 73 3 3
3 67 108 0 5
4 43 67 7 3
2 69 86 4 4
2 56 64 6 2
3 56 114 3 4
1 52 76 5 5
3 45 86 4 3
8 72 86 4 4
2 63 106 3 5
3 82 82 4 5
6 80 92 3 3
2 49 79 6 2
4 55 94 3 1
2 73 92 5 5
5 59 82 4 7
2 45 85 5 2
3 44 94 4 1
3 57 99 2 2
5 71 107 2 4
2 60 98 4 2
7 60 96 3 4
2 58 89 6 6
7 78 92 4 2
1 68 79 4 1
3 51 74 6 1
8 50 90 4 4
6 58 84 4 3
5 53 92 3 5
5 77 98 4 3
3 57 60 7 3
3 52 88 5 5
2 44 86 6 4
4 76 87 3 4
1 48 95 3 5
4 54 80 7 5
4 61 74 5 4
4 65 89 3 3
3 72 62 7 1
6 67 71 5 2
5 63 83 4 3
6 66 70 7 4
5 77 78 3 1
4 67 74 5 2
3 80 76 4 1
2 57 95 4 2
2 68 65 5 3
6 64 97 5 5
3 69 89 5 5
0 52 89 4 4
3 50 74 8 4
1 52 88 3 4
3 82 72 6 2
4 51 90 2 4
3 64 87 5 7
6 49 51 9 1
2 57 70 6 3
2 70 93 4 6
5 33 69 6 7
4 80 85 4 3
5 84 89 4 6
3 58 83 6 5
4 52 73 4 2
2 61 77 4 4
2 61 76 5 9
5 47 102 3 7
3 59 91 4 4
2 39 78 5 3
4 56 105 2 6
5 58 82 4 8
3 47 81 6 2
6 53 82 5 2
3 65 73 4 3
2 83 60 8 3
3 57 70 6 3
3 63 66 6 4
5 61 68 7 1
7 66 73 5 2
2 56 95 2 2
7 56 87 5 3
2 69 84 3 2
5 46 74 4 3
4 58 91 3 3
5 59 117 1 2
1 42 92 4 3
6 46 84 6 4
3 87 99 2 1
3 39 63 8 4
2 81 72 7 2
4 77 79 4 0
6 54 103 2 4
7 71 75 5 2
7 62 96 6 1
2 55 87 3 3
5 58 109 1 4
4 79 86 5 4
1 66 86 4 4
5 62 83 5 2
6 70 67 6 4
4 53 103 2 3
3 72 85 4 8
5 46 96 4 5
2 49 77 5 6
4 66 97 4 6
6 70 101 3 3
1 57 102 3 4
1 59 77 3 6
1 52 83 5 2
3 58 94 3 6
5 73 91 3 11
5 71 73 5 9
7 44 66 5 5
2 55 65 7 3
3 54 91 5 5
7 46 70 7 7
8 48 101 3 2
3 75 53 9 2
2 43 72 6 2
5 55 61 7 4
2 55 81 4 3
3 42 74 6 5
3 50 74 5 4
1 52 104 3 5
4 67 112 4 0
5 68 98 5 10
4 72 91 4 7
3 67 110 3 4
7 68 68 7 4
4 54 95 3 1
3 63 96 4 7
5 62 69 6 3
2 48 109 3 4
5 69 81 4 6
4 52 73 6 6
5 70 94 4 4
8 73 82 5 2
3 57 104 2 4
4 64 86 4 3
3 62 111 2 4
4 82 95 2 2
3 48 80 6 1
5 61 92 3 3
3 65 95 5 2
2 60 76 5 0
3 55 103 2 7
4 63 87 3 4
1 58 96 5 4
4 53 104 3 7
3 51 85 4 7
3 68 90 4 4
6 67 97 2 4
0 51 67 6 3
4 60 101 4 1
2 57 84 4 2
0 78 65 7 4
4 67 112 2 3
2 76 84 5 5
3 69 82 4 1
3 77 60 7 1
5 50 81 5 5
1 76 71 6 4
4 64 80 6 5
3 52 60 6 2
4 46 81 5 4
3 58 90 3 4
4 59 88 3 2
2 56 100 3 3
1 71 98 4 1
5 72 92 4 3
5 60 92 3 4
5 69 86 4 0
4 66 84 4 5
2 55 76 6 7
4 59 86 3 1
5 47 90 5 6
2 65 79 3 7
4 69 78 3 2
4 46 56 8 4
6 49 107 2 1
2 65 98 2 1
2 77 83 4 2
2 65 83 5 3
5 57 91 4 8
2 64 87 4 3
3 85 91 5 6
5 62 89 4 8
5 53 75 5 4
4 59 82 4 4
4 65 98 3 7
2 62 84 4 3
5 54 78 4 5
0 48 75 6 4
4 67 83 4 5
2 79 100 4 3
3 59 46 11 3
2 64 105 2 3
3 27 77 6 2
5 70 104 3 2
4 78 66 8 0
2 59 87 4 0
5 70 83 4 5
7 61 82 5 5
5 47 99 2 5
3 73 87 4 3
2 72 75 5 3
1 82 72 5 1
3 62 79 5 6
2 67 81 5 3
2 69 74 6 5
4 67 91 3 7
4 53 60 8 7
2 45 53 8 2
1 80 88 3 4
6 59 88 3 0
2 60 113 2 5
5 82 69 7 3
4 70 88 4 2
1 68 109 2 4
2 56 61 7 3
6 71 80 5 2
4 61 100 3 5
3 60 85 4 4
4 58 91 2 4
3 55 84 4 8
3 43 87 5 3
1 59 115 1 3
3 83 78 5 1
6 77 55 7 3
4 53 108 3 4
4 43 65 7 4
5 60 114 2 3
5 71 82 5 5
3 62 81 3 5
2 41 65 6 4
8 50 77 5 1
7 39 63 6 5
1 54 70 7 1
4 47 91 4 3
4 47 63 6 5
5 58 92 6 0
3 84 69 6 4
2 57 104 2 3
1 41 76 7 7
3 48 91 3 4
3 63 86 5 2
6 52 81 4 4
2 53 85 6 4
2 53 82 5 5
5 61 82 6 2
5 87 69 8 3
5 75 67 6 2
2 61 95 3 2
5 56 91 3 4
5 69 97 3 2
7 69 65 6 3
2 58 55 7 8
2 48 47 8 3
1 60 108 2 3
3 63 63 7 4
5 60 76 4 8
5 57 109 2 3
3 72 109 2 8
4 68 103 3 3
2 48 103 2 3
2 45 49 10 3
3 78 59 7 6
5 67 72 6 5
3 69 102 4 1
5 54 90 4 5
1 53 90 5 4
3 44 87 4 3
3 65 69 6 2
6 78 83 4 3
2 39 60 6 6
3 64 80 8 2
8 56 95 3 5
5 64 102 2 0
2 52 87 2 4
3 68 81 4 2
3 68 98 3 6
3 69 71 6 4
1 76 74 7 4
3 55 51 9 2
2 36 87 4 4
3 48 74 6 4
1 62 113 3 6
3 42 80 5 4
5 58 96 3 3
2 42 63 6 1
4 32 67 4 2
1 59 99 2 4
4 61 77 5 4
5 68 84 5 2
2 58 70 5 3
5 59 84 5 2
3 77 66 5 5
1 41 96 3 3
2 60 94 3 5
6 53 94 5 3
3 39 74 6 0
4 77 84 4 1
6 74 98 2 4
8 62 49 10 7
4 64 96 4 4
5 65 77 5 6
5 83 94 4 4
3 63 79 5 6
2 58 112 2 1
0 38 63 7 2
3 78 91 4 2
2 57 93 3 5
3 62 100 3 8
5 73 76 4 2
6 67 78 6 2
0 73 86 4 6
6 76 38 11 3
5 59 81 4 1
4 72 76 7 4
4 56 92 3 3
2 73 86 4 6
3 74 82 4 3
3 54 107 2 2
4 80 98 3 1
4 56 92 4 2
4 71 91 2 2
2 85 98 2 4
2 51 82 4 2
4 47 74 6 3
3 61 68 7 8
4 63 95 4 5
4 79 91 3 7
5 62 96 3 2
2 61 83 3 2
4 66 82 6 4
4 67 92 2 0
3 47 82 6 5
2 72 97 3 2
2 71 93 3 4
3 55 100 1 6
4 48 97 3 4
3 62 76 6 2
3 51 93 3 3
4 58 66 5 2
9 58 76 5 4
2 56 86 5 4
5 61 91 3 4
4 66 76 4 3
4 69 83 5 2
2 94 69 4 8
2 84 69 6 6
1 55 57 7 3
2 60 88 4 0
3 68 91 2 3
6 52 66 5 2
3 69 53 9 0
3 43 85 6 3
6 54 103 4 1
5 59 87 6 1
4 52 89 4 3
6 59 85 4 8
1 56 73 5 6
2 51 83 4 6
5 56 92 3 2
4 78 97 2 4
4 30 97 3 4
3 54 74 4 1
4 61 86 3 7
4 57 91 5 3
7 65 70 8 4
4 61 96 3 6
1 59 76 6 3
3 56 107 4 4
5 58 111 2 2
5 80 70 6 4
6 64 86 5 5
7 37 75 5 3
3 97 87 5 1
3 65 92 4 4
2 55 106 3 4
3 69 90 3 5
0 78 76 7 6
1 65 92 4 4
3 38 82 5 6
4 59 96 3 3
2 45 98 3 5
1 63 81 7 4
4 73 103 2 4
5 48 71 5 1
2 52 74 7 3
6 50 89 4 5
4 70 101 2 4
2 67 99 3 4
2 63 82 5 2
6 64 79 5 3
2 63 78 4 5
3 70 86 5 6
4 44 85 4 4
5 71 110 0 4
3 78 86 6 3
4 48 71 5 7
2 52 98 4 3
6 57 101 3 4
4 70 93 3 2
4 65 93 4 2
5 79 81 5 3
7 86 66 5 4
6 64 73 7 4
3 62 100 3 5
4 63 89 5 3
4 55 88 5 5
2 68 78 6 7
2 57 99 4 0
3 63 71 6 3
4 64 56 9 5
3 61 85 4 4
1 58 91 4 2
1 72 65 6 2
5 59 44 10 8
4 87 79 7 1
2 38 74 5 1
5 53 87 4 0
9 55 85 5 2
2 81 89 3 3
2 52 91 4 3
3 65 99 4 3
4 59 89 3 5
2 68 96 2 5
5 45 76 5 4
4 43 67 7 3
6 54 90 4 4
4 80 77 7 6
6 56 92 4 1
5 73 93 3 2
2 48 86 5 1
3 71 98 2 3
2 39 74 6 5
6 99 48 9 0
3 55 95 2 2
5 63 95 3 2
3 62 79 6 2
3 72 84 4 1
5 40 87 5 3
2 60 98 2 2
2 41 75 6 2
3 51 89 6 6
3 49 73 6 5
3 50 118 1 4
0 64 102 3 4
4 38 81 4 3
4 78 76 3 4
1 62 96 3 1
4 62 90 5 2
5 76 77 5 4
8 55 85 4 1
1 64 117 1 3
1 68 69 6 2
6 57 73 5 1
3 58 105 3 3
5 70 63 6 8
5 71 91 3 1
2 53 91 3 1
2 80 94 2 5
5 53 86 3 4
5 68 99 3 0
1 41 88 5 0
8 61 86 5 6
5 36 63 8 3
3 66 79 5 8
6 53 82 4 2
3 50 58 7 6
2 92 54 9 2
5 38 72 6 4
4 50 61 7 2
5 65 99 4 6
4 64 84 4 3
2 70 115 3 4
3 56 90 4 3
9 46 93 3 7
8 68 109 3 2
4 73 92 5 2
5 60 92 4 2
2 63 68 5 7
2 67 98 2 2
7 66 87 4 4
4 54 97 4 3
5 67 81 5 1
6 52 64 7 8
1 59 79 4 3
3 51 90 4 2
4 88 75 5 5
3 57 86 4 7
3 58 80 4 3
2 54 90 4 5
3 43 78 5 4
1 44 74 5 2
2 72 88 6 1
1 48 78 6 4
2 70 80 5 6
5 59 94 4 4
2 71 83 6 2
7 72 98 4 3
3 69 100 3 3
1 57 81 5 2
1 69 89 4 2
5 43 93 4 3
3 83 88 5 5
1 64 94 3 2
6 60 89 4 5
3 71 89 3 3
2 59 95 3 4
3 74 100 3 4
0 72 78 4 5
4 59 62 7 8
4 55 63 7 3
2 63 93 4 2
4 74 101 2 7
1 90 87 3 1
6 78 95 4 3
2 61 61 8 2
2 50 80 4 4
4 58 71 7 2
3 49 96 3 7
3 62 60 7 3
5 86 82 4 4
5 79 98 2 4
4 92 60 8 3
1 47 56 9 0
3 64 91 4 2
2 71 70 5 2
4 65 88 5 3
2 78 85 4 2
4 68 90 3 7
4 71 77 4 1
3 32 69 7 5
5 69 96 5 2
3 50 88 3 2
3 79 81 6 5
4 73 76 6 2
5 43 89 5 2
1 76 96 3 1
5 49 59 8 4
5 74 86 2 1
2 52 83 4 1
3 55 89 4 0
5 73 69 6 3
3 54 101 3 6
4 67 85 5 1
3 37 61 9 5
3 58 101 2 3
3 72 96 4 1
7 30 54 6 6
2 51 87 4 5
5 66 105 1 4
3 67 104 1 1
1 49 66 8 5
5 56 95 4 3
4 70 99 2 5
4 46 113 2 3
3 56 85 3 5
6 61 91 6 3
5 50 84 6 6
4 84 81 6 3
4 54 87 3 0
3 50 99 3 5
4 92 77 8 3
5 73 103 3 1
6 55 87 4 2
2 74 98 3 3
4 74 86 3 4
3 49 87 4 6
1 72 90 5 7
2 42 93 3 1
3 70 90 2 4
2 55 76 5 2
3 69 113 1 4
5 48 90 6 2
4 64 80 5 3
4 64 84 5 3
1 43 79 6 2
2 65 105 3 3
4 73 98 2 1
1 52 84 5 3
4 66 103 2 5
2 48 82 5 5
5 51 79 4 3
2 70 52 9 4
4 49 88 4 4
3 89 98 5 4
1 71 75 7 3
3 44 87 4 4
5 71 117 2 1
2 64 77 4 5
4 64 101 3 4
1 54 83 4 2
3 59 106 3 4
4 43 83 5 2
5 62 99 4 5
3 80 87 5 5
4 28 82 5 2
9 55 100 3 4
4 68 67 7 4
3 56 82 5 2
3 80 81 6 3
2 79 81 5 2
3 68 81 5 3
2 53 84 5 3
5 64 99 3 3
5 31 73 6 0
6 42 73 6 6
5 64 88 4 6
2 46 90 4 6
5 77 71 6 4
4 71 80 4 4
5 62 68 6 2
3 54 83 6 3
5 57 85 3 1
4 51 94 3 1
4 66 100 3 3
5 69 75 7 5
4 56 99 2 4
4 53 106 2 3
3 72 91 3 2
5 61 92 4 2
3 48 96 2 3
3 67 95 3 5
4 39 79 4 6
7 63 97 3 4
2 57 87 3 3
4 53 63 7 6
3 34 63 6 0
5 43 71 7 6
4 75 97 3 6
2 66 82 5 5
3 65 74 4 2
3 64 62 9 6
5 52 92 4 2
7 65 100 3 1
3 87 48 7 5
1 69 76 5 5
5 73 70 6 4
1 51 83 5 5
4 68 76 6 2
4 77 88 4 3
1 68 63 6 2
4 58 95 3 4
5 76 85 2 5
4 73 89 4 5
2 72 86 3 2
4 41 81 5 6
2 75 87 4 6
2 61 91 3 4
3 61 91 4 4
6 68 102 3 8
4 58 83 4 1
5 35 56 8 3
7 53 52 9 5
2 69 108 2 3
5 76 102 3 3
3 61 102 2 3
1 61 89 3 6
3 56 106 3 1
4 80 77 6 5
0 68 88 5 1
3 93 78 5 3
5 60 89 4 5
5 63 99 3 5
3 81 89 5 5
3 46 89 4 4
3 60 88 5 2
5 78 91 3 4
2 59 70 6 3
1 62 109 1 2
3 65 107 2 6
3 64 91 3 3
4 75 91 3 6
4 55 70 7 5
4 47 79 5 2
5 45 76 5 2
2 64 108 1 6
2 43 74 6 2
5 69 81 5 0
9 59 73 5 4
3 59 82 5 5
4 58 78 6 6
5 79 93 4 3
1 65 85 4 2
6 59 86 5 5
3 70 95 3 4
5 67 85 4 4
3 64 92 2 5
3 66 86 3 6
3 60 106 3 0
3 61 91 3 2
2 74 86 5 3
4 40 81 4 5
4 64 70 6 3
3 62 113 2 7
3 71 108 3 8
2 38 84 4 1
5 63 88 5 2
3 51 87 5 1
2 64 109 3 4
3 44 80 6 2
5 64 97 4 3
1 67 89 5 5
1 58 48 9 2
2 65 94 5 2
4 61 65 4 4
6 40 91 2 5
2 74 85 4 3
4 72 99 2 4
1 73 65 7 4
4 72 59 7 3
6 55 97 5 5
2 62 51 7 2
4 65 80 5 4
3 69 59 9 3
3 67 96 3 3
2 41 91 4 6
3 49 109 3 5
3 61 93 4 3
2 81 94 4 6
4 74 94 3 7
5 108 79 7 3
5 54 84 6 5
3 52 83 5 3
3 63 70 5 6
4 58 73 6 3
1 49 101 4 5
3 53 95 4 5
2 66 63 8 7
2 79 96 4 3
2 70 66 8 3
5 68 114 1 3
2 53 82 4 3
2 81 92 3 6
2 55 88 4 1
3 81 95 5 0
5 66 87 2 2
4 82 69 5 2
3 64 89 4 3
5 58 79 6 4
3 32 66 7 2
3 53 69 7 5
3 84 80 5 6
4 63 92 2 3
3 47 89 4 3
2 69 118 2 6
5 69 94 4 3
2 49 74 5 3
5 81 82 5 2
0 66 68 5 5
2 59 69 7 4
3 50 91 4 2
3 57 87 5 4
5 80 80 4 4
3 64 98 2 6
5 73 71 6 4
2 69 125 1 4
4 70 88 5 4
5 36 52 7 4
3 47 82 6 6
3 86 78 3 2
2 37 86 4 3
4 53 50 10 4
4 50 83 4 2
2 44 97 3 3
1 63 79 4 4
0 97 80 5 2
3 77 89 4 3
7 57 75 6 6
4 53 70 7 3
2 54 72 6 2
2 64 93 4 2
4 76 109 3 1
3 73 104 2 8
3 59 99 3 1
6 63 88 5 6
6 52 90 3 4
4 73 91 6 8
5 77 82 4 1
6 74 105 4 3
3 38 95 3 1
4 53 100 1 4
1 56 94 3 3
2 79 72 5 2
5 47 95 3 6
3 75 86 3 3
3 51 100 2 4
6 79 76 7 2
5 58 88 4 2
8 45 84 5 4
2 38 72 7 7
3 57 74 5 3
5 44 75 6 4
3 49 89 4 2
3 73 64 5 2
5 54 77 3 7
5 77 79 4 4
2 44 98 2 5
3 66 81 5 4
3 57 100 3 2
3 56 91 3 1
5 65 111 3 5
1 61 84 5 3
4 66 82 4 5
2 59 113 2 2
2 65 84 4 5
3 76 93 5 5
4 62 103 4 2
8 36 67 7 2
7 70 93 3 2
5 62 65 6 0
7 52 82 5 3
6 55 69 5 2
4 70 84 6 5
4 81 69 6 6
4 71 76 5 5
3 60 104 4 6
3 55 98 2 2
1 61 91 4 2
4 70 103 3 3
2 50 95 5 3
3 67 114 0 4
3 55 73 5 4
2 79 94 2 3
3 61 83 3 6
1 47 110 3 6
5 60 82 4 2
2 61 77 6 1
2 54 81 4 7
1 59 101 1 3
2 66 80 4 3
3 73 97 3 3
5 49 100 4 5
4 50 76 6 1
5 82 89 2 4
3 52 77 5 5
1 59 54 9 2
4 63 81 6 3
1 74 90 2 5
0 79 79 6 1
4 77 85 4 6
5 48 93 4 1
2 43 96 4 4
1 65 89 4 2
2 52 103 2 7
3 70 60 6 2
5 65 109 2 3
4 66 86 5 2
0 48 92 5 3
3 56 87 4 12
1 50 51 9 5
4 74 92 5 4
6 49 88 5 7
4 69 90 6 6
2 58 88 6 3
6 59 85 4 2
1 51 84 5 5
6 45 91 4 2
3 59 71 6 7
2 68 62 7 1
4 66 62 6 3
1 62 92 3 1
1 56 92 4 1
4 45 73 5 4
2 82 57 8 6
5 76 96 3 3
3 53 93 4 2
5 58 77 4 3
6 33 79 4 1
3 71 92 4 4
4 54 83 4 5
5 80 77 4 3
3 67 84 4 2
6 63 76 5 2
3 59 71 6 5
1 62 77 5 3
3 45 75 6 4
2 38 75 4 4
6 49 76 7 4
7 72 81 4 5
3 62 97 5 3
7 53 84 5 3
5 49 99 3 5
3 59 89 3 4
3 66 82 7 0
3 63 97 5 4
4 70 79 6 6
5 57 84 6 1
0 71 72 5 5
4 62 70 7 6
1 65 92 3 1
3 64 99 3 5
4 53 88 2 5
2 63 79 4 2
6 57 97 2 0
2 60 112 2 5
2 22 68 7 1
3 61 105 0 6
3 37 86 4 3
3 68 83 6 2
5 58 94 3 4
4 67 100 4 4
2 47 80 4 5
1 34 76 6 6
3 72 72 6 3
4 56 85 4 6
1 52 85 4 9
4 56 108 1 4
4 55 91 3 5
4 41 83 6 6
3 52 103 2 1
4 46 95 4 4
4 51 96 2 2
4 61 88 4 2
2 66 94 3 5
4 73 88 4 5
1 56 92 4 3
2 52 89 3 0
5 53 85 4 5
3 59 98 2 4
5 51 90 3 2
3 50 90 5 2
4 53 93 3 4
2 82 74 6 2
3 71 84 4 2
4 59 77 5 4
6 76 87 5 3
4 61 83 6 6
3 78 79 4 4
4 58 75 5 3
2 39 56 9 4
4 61 71 4 2
7 69 85 5 5
2 54 64 8 2
5 71 102 3 1
5 54 84 5 4
4 59 51 8 5
1 75 49 9 3
2 59 107 1 1
4 50 76 5 4
5 82 56 8 5
6 55 83 7 3
4 66 83 5 3
5 64 83 3 1
5 55 69 7 5
3 43 82 5 2
2 51 81 5 1
8 52 87 3 5
3 59 74 4 4
0 50 69 7 2
4 72 74 5 5
7 59 77 6 3
4 50 82 5 1
3 54 64 7 4
6 49 77 5 4
2 61 69 7 5
4 57 94 4 5
6 71 99 4 1
3 70 66 7 4
2 66 106 2 3
4 63 91 5 5
3 67 86 4 5
3 70 77 6 0
1 61 88 5 2
4 49 84 3 3
2 78 89 3 4
7 71 99 4 1
2 52 70 7 4
4 69 100 3 3
2 64 79 5 4
1 63 70 7 7
3 54 78 6 5
3 69 78 4 4
6 76 86 4 4
5 69 108 3 3
1 61 88 5 1
1 57 86 3 4
3 58 85 3 2
5 54 79 6 4
6 57 104 1 6
3 58 73 5 3
5 83 101 2 4
7 74 97 2 4
7 49 78 4 2
1 43 103 2 5
6 82 76 5 4
5 53 109 2 1
2 60 80 4 3
2 66 95 3 4
2 73 96 3 1
1 57 102 3 2
1 46 68 6 1
3 66 75 5 6
4 54 82 4 3
2 45 88 5 3
3 71 91 3 3
3 59 92 5 5
4 57 77 5 7
2 83 78 6 3
2 50 94 3 4
3 46 84 4 4
4 56 92 3 5
2 62 73 3 3
0 64 85 4 4
3 63 109 3 1
2 78 99 3 4
2 61 98 3 4
0 64 62 6 3
2 45 63 9 7
3 69 77 5 0
3 62 90 4 3
5 63 81 5 3
3 66 78 5 4
5 48 80 4 0
3 71 91 4 4
6 50 74 6 4
3 74 89 4 3
3 47 82 6 4
4 53 68 7 3
3 58 60 7 1
5 50 76 4 3
2 58 81 5 3
2 67 87 3 2
3 45 68 5 0
3 70 84 4 1
1 52 104 4 3
6 49 103 2 1
4 59 90 4 2
3 61 75 6 3
5 75 90 3 3
2 50 89 4 4
5 74 96 4 5
4 74 98 4 1
0 60 80 4 3
5 49 68 6 4
3 74 103 2 1
3 70 86 5 2
5 55 99 5 3
4 61 104 3 3
3 75 96 5 5
3 61 74 6 5
1 71 96 4 0
2 59 101 2 3
3 53 70 6 0
6 65 98 3 0
1 85 85 4 4
3 60 79 4 6
3 54 89 4 3
4 56 76 6 1
3 77 83 4 5
3 64 94 3 5
3 46 74 6 6
3 55 86 3 2
4 59 82 5 4
3 54 95 4 9
1 66 96 3 2
2 38 89 5 5
1 77 105 2 6
3 43 80 4 2
4 67 85 5 4
2 38 78 4 3
7 66 108 2 1
4 69 88 4 5
4 58 68 6 3
3 78 80 4 4
3 58 72 6 8
3 41 86 5 3
2 52 79 5 3
4 44 81 6 4
1 80 89 4 4
5 39 88 4 5
6 49 97 2 7
1 66 93 3 2
3 81 84 5 4
4 83 87 3 3
4 60 105 3 1
1 43 66 9 3
4 60 90 4 3
6 42 79 4 3
3 72 99 2 7
3 52 88 4 4
3 49 91 5 2
1 74 81 4 3
2 48 88 4 3
5 65 89 5 2
2 59 78 5 6
4 79 101 5 1
2 53 70 6 4
6 57 91 4 1
5 60 92 3 5
5 59 95 3 3
3 90 66 7 5
4 61 111 1 1
5 66 69 6 3
3 61 73 6 5
6 81 66 6 3
3 55 102 3 2
5 66 78 6 7
3 52 93 3 6
2 74 92 3 3
3 63 87 4 3
3 62 75 6 5
4 103 60 8 2
2 61 79 6 3
3 62 85 4 4
6 52 84 3 3
2 59 77 5 1
5 60 99 3 5
1 74 97 3 2
1 58 97 3 3
7 63 60 7 2
2 63 78 5 5
7 90 73 6 6
6 64 98 2 5
4 48 61 9 3
1 73 84 6 2
2 54 88 5 2
7 65 82 3 4
2 69 87 4 6
6 49 71 6 3
3 88 85 4 5
2 58 91 6 3
4 61 97 3 2
2 68 87 4 4
3 63 78 6 5
5 77 41 9 7
4 57 96 3 6
3 60 60 6 2
2 38 72 8 4
2 69 85 4 5
4 67 79 5 2
1 38 90 4 3
0 70 74 6 5
4 59 83 4 6
3 66 82 5 1
3 35 58 9 5
2 68 69 8 4
6 67 86 5 1
6 51 76 5 0
3 76 78 6 4
3 53 83 5 3
3 64 102 3 5
8 43 97 2 1
4 72 74 4 3
4 47 96 3 1
3 63 95 3 3
3 44 71 3 3
5 36 91 4 4
1 64 99 2 3
4 61 85 4 2
2 53 88 5 2
2 45 88 6 4
5 63 79 5 4
5 54 94 3 4
6 41 80 6 6
4 69 99 4 5
4 70 80 2 5
2 51 91 2 4
3 86 82 6 4
5 38 73 6 3
4 50 91 5 8
4 44 82 5 2
0 51 104 2 5
2 76 78 4 3
3 57 99 3 2
2 54 69 5 1
2 66 83 5 7
4 66 116 1 3
2 79 90 3 4
3 67 96 1 2
3 66 68 6 3
2 80 108 3 5
1 55 79 5 3
3 54 94 4 3
3 51 83 5 2
3 75 85 4 3
5 65 114 2 5
0 61 84 5 4
3 74 105 3 2
3 47 80 4 2
0 52 93 4 2
4 75 79 6 2
4 56 69 6 3
2 59 88 4 2
4 76 76 5 1
2 85 91 4 0
3 69 77 3 4
2 60 93 3 4
6 74 93 4 3
3 70 81 5 3
4 74 78 7 5
2 67 99 3 4
2 63 90 6 5
3 56 78 5 1
3 41 104 2 6
5 69 73 5 5
2 75 96 4 1
4 59 76 5 3
2 69 97 3 5
2 74 99 1 3
3 54 81 5 1
6 83 75 6 1
4 76 100 3 3
3 83 103 3 7
1 58 75 6 2
1 59 93 2 6
5 69 87 3 4
6 88 68 8 2
2 60 73 6 6
3 78 69 7 3
3 55 80 4 3
5 42 69 6 3
5 64 95 3 7
3 69 97 4 3
4 56 99 4 5
4 71 116 3 4
3 56 71 5 4
8 67 68 7 1
3 53 55 6 3
3 51 82 4 1
3 61 84 4 5
5 52 60 6 6
2 82 87 6 2
2 59 100 4 1
5 71 97 2 2
4 50 88 3 4
5 52 106 3 4
3 45 91 2 3
1 49 76 6 3
4 64 74 7 6
1 55 94 4 4
3 65 76 6 4
6 55 73 5 5
7 64 85 6 3
2 83 76 5 4
3 67 94 4 4
4 47 75 5 3
3 48 77 5 3
5 53 101 2 3
4 71 65 6 1
3 69 90 3 0
4 58 73 6 8
4 51 84 4 0
3 59 83 5 6
4 53 88 6 3
3 61 76 5 4
4 62 80 6 2
2 74 88 4 6
4 49 83 4 6
1 54 79 6 4
2 60 67 7 4
5 60 84 6 1
2 56 79 5 4
6 57 97 4 5
3 66 94 3 1
3 70 99 3 5
3 56 98 3 1
3 50 85 4 1
3 52 84 6 4
1 76 80 4 3
5 63 75 6 3
3 55 101 2 5
5 61 81 5 7
2 55 98 3 3
10 66 68 5 4
2 71 85 4 4
1 61 110 2 3
3 60 87 3 3
3 45 86 3 4
3 56 75 5 4
3 54 85 5 3
1 54 87 5 7
7 52 76 4 4
3 49 79 4 2
3 67 64 6 4
2 64 85 4 3
3 46 88 3 2
3 91 62 5 1
3 61 89 3 7
4 68 80 6 5
6 66 105 3 6
3 66 91 3 5
2 60 91 6 8
5 86 93 2 4
3 71 91 4 2
6 68 89 3 4
5 48 80 5 1
5 59 79 5 3
5 68 94 3 8
4 58 75 4 4
4 58 107 2 3
4 48 100 4 5
2 50 78 3 4
2 46 81 4 3
4 60 73 3 6
8 40 72 5 2
1 88 97 2 3
3 54 90 4 1
2 71 111 2 3
2 53 94 3 1
7 85 84 4 8
2 63 90 5 1
4 62 94 4 2
3 59 125 2 3
1 49 82 3 4
2 68 87 5 3
3 57 69 5 4
4 75 82 3 3
8 62 95 5 4
5 78 69 7 3
2 54 84 5 4
3 59 83 5 4
4 54 104 2 0
5 54 82 3 5
4 72 87 3 7
2 67 84 5 4
5 50 99 4 3
5 64 90 5 8
5 68 93 4 3
0 70 103 2 3
4 62 70 6 3
2 52 87 5 5
2 70 67 8 2
6 84 88 3 3
2 58 83 5 4
6 54 54 8 2
5 56 82 5 0
3 68 85 2 5
4 72 85 4 6
4 73 72 4 3
5 82 60 7 1
1 49 85 3 5
4 53 68 5 5
2 74 72 4 1
4 65 79 4 0
1 39 84 5 5
3 83 84 3 5
4 67 86 4 5
0 57 68 5 0
2 42 75 5 3
8 63 85 4 4
4 55 83 6 4
3 74 66 6 4
2 44 73 7 5
4 65 76 5 3
4 53 92 5 2
2 72 92 5 6
3 46 86 3 1
3 51 76 6 3
4 62 93 5 4
5 44 68 6 2
6 39 69 7 3
5 62 68 8 2
3 76 102 4 5
2 53 81 6 6
3 62 71 6 3
5 50 89 3 1
2 75 66 7 3
2 75 98 3 5
2 54 68 5 4
3 77 87 5 2
4 55 101 3 4
3 44 79 7 5
4 62 85 4 1
3 64 95 3 3
2 77 83 6 3
2 44 83 6 2
2 53 70 5 4
1 82 96 3 5
0 57 81 4 3
2 71 70 5 5
2 47 88 5 1
5 69 92 3 2
2 52 102 2 4
4 74 93 2 5
8 52 62 8 4
3 84 65 6 4
5 56 103 2 4
4 60 67 6 4
2 36 78 6 4
2 59 87 5 4
3 48 69 8 1
5 54 68 5 4
2 55 89 4 6
3 66 74 6 3
4 64 120 1 7
2 48 86 5 0
2 54 89 6 2
7 52 62 5 3
3 53 69 5 1
3 55 86 5 6
4 53 90 4 1
4 48 88 4 1
4 39 96 2 1
1 72 78 4 4
3 76 71 6 3
3 77 89 4 1
4 76 73 7 5
6 60 95 2 5
1 64 105 3 4
4 73 100 5 4
6 46 86 4 3
3 55 85 5 3
2 51 69 6 4
6 43 65 6 3
4 85 83 4 5
2 48 81 5 3
7 67 92 4 0
1 60 91 3 1
4 66 92 3 2
2 48 89 4 3
4 48 81 4 4
5 39 81 5 3
5 57 104 3 5
7 45 100 1 6
2 56 85 4 4
6 54 75 4 4
6 64 63 7 6
2 76 86 4 2
3 60 86 5 4
4 47 86 4 5
4 54 81 6 4
3 66 85 4 3
2 55 91 4 2
5 77 80 4 6
3 78 68 7 9
4 53 97 4 6
1 67 115 1 4
3 55 83 5 2
1 68 81 5 2
4 75 97 2 5
5 71 80 4 3
0 70 70 7 6
5 68 78 5 1
4 36 84 4 3
1 74 75 6 5
0 51 96 3 6
2 68 102 3 4
4 80 83 6 6
2 67 86 4 2
2 54 80 5 3
2 66 87 5 4
1 71 91 3 7
3 59 108 2 5
3 59 96 2 1
3 77 76 5 0
5 67 68 6 6
3 76 89 4 8
3 58 79 5 5
3 72 99 3 3
5 71 105 3 3
3 50 70 5 3
3 38 77 4 2
3 66 86 4 2
1 68 93 3 4
1 32 87 6 1
3 58 77 6 3
6 54 86 5 1
2 67 98 2 4
1 64 103 2 3
6 45 66 7 3
2 54 100 3 6
5 54 71 6 3
2 75 95 4 5
4 73 92 3 4
2 66 91 5 4
1 66 82 5 6
5 47 81 6 2
3 72 56 8 1
3 68 83 3 6
4 75 76 4 5
3 50 92 4 4
5 48 62 7 4
3 68 103 2 4
2 55 84 4 3
2 49 86 5 1
3 59 105 2 1
1 64 95 3 1
7 85 74 4 5
4 65 83 5 7
5 65 62 6 3
2 57 70 5 4
3 70 100 4 3
1 52 92 4 6
1 82 50 8 3
5 67 89 3 3
5 74 91 5 1
4 81 92 4 1
4 73 88 5 3
2 61 105 4 0
3 59 90 5 1
3 75 69 6 1
3 77 80 4 4
3 77 108 3 5
2 78 87 6 2
7 44 95 3 4
5 62 86 3 4
6 32 69 6 1
2 79 95 3 5
3 75 98 4 4
3 55 82 6 3
4 51 86 4 3
2 64 79 4 3
4 60 93 3 6
2 80 75 7 5
2 67 92 4 3
4 61 108 2 2
2 59 89 5 4
5 47 106 2 3
1 71 65 6 5
0 64 73 5 0
5 67 105 2 0
1 57 61 7 4
3 60 97 1 1
5 60 81 5 4
1 69 88 3 4
4 76 84 4 4
6 78 96 3 2
3 65 94 3 2
6 63 70 6 1
2 63 59 6 4
2 52 96 3 4
2 56 73 5 4
6 65 84 4 5
4 72 85 5 4
2 77 103 3 1
6 41 93 5 1
4 62 78 5 5
2 39 77 5 2
4 63 94 4 5
6 67 61 7 5
2 67 77 6 4
5 65 101 4 4
3 74 74 6 1
6 76 84 4 5
3 52 100 3 5
7 57 71 6 3
2 56 80 6 2
2 75 97 3 7
4 54 83 5 0
4 79 104 3 6
2 72 108 0 3
3 57 90 4 3
2 64 95 4 4
3 46 74 7 0
2 59 85 4 3
3 53 72 4 5
2 66 86 5 6
4 46 86 6 2
4 67 85 4 3
1 53 78 5 3
3 72 75 7 2
1 39 65 8 5
2 71 54 8 0
6 69 86 2 1
1 57 74 6 4
6 82 93 4 2
1 58 88 4 4
6 83 86 2 2
3 76 88 5 1
2 64 75 8 2
1 50 81 6 2
6 55 75 4 3
4 60 96 3 3
4 47 60 8 4
3 47 66 6 1
7 53 90 4 1
4 68 97 3 6
2 45 89 5 4
1 76 81 4 2
3 71 67 7 4
2 56 85 5 0
3 94 88 5 5
2 63 92 4 1
3 63 68 6 4
1 75 101 2 6
4 75 74 5 3
5 67 75 5 4
4 55 87 5 2
5 80 63 8 3
4 55 91 3 5
6 62 90 3 7
6 51 56 8 4
1 54 86 3 6
4 59 105 2 4
5 44 88 4 4
4 50 96 5 1
6 48 83 3 3
5 64 88 6 1
2 49 83 5 4
6 83 78 6 6
4 49 88 5 2
5 45 87 3 4
4 72 83 3 6
2 73 109 2 4
2 64 106 1 2
5 84 58 7 7
2 70 55 9 4
3 70 51 9 2
3 63 107 3 4
5 70 67 6 5
5 58 46 7 4
1 65 60 6 2
3 56 97 2 3
7 59 94 4 5
5 54 84 4 2
5 69 72 7 2
4 53 77 4 3
1 62 64 6 6
2 75 89 4 6
3 83 107 1 5
4 78 83 4 4
3 71 106 1 1
2 63 90 5 3
5 44 94 4 4
4 57 100 2 3
3 61 77 6 5
3 73 87 6 3
2 66 84 4 6
4 54 89 3 5
5 90 64 9 3
2 60 84 4 6
3 68 80 6 6
4 68 65 5 6
2 63 90 6 2
4 41 89 5 3
2 53 68 5 4
5 60 108 2 3
3 59 82 5 3
2 71 82 3 4
3 47 100 3 2
5 67 99 3 2
5 71 101 3 2
3 56 85 4 2
2 59 105 3 4
2 53 94 3 3
3 54 88 5 3
3 78 55 9 2
5 90 77 5 6
2 67 104 1 4
4 47 79 3 2
7 70 92 3 2
3 73 91 3 3
1 52 111 1 2
1 66 91 3 1
2 52 93 5 5
2 41 79 6 1
3 59 91 4 6
1 59 49 8 4
4 64 77 8 4
4 66 82 7 4
4 65 82 6 4
4 62 89 2 5
4 55 90 3 3
6 66 84 4 8
3 82 96 3 0
7 63 97 4 4
4 62 74 5 0
2 57 89 4 2
4 44 65 8 3
2 72 93 4 5
6 60 86 4 3
4 47 112 2 0
5 63 63 8 2
6 46 89 4 2
3 41 60 8 0
1 63 102 2 7
1 58 89 4 4
4 55 86 6 5
4 55 45 7 4
2 81 98 2 2
4 63 118 2 2
3 68 70 6 4
3 84 103 3 3
6 61 94 3 5
2 50 78 6 2
2 47 94 5 3
2 52 69 6 4
6 63 105 3 7
5 65 87 4 4
3 62 97 4 3
5 45 71 5 2
4 67 98 3 4
4 69 85 6 4
2 57 55 9 7
3 67 92 4 7
4 66 88 5 5
7 63 92 3 3
3 64 83 4 3
4 51 84 6 3
3 65 54 9 5
4 61 71 7 5
4 57 84 4 1
6 66 100 2 3
1 58 103 1 1
2 77 88 6 3
5 48 93 4 2
6 52 97 5 2
1 65 90 3 6
2 88 90 4 5
1 53 94 4 7
4 69 59 7 4
5 49 76 6 2
0 57 97 3 6
5 70 83 5 4
3 55 115 1 2
4 89 84 4 6
1 37 96 3 2
0 58 96 4 2
3 71 86 5 7
2 59 105 1 1
3 55 98 2 0
7 81 80 4 9
5 46 78 6 1
1 57 80 7 4
2 73 73 7 4
0 46 90 4 2
5 84 82 3 2
5 62 85 5 3
4 74 104 2 4
4 67 98 4 3
6 62 76 4 6
5 62 66 6 3
3 64 61 8 4
3 61 102 2 3
3 64 70 6 4
3 46 89 4 1
4 62 96 2 4
1 52 96 3 2
4 57 86 5 2
2 51 74 7 4
3 64 87 4 4
6 62 104 3 1
2 75 86 5 0
3 64 65 5 1
3 53 81 4 5
4 43 58 6 3
5 69 91 3 3
1 51 92 4 2
5 77 97 4 1
3 80 92 4 3
2 62 109 2 6
4 51 91 4 2
4 41 70 5 3
3 54 96 3 3
4 52 98 3 3
2 71 77 4 4
2 48 79 5 2
5 51 72 6 3
3 46 77 4 6
6 66 112 4 1
2 69 110 1 3
5 70 94 4 7
6 56 86 5 5
4 45 83 5 1
5 75 96 2 4
5 57 91 2 4
3 45 96 1 2
2 63 93 4 2
6 71 95 3 2
4 73 72 6 1
3 82 87 3 2
9 56 102 2 3
5 65 75 6 2
6 68 95 3 4
3 41 86 4 3
3 59 85 5 1
4 78 75 6 3
2 60 76 5 3
6 50 97 2 3
2 66 59 8 3
4 77 92 3 10
6 75 62 7 4
4 67 78 4 2
2 47 74 5 3
2 50 86 4 2
4 50 73 6 2
3 47 82 5 2
2 40 77 5 2
2 55 82 4 3
3 86 95 3 2
5 74 78 4 4
1 43 67 6 2
5 65 55 7 0
4 53 94 3 3
4 70 87 6 2
6 60 92 3 2
6 40 74 6 8
3 63 100 5 3
3 51 57 6 3
5 55 71 4 2
1 61 86 5 4
3 62 74 6 2
3 52 116 0 3
1 47 88 3 4
4 54 84 5 4
5 76 87 4 5
2 72 96 3 3
4 46 72 6 2
6 53 59 7 5
4 72 89 3 5
3 53 89 3 5
4 67 104 5 3
2 58 94 4 6
3 55 71 4 4
3 59 66 5 0
3 66 82 7 4
1 53 83 7 5
3 64 78 5 4
2 55 63 5 2
2 59 99 4 4
7 45 83 5 9
3 54 108 2 1
5 47 62 7 2
4 58 72 6 6
3 62 96 3 5
4 47 57 8 4
5 47 78 6 2
1 49 93 3 3
0 77 93 3 3
5 56 81 4 3
4 67 91 4 6
3 59 99 2 3
1 64 91 4 3
5 33 70 6 2
8 42 71 5 3
3 70 94 3 4
2 57 108 2 2
3 64 99 3 3
3 48 71 5 2
4 58 81 4 2
4 56 78 5 2
5 63 88 3 1
3 49 46 10 2
3 85 89 5 9
3 60 90 3 3
4 80 94 2 6
4 53 91 3 3
2 77 84 4 5
5 72 78 6 2
7 89 67 7 4
1 64 80 3 2
4 63 85 5 1
2 56 36 11 5
5 66 67 5 9
3 59 61 8 3
3 48 91 3 4
5 72 73 8 5
5 68 102 3 7
5 87 59 7 2
1 74 87 4 2
2 63 99 3 2
4 60 81 5 5
5 69 108 3 3
3 58 96 3 6
3 69 84 5 2
6 45 92 4 7
5 44 105 1 3
2 47 94 5 6
2 67 95 2 2
6 69 75 5 4
2 82 70 7 7
3 89 92 6 7
5 52 93 3 6
7 63 86 4 5
1 70 79 4 4
6 45 86 4 8
3 50 77 5 4
5 31 58 7 1
5 65 79 5 3
3 59 80 5 5
2 72 74 6 6
9 64 89 4 3
0 75 80 5 2
4 80 92 4 5
4 78 89 5 8
4 81 101 3 3
2 29 53 8 5
5 55 78 5 3
3 49 79 5 4
4 58 87 4 2
6 65 99 2 1
6 70 95 2 1
2 52 96 3 3
3 61 69 5 11
3 50 89 2 2
2 42 90 4 4
2 57 90 5 1
3 79 52 9 5
3 59 98 3 5
2 76 73 5 3
6 75 68 6 3
2 53 81 5 4
3 84 74 5 5
6 60 92 5 2
3 53 92 2 1
6 66 86 5 3
5 70 106 1 1
4 75 83 4 2
2 73 58 9 3
7 76 70 6 4
3 59 96 6 1
2 69 74 4 6
2 72 77 6 6
3 58 104 4 5
3 53 100 4 0
3 67 95 3 4
5 63 94 4 6
2 76 44 9 2
1 71 97 3 5
3 59 70 5 3
5 57 75 5 6
7 54 117 3 3
3 59 102 2 7
4 81 88 4 1
6 50 80 6 1
2 70 68 7 5
1 58 78 4 6
4 62 99 2 1
2 58 90 3 2
3 41 82 5 5
7 51 95 4 1
2 40 101 4 4
6 58 70 6 4
5 54 89 2 1
3 62 77 6 6
2 60 83 4 2
2 72 86 3 5
3 46 79 4 1
3 60 104 3 1
2 41 85 4 2
1 63 69 6 4
7 73 94 4 3
4 49 59 7 4
6 49 89 3 0
5 40 93 3 3
3 70 104 1 5
2 83 88 4 4
0 79 80 5 6
2 58 77 4 6
2 45 95 3 3
3 70 90 4 1
2 61 70 6 4
2 65 75 6 4
4 40 71 6 6
3 92 91 4 4
4 50 92 5 3
1 67 98 4 1
4 51 68 7 1
2 83 71 6 4
2 65 74 5 8
2 65 107 2 2
4 63 75 4 1
5 74 83 6 5
0 51 81 4 3
4 66 79 4 1
1 54 86 5 4
6 44 84 4 4
1 59 69 8 3
4 40 99 2 1
2 78 89 5 4
2 34 86 4 1
3 55 84 3 4
4 77 49 8 2
1 56 89 5 5
4 52 99 3 3
0 53 96 4 1
7 74 62 8 3
3 68 88 3 3
5 54 72 6 2
2 60 81 5 6
2 71 80 5 4
4 51 74 6 5
4 65 94 2 3
5 72 71 7 2
3 68 64 7 4
3 69 94 4 3
2 68 105 1 5
8 44 106 2 9
1 57 96 3 2
9 32 78 6 2
3 91 83 6 4
4 64 80 5 3
4 69 77 6 1
6 62 81 6 2
1 58 118 2 0
3 77 90 3 3
2 79 93 5 7
3 49 73 6 2
1 60 93 4 4
3 49 84 6 5
7 59 73 6 1
3 77 112 1 6
6 53 97 4 1
3 65 83 4 8
5 73 101 2 5
2 60 56 7 2
3 63 84 5 5
2 75 70 7 3
4 46 66 4 7
4 45 87 5 4
4 48 80 5 3
2 54 87 4 2
0 58 91 3 1
3 47 98 4 2
8 46 68 7 12
4 61 99 2 1
3 46 61 7 3
5 40 65 6 8
3 71 88 4 1
6 80 92 5 5
1 59 68 6 5
2 45 101 5 3
5 73 78 5 5
5 82 68 6 3
7 67 74 6 2
6 67 86 4 3
9 69 65 6 4
2 48 74 4 4
3 51 72 5 3
3 82 69 6 6
3 73 71 6 4
4 58 79 6 3
3 37 76 5 5
5 74 66 7 2
3 72 59 6 3
1 53 81 5 5
3 57 79 5 6
5 60 71 8 3
1 62 117 2 5
2 76 86 3 1
4 53 71 5 5
3 67 69 7 3
3 71 96 3 2
5 67 98 3 6
5 57 81 3 3
4 70 80 5 2
3 74 89 5 3
4 77 83 5 6
2 74 82 4 6
2 63 77 5 1
4 86 78 6 3
5 61 80 5 4
2 43 78 5 4
2 67 69 6 3
4 59 91 3 3
4 58 65 7 4
3 46 67 4 6
3 49 89 3 4
3 52 79 5 4
3 70 92 4 1
3 52 59 5 2
5 47 80 5 7
2 53 70 7 5
3 69 86 2 3
2 47 48 8 6
3 66 75 8 5
1 63 95 5 6
2 47 113 0 7
4 56 83 5 3
1 76 68 6 4
1 62 64 6 6
3 76 74 6 1
3 63 83 4 5
3 88 70 6 2
3 66 99 2 7
3 57 69 5 1
4 52 69 5 3
1 70 97 3 3
3 79 85 5 3
5 60 81 5 3
4 69 80 5 6
4 60 80 4 4
3 54 108 1 2
2 44 74 5 4
5 76 79 5 4
4 80 78 6 2
3 45 81 5 4
5 69 100 3 1
2 54 105 3 5
2 49 92 3 1
4 60 88 2 0
6 56 82 2 2
3 63 94 3 3
4 56 98 2 3
7 55 94 4 2
4 49 103 2 4
4 58 79 5 2
4 58 101 4 4
2 65 97 4 3
4 68 82 4 3
5 52 102 3 3
5 65 84 7 2
4 56 95 4 4
3 44 95 5 5
2 54 80 6 5
0 65 109 3 2
5 44 74 5 6
1 56 93 3 0
5 68 58 7 7
1 63 73 6 2
4 68 104 3 5
3 63 93 3 0
2 90 75 6 3
3 53 87 2 2
3 49 87 5 4
4 39 87 3 1
3 50 108 3 4
5 42 56 9 3
4 68 100 4 5
6 47 82 3 5
2 69 100 2 4
1 84 73 7 2
2 71 116 2 4
4 61 104 2 2
2 68 79 6 3
3 50 88 5 6
1 52 89 4 5
3 62 84 4 3
2 57 73 6 3
2 51 73 4 4
4 46 96 3 2
4 59 72 6 3
4 42 86 6 5
2 34 95 4 0
4 59 110 1 4
3 46 73 6 4
10 56 81 5 4
7 63 89 4 1
1 75 64 8 3
3 70 92 4 4
3 64 83 4 6
5 81 80 5 5
4 55 76 7 5
6 69 87 4 2
1 61 101 4 3
3 61 96 4 3
5 49 102 4 8
4 49 72 4 2
4 67 92 4 4
5 81 88 5 3
2 52 75 6 2
2 74 94 4 4
6 51 97 4 5
3 53 94 4 5
2 56 91 4 3
3 49 49 9 4
3 40 85 5 4
2 55 89 4 2
4 92 75 5 6
2 47 69 7 3
3 50 65 8 2
4 58 102 3 3
2 60 92 2 2
2 62 90 4 4
5 55 90 5 4
3 51 84 5 1
2 60 107 1 5
0 83 104 2 2
3 48 87 3 3
4 68 81 5 1
3 73 69 6 1
4 65 79 7 5
3 57 106 2 4
3 57 94 5 1
5 37 84 4 9
4 53 105 1 2
4 67 93 4 9
2 46 62 6 0
1 61 98 2 4
4 62 80 4 2
3 57 100 3 6
4 66 102 3 4
5 54 113 3 6
5 50 97 3 3
3 51 95 4 1
5 65 93 5 4
4 77 83 3 4
5 80 76 6 3
6 49 79 6 5
2 40 89 4 2
5 78 74 4 8
2 38 70 5 4
5 40 78 6 4
5 56 68 6 3
1 54 60 7 4
1 66 100 3 3
4 69 94 4 6
5 48 98 5 5
2 75 109 1 2
4 61 96 5 4
2 51 83 7 3
2 62 106 2 4
5 65 77 5 1
5 56 70 6 3
2 52 53 9 2
2 60 92 5 5
4 49 57 8 2
1 69 85 4 2
4 77 78 6 7
4 77 87 4 4
2 75 93 5 5
2 54 70 6 5
3 59 98 4 5
3 74 85 6 6
2 71 108 3 4
4 72 74 5 2
5 69 91 5 3
3 42 75 6 1
2 70 91 4 3
3 50 73 4 2
2 63 63 7 0
5 54 82 3 0
4 66 53 8 3
4 50 88 3 3
4 60 97 3 6
1 33 79 7 2
3 71 105 2 3
3 60 97 5 3
3 61 69 7 6
2 87 64 6 2
2 53 92 4 2
3 54 77 5 3
4 68 86 6 5
2 70 101 2 1
3 57 82 3 4
0 67 57 7 2
3 53 70 5 7
4 61 64 7 2
2 42 90 4 4
1 73 71 6 3
4 63 100 2 4
4 63 87 4 5
2 53 87 4 2
1 57 66 6 3
5 53 69 6 5
4 34 63 4 3
6 59 89 4 2
1 52 70 7 4
3 69 106 2 3
3 76 96 3 3
6 71 76 4 3
2 61 109 2 3
3 76 86 4 3
2 73 84 5 2
3 61 76 7 4
5 67 99 3 3
4 69 108 4 5
3 72 97 5 5
3 60 70 5 5
3 70 102 3 2
4 62 69 7 4
3 67 104 3 7
4 53 81 3 2
2 65 70 6 4
4 52 91 4 7
2 72 89 4 2
7 43 59 8 0
2 61 95 4 10
6 48 107 1 4
1 75 101 1 5
3 67 76 6 6
5 80 93 2 6
10 76 87 5 3
5 64 60 7 1
4 73 99 2 1
5 71 101 3 4
4 61 80 4 3
3 56 75 6 3
2 61 93 3 4
1 59 68 4 5
2 77 76 5 4
6 69 91 5 5
3 44 67 5 8
3 61 84 5 4
4 74 84 4 2
5 50 74 6 6
4 51 88 4 4
2 57 54 5 2
1 55 77 5 5
3 44 73 6 2
1 76 83 5 4
6 53 63 8 2
7 44 78 7 2
5 64 63 7 3
5 51 83 5 8
3 71 113 4 5
2 46 74 6 5
2 48 92 3 4
4 60 85 3 4
3 59 101 2 7
4 75 85 3 4
6 75 98 3 3
4 77 73 7 3
4 78 70 7 8
3 44 86 4 1
5 54 86 5 0
2 45 58 8 1
2 51 77 6 1
4 57 72 6 7
2 49 85 3 2
7 79 99 2 6
7 65 85 5 3
2 59 86 4 2
3 55 99 3 2
4 61 79 7 2
5 65 100 3 4
0 72 103 2 4
4 56 98 3 6
5 64 80 6 2
3 53 81 5 0
4 59 72 5 3
2 69 88 4 4
1 57 86 5 3
5 69 66 5 5
4 63 95 3 5
2 73 82 6 2
3 61 69 3 3
2 70 80 5 4
5 57 100 3 1
1 61 87 3 3
3 62 95 3 4
0 66 75 6 3
3 77 93 4 2
5 43 101 1 4
3 57 114 1 1
4 66 90 4 3
5 74 63 8 3
6 76 97 4 4
2 49 68 5 2
6 59 73 4 6
2 63 83 3 2
4 83 80 6 7
1 61 78 5 3
4 54 92 4 4
2 44 73 3 3
3 48 91 4 6
3 77 72 7 4
3 90 89 5 5
6 74 110 1 3
4 48 85 6 7
7 62 109 1 3
5 57 67 8 9
5 44 92 2 3
2 70 83 5 3
2 34 83 4 3
3 59 101 2 4
3 51 75 3 4
4 67 114 1 6
4 56 76 3 2
1 74 81 5 4
3 46 84 5 4
2 51 42 10 3
4 78 70 5 5
2 53 100 2 1
4 68 90 5 2
3 57 98 3 5
6 54 119 2 2
4 64 72 7 2
2 72 71 6 3
3 46 95 3 4
4 99 82 4 4
3 54 102 3 4
7 48 83 4 2
4 70 82 5 2
3 58 63 8 1
2 68 94 3 3
3 60 89 5 3
3 62 90 4 1
2 48 84 5 3
6 72 82 5 1
1 63 101 1 5
2 80 73 5 3
7 44 85 4 2
4 71 92 4 2
4 63 99 3 3
5 67 90 4 5
3 40 76 5 5
1 61 103 4 4
3 91 77 5 4
5 70 98 3 3
2 66 89 2 4
9 95 78 4 2
5 66 96 3 5
4 68 67 7 5
6 71 95 2 5
2 81 89 5 4
4 76 72 4 2
2 85 73 6 6
3 60 84 6 3
4 58 79 6 5
4 49 95 3 2
3 51 104 5 2
1 74 60 7 4
2 75 88 4 3
6 58 64 6 4
4 66 90 3 1
3 49 84 4 7
5 61 89 3 4
3 49 87 4 3
3 74 77 5 2
3 50 120 1 3
3 60 62 6 1
4 57 111 3 4
3 69 90 2 4
4 55 88 5 7
2 42 79 7 6
2 50 101 1 4
3 51 97 1 3
5 69 94 4 3
2 73 105 2 3
4 63 103 3 5
4 65 92 4 1
4 44 64 5 4
6 66 100 3 1
3 59 86 4 6
3 74 83 4 2
1 70 63 6 3
5 46 78 5 2
1 66 71 5 2
5 62 85 5 9
4 45 66 8 5
4 60 87 4 3
4 72 81 4 4
4 71 93 3 2
3 50 100 3 1
1 84 98 2 3
1 67 84 4 4
3 56 90 3 3
4 72 65 7 2
4 59 85 4 3
5 56 105 3 4
1 40 67 7 2
3 65 66 8 2
5 53 102 3 4
4 56 72 6 7
5 40 54 9 1
2 69 79 6 4
1 48 94 4 7
1 41 94 3 4
2 58 82 6 4
5 63 94 3 4
5 63 93 4 1
5 57 89 1 1
1 58 80 3 2
4 52 98 5 2
2 98 60 8 2
5 75 71 7 4
8 74 102 3 6
4 34 85 5 2
6 76 90 4 4
5 78 85 3 4
3 69 95 3 1
6 51 94 3 6
4 75 94 3 2
5 74 77 7 2
3 65 86 5 5
1 65 82 5 3
5 63 81 6 1
2 63 90 4 3
4 82 83 4 0
4 57 84 3 2
3 61 93 4 6
4 66 82 4 5
3 65 67 5 2
1 77 85 5 3
2 48 108 3 1
4 76 78 5 3
2 56 90 4 4
7 52 97 3 5
3 60 79 4 1
1 51 67 6 3
2 52 79 6 3
4 57 81 4 5
4 57 74 5 3
4 61 80 3 3
3 99 73 5 6
1 72 90 6 0
6 74 84 4 3
1 53 93 4 3
5 52 84 6 5
2 56 109 2 5
4 58 94 2 4
4 39 71 5 1
5 57 67 9 4
3 57 67 5 2
4 57 73 7 1
5 44 65 5 2
5 55 95 4 6
3 74 102 4 1
4 81 82 5 6
2 70 87 2 6
3 77 74 6 6
5 52 65 7 6
5 53 84 5 4
3 71 86 4 7
1 47 64 6 3
1 52 77 4 5
3 82 99 3 3
3 38 92 4 3
6 77 57 8 3
2 73 68 7 2
4 57 91 3 3
2 60 86 6 0
1 44 90 3 4
2 24 70 6 3
2 47 77 4 2
2 42 83 4 2
5 64 101 2 2
1 54 83 4 0
2 76 78 3 3
5 50 91 4 2
1 72 99 4 4
1 65 78 6 2
4 64 82 3 4
4 39 82 6 4
1 67 56 8 6
4 50 80 5 4
4 75 105 2 0
5 62 76 4 4
6 62 66 6 7
4 27 75 6 5
3 47 90 5 1
1 48 94 4 5
3 67 83 5 3
5 59 80 5 1
6 55 54 7 2
5 60 87 4 4
5 47 96 3 2
4 66 72 6 2
2 73 83 5 2
4 69 75 5 4
4 70 87 3 1
4 54 90 3 3
5 50 94 4 3
7 52 94 2 1
4 53 91 4 2
2 55 70 5 6
4 53 74 5 0
5 58 102 2 4
5 68 84 5 3
5 53 51 7 6
3 69 90 4 1
4 78 88 6 4
2 62 77 6 4
3 73 93 2 2
1 56 83 3 4
3 49 75 6 3
3 56 91 5 1
4 50 60 6 3
1 94 73 7 9
2 64 72 7 6
4 37 64 7 3
1 66 84 3 5
1 66 84 5 1
2 89 92 5 2
5 39 80 6 4
0 50 109 3 1
2 60 84 6 2
0 58 86 3 3
3 73 102 3 3
4 58 100 4 0
3 53 92 4 5
1 59 73 5 1
5 66 79 5 5
2 44 92 3 2
2 48 94 3 2
4 39 63 7 4
7 54 85 5 4
6 74 82 5 5
8 74 68 7 3
6 47 92 2 3
2 71 85 5 5
5 65 85 4 3
5 63 112 3 6
2 71 72 6 2
6 49 106 3 4
4 90 84 5 1
5 59 107 3 5
5 61 69 6 5
6 57 85 6 4
4 60 87 3 6
5 68 79 5 3
2 68 73 6 6
6 49 74 6 5
3 46 72 5 4
6 60 82 3 2
3 56 93 3 2
5 71 92 5 1
3 58 101 1 3
3 62 71 6 5
3 59 106 3 5
4 56 92 4 2
3 57 58 7 2
1 44 97 4 1
3 55 99 3 7
1 42 85 6 2
2 67 100 1 4
3 44 97 3 3
2 63 97 5 2
2 55 104 5 9
6 71 94 3 3
2 49 82 5 5
5 50 75 6 3
4 33 70 5 3
3 38 69 6 1
3 53 99 2 2
2 72 110 3 7
2 63 80 6 0
4 68 109 4 4
4 67 78 5 2
3 71 92 4 6
6 76 83 5 5
2 82 78 5 1
5 57 84 4 6
1 70 110 2 1
1 56 94 3 7
2 63 93 2 3
4 41 54 6 2
6 76 70 6 4
4 65 95 2 6
3 79 74 6 2
3 60 104 2 3
4 63 84 3 4
6 46 62 8 1
4 60 89 5 4
2 75 72 7 2
5 43 74 6 3
3 90 77 5 4
2 45 80 5 6
6 63 86 5 3
1 56 103 3 4
3 52 86 4 6
3 78 95 2 2
2 62 91 4 3
3 69 67 6 2
2 70 75 7 4
7 64 91 4 2
4 69 79 5 5
1 56 82 5 4
0 53 71 5 7
6 80 69 7 2
4 68 67 7 6
6 59 83 5 3
3 64 77 5 2
3 59 84 4 6
6 80 98 4 4
0 65 100 3 3
4 85 84 7 5
5 79 78 4 6
1 68 79 5 4
3 36 89 4 4
3 68 79 6 4
0 46 88 2 4
5 65 93 4 3
3 64 65 7 4
0 83 84 4 2
2 48 67 5 4
3 28 77 6 7
3 69 89 5 4
4 70 57 8 4
5 74 88 4 6
3 59 91 4 3
4 50 84 5 5
8 62 84 5 4
4 58 113 2 3
2 54 88 4 5
0 41 74 6 3
2 65 88 4 1
5 65 66 7 4
4 71 96 4 3
2 52 97 3 6
4 75 83 5 1
5 86 89 4 3
3 70 85 3 1
1 49 56 7 6
4 66 85 5 6
4 56 93 4 5
6 62 67 6 2
3 65 76 6 3
2 44 85 4 4
1 82 84 4 5
3 69 86 5 3
3 62 65 7 6
3 49 87 4 2
4 51 74 5 4
6 74 75 6 3
8 56 79 6 1
2 72 77 5 3
5 63 82 4 4
5 61 94 5 4
5 58 73 6 2
3 48 49 9 3
2 89 72 4 2
5 71 104 2 1
3 88 98 4 3
5 51 82 4 3
3 64 80 4 4
1 76 106 4 3
4 62 73 6 1
3 61 86 6 6
3 57 74 4 6
3 45 85 5 3
3 68 94 2 3
4 57 98 4 4
4 55 93 2 2
6 59 79 5 2
0 49 95 3 5
6 38 49 7 4
2 63 74 6 1
1 81 65 6 2
3 63 97 2 2
2 64 85 3 7
5 94 80 3 4
0 87 80 6 6
3 54 109 2 3
4 58 76 4 6
3 68 88 4 1
5 79 80 5 2
3 40 85 4 3
4 39 103 1 3
3 42 82 5 4
2 49 87 5 5
3 66 80 4 4
5 55 83 5 3
0 69 110 1 4
3 68 96 3 3
2 50 81 6 5
3 52 73 7 5
2 55 88 3 2
4 71 65 6 9
3 57 81 7 3
3 55 70 4 5
2 68 59 6 3
1 52 96 3 1
4 54 103 3 2
4 61 100 3 2
5 63 74 6 3
6 48 81 5 4
4 79 88 4 4
4 67 96 4 3
3 76 66 6 11
4 76 92 3 3
4 65 90 4 7
1 63 97 2 1
5 65 74 6 3
1 51 92 2 5
3 81 73 7 3
3 62 98 3 4
3 70 103 3 3
3 53 84 4 5
2 62 72 8 3
5 41 85 4 2
4 53 66 7 3
6 71 84 6 5
6 39 84 5 3
4 63 82 3 3
6 78 58 7 4
4 49 72 5 6
1 65 95 3 4
1 59 89 4 5
7 52 105 2 4
1 40 80 6 4
1 60 98 4 4
2 65 104 4 4
5 67 70 5 2
4 47 85 4 4
3 49 87 5 6
7 72 78 4 7
4 42 80 5 3
5 79 83 4 3
3 50 88 4 7
2 42 93 4 6
3 58 90 3 6
3 61 111 1 1
5 39 80 4 3
0 69 97 3 4
4 51 49 7 1
6 89 67 5 2
3 59 91 4 2
5 71 86 3 9
4 60 61 6 7
1 61 84 4 3
5 54 92 4 1
5 66 55 7 4
6 60 87 4 4
0 67 115 2 4
4 92 82 4 7
5 39 100 3 6
1 64 110 2 6
6 65 74 6 4
5 63 88 2 5
5 59 103 3 5
2 49 80 5 1
4 44 100 3 3
2 75 91 5 5
5 59 81 4 4
3 59 105 3 7
4 57 78 5 2
3 62 98 3 1
2 68 114 3 6
2 79 86 4 5
3 69 98 4 3
5 62 85 4 3
4 98 96 4 6
3 70 84 4 1
5 54 84 5 0
4 60 89 4 5
4 58 68 7 3
4 72 71 6 4
1 89 94 4 3
4 70 87 3 3
3 68 96 2 9
2 74 84 3 4
5 74 73 5 3
3 53 61 6 1
3 88 74 7 3
3 48 88 5 4
4 71 67 6 2
6 53 82 6 4
4 53 91 6 5
3 31 75 7 6
3 46 82 5 4
3 51 72 6 1
4 64 92 3 7
3 78 101 2 2
4 75 103 2 3
3 62 60 8 3
3 54 105 2 0
5 80 118 1 7
3 86 58 7 3
3 74 83 3 4
7 56 85 3 2
2 45 64 5 3
0 49 71 5 3
1 46 85 4 6
5 69 103 3 5
5 32 69 7 4
3 64 95 4 1
3 47 70 7 7
3 61 99 4 6
4 61 82 5 1
1 78 89 4 3
4 54 94 4 5
2 69 101 3 3
3 32 70 7 5
6 53 91 3 2
5 68 97 4 2
2 64 85 3 4
2 75 77 5 5
3 73 90 4 6
4 59 62 8 3
2 76 101 4 4
2 71 89 3 2
6 43 66 7 2
0 66 77 5 5
5 34 78 6 0
6 69 93 4 5
9 70 76 5 2
4 53 86 4 1
3 78 91 5 2
2 55 97 2 6
8 68 81 6 1
6 78 61 7 3
2 45 77 4 6
5 74 66 8 6
3 65 77 6 4
2 76 89 3 1
3 39 80 3 1
4 59 79 5 3
1 54 82 6 3
5 53 99 4 6
3 53 96 4 3
5 46 42 8 7
5 54 88 4 5
5 57 101 3 2
2 56 107 3 3
4 68 80 3 8
5 56 76 6 2
5 71 92 4 0
3 45 103 4 2
3 57 85 4 2
8 52 109 3 6
5 56 101 1 3
4 60 73 3 0
4 34 98 2 0
3 63 73 5 1
4 48 78 4 1
5 52 90 6 5
3 51 79 3 2
3 59 109 4 3
4 72 64 8 2
3 62 72 5 2
5 51 96 2 5
7 64 80 3 3
7 57 90 3 3
1 80 101 2 4
2 61 84 6 6
1 70 98 2 4
2 71 106 1 1
4 60 93 3 3
3 66 81 6 3
4 76 86 5 5
5 65 102 2 7
3 68 84 3 4
2 74 66 7 3
4 56 80 5 2
6 52 80 6 1
5 59 90 4 2
6 57 101 3 6
3 64 106 2 2
4 67 88 5 4
4 63 103 3 7
2 56 107 2 2
5 64 65 6 3
5 77 100 2 4
4 45 91 4 2
5 74 72 6 7
2 64 84 5 5
4 62 103 2 7
2 73 71 6 3
7 55 80 5 3
3 67 62 7 2
5 68 80 3 3
3 62 102 1 2
3 43 72 5 2
4 58 104 3 3
3 58 95 3 2
5 68 91 5 2
4 53 93 3 6
3 55 90 4 1
5 46 86 5 3
6 79 103 3 0
2 66 100 3 3
5 66 77 4 0
6 64 88 3 3
3 82 83 3 4
2 66 77 6 1
2 78 89 4 1
4 52 109 2 5
4 51 95 4 4
5 51 44 9 3
3 67 89 3 1
8 49 75 7 3
4 74 93 2 3
6 57 93 3 4
4 64 106 3 2
4 72 72 6 3
3 58 74 4 3
2 68 79 4 7
2 62 67 7 3
3 60 68 6 4
3 60 108 1 5
3 26 75 6 9
4 53 96 4 7
2 64 111 3 3
2 49 96 3 3
3 58 107 2 5
4 46 79 6 7
7 57 59 7 6
3 68 99 3 8
2 60 65 5 1
8 80 79 6 4
4 67 93 4 7
4 48 87 3 4
7 70 79 5 1
3 61 102 2 2
6 66 70 5 2
4 60 60 8 2
8 68 89 4 6
2 69 95 4 2
3 52 81 5 2
6 86 90 5 2
4 58 74 4 3
3 57 78 5 3
3 45 77 5 5
1 72 77 4 5
6 64 79 5 5
2 68 65 8 4
6 61 95 4 1
4 65 89 5 4
1 50 98 3 3
2 70 93 4 10
6 69 90 3 2
4 37 87 4 2
5 65 108 3 3
5 55 82 6 6
1 53 99 2 4
4 44 72 7 1
1 44 84 5 4
5 71 82 3 2
4 71 92 4 3
3 47 99 4 3
3 52 90 4 2
2 63 89 5 2
2 72 70 6 3
6 77 96 4 5
4 57 89 4 7
1 50 90 3 2
1 69 82 5 1
2 59 65 6 0
6 48 81 5 6
4 81 102 2 7
2 46 81 6 4
2 67 94 3 3
1 55 89 3 5
5 59 106 1 4
1 60 88 2 5
4 79 66 6 3
3 52 98 2 6
3 55 73 7 2
2 63 97 3 4
5 78 89 5 2
1 51 92 3 1
6 53 67 7 6
3 79 88 4 1
4 62 96 4 8
6 77 69 6 8
4 71 85 5 2
3 48 74 5 11
2 61 87 4 3
6 60 69 7 2
2 52 79 5 6
3 77 96 2 5
3 66 62 6 2
3 47 100 3 3
5 39 78 4 4
2 67 98 5 2
4 82 73 5 4
2 73 89 4 5
4 54 77 7 2
4 55 77 5 3
3 78 55 8 5
1 71 90 3 1
2 46 97 4 9
2 47 101 2 4
3 65 98 3 4
4 81 90 3 2
6 70 95 5 8
4 43 53 9 5
2 66 70 6 3
3 44 94 5 2
1 77 86 5 2
1 52 77 6 2
3 60 95 4 2
2 67 87 6 4
6 70 87 4 3
5 50 100 2 4
6 43 87 3 9
1 69 110 1 6
6 58 82 5 4
2 52 87 5 4
1 79 68 7 6
3 57 72 7 1
3 54 80 4 3
3 75 68 6 5
1 81 84 2 4
4 44 62 8 3
2 72 86 4 2
2 51 101 4 2
1 71 76 5 7
5 53 55 5 5
4 84 69 6 4
3 71 99 2 5
4 67 65 7 4
3 70 39 9 5
2 49 53 10 5
2 56 78 5 6
3 35 69 6 1
3 56 95 3 2
2 65 123 2 5
2 63 103 2 7
2 65 40 9 1
4 80 109 2 4
2 71 94 1 5
5 60 88 5 3
2 87 60 7 1
5 62 97 3 3
3 78 94 3 8
6 49 90 2 5
3 46 84 5 7
5 68 104 3 3
4 66 86 4 3
3 58 95 4 3
1 39 79 5 3
5 77 77 5 3
4 52 76 6 4
4 82 87 3 4
4 81 93 4 2
1 57 102 2 1
3 53 79 5 4
1 61 91 2 0
2 88 85 3 3
2 53 71 5 1
3 51 78 6 3
2 65 101 3 2
1 61 112 3 7
4 64 120 2 4
4 73 64 7 5
1 59 94 5 2
4 51 87 5 2
2 60 57 7 5
3 58 87 5 4
3 57 94 3 4
4 58 80 3 6
4 48 60 6 7
3 30 92 5 4
7 46 51 7 5
2 59 83 4 6
7 56 92 4 2
4 65 79 6 3
7 62 56 8 4
1 51 88 4 3
6 74 74 6 4
5 52 83 3 2
3 56 49 9 5
2 46 77 6 1
1 75 93 5 2
5 73 96 2 3
0 49 80 4 5
6 69 93 4 3
3 58 77 5 2
1 67 79 4 1
6 67 96 3 2
2 58 81 5 5
5 66 84 5 1
0 58 81 4 4
3 54 100 4 3
3 58 71 7 2
4 62 102 3 5
5 35 78 5 0
4 64 104 3 4
4 77 92 3 4
5 84 97 2 3
6 42 84 6 3
4 82 79 5 1
1 60 87 5 2
6 74 107 2 3
4 75 86 4 4
4 60 89 4 1
7 57 93 3 4
6 52 107 2 2
2 50 102 1 2
3 80 79 5 2
4 70 87 5 5
2 53 92 3 2
7 62 94 3 6
5 47 93 3 4
6 54 79 6 1
4 59 92 3 7
4 61 88 3 4
4 64 57 8 5
5 41 79 5 3
8 45 78 5 4
3 51 95 4 3
1 51 87 5 2
3 60 91 4 5
2 41 78 5 1
1 51 89 4 4
1 49 58 8 6
1 48 83 4 4
2 59 105 3 5
2 61 95 3 3
6 53 90 3 7
2 63 90 3 1
1 57 59 7 3
5 55 82 4 4
4 61 69 6 5
3 53 68 5 5
4 64 75 7 4
7 72 85 4 3
6 55 85 4 4
4 61 93 4 8
4 64 85 3 3
3 65 81 3 2
4 57 93 4 7
2 67 76 6 5
2 75 82 3 2
6 54 60 8 4
3 67 78 5 5
1 53 84 3 2
1 63 74 5 3
5 59 103 2 4
5 68 80 5 5
2 33 72 7 2
6 76 69 7 4
4 57 96 4 2
5 57 83 3 3
5 73 73 7 4
4 56 102 4 1
3 58 83 5 5
4 62 79 5 2
2 55 87 4 5
4 71 91 5 3
6 49 86 6 3
2 72 85 4 3
1 47 60 6 6
0 51 58 5 3
3 59 61 6 5
4 64 76 7 1
4 70 96 2 3
2 56 100 3 4
7 65 105 2 5
4 44 108 3 5
2 64 83 3 4
4 51 63 7 6
2 56 101 3 2
3 71 61 7 2
2 72 74 5 2
2 53 86 5 4
2 55 78 5 2
3 49 98 4 6
2 57 69 5 2
5 63 94 4 1
4 66 78 6 4
7 62 80 6 6
3 67 86 3 3
4 66 78 5 2
2 61 74 6 1
3 66 96 4 4
3 64 60 7 3
8 60 76 5 3
6 63 106 1 1
5 65 94 3 4
2 74 110 1 3
4 71 86 5 6
0 69 109 2 3
4 81 90 4 5
3 67 91 4 3
4 77 79 5 1
3 72 70 5 5
3 40 100 2 4
4 36 41 11 3
3 59 97 3 4
2 46 61 7 2
4 64 85 6 2
5 65 90 3 4
2 76 79 4 5
4 51 101 2 1
1 60 95 3 4
2 54 111 1 2
1 61 97 3 3
2 55 96 4 8
8 78 99 1 3
4 65 84 5 3
5 69 92 3 3
2 61 83 4 3
6 58 53 9 0
4 75 95 3 7
4 60 92 3 2
4 68 75 6 3
1 61 91 4 1
4 46 92 3 0
4 43 96 4 6
5 57 78 5 2
4 58 93 4 1
2 47 71 7 4
3 48 85 6 4
8 59 69 7 0
3 59 84 5 3
5 46 82 6 2
3 61 95 3 5
3 56 83 4 3
6 68 97 3 3
1 64 87 4 7
4 58 86 4 5
4 67 78 6 6
2 53 82 6 3
5 77 93 2 4
4 63 85 4 5
3 65 73 5 4
3 61 102 1 5
3 56 75 5 2
4 73 79 6 4
4 82 102 3 2
5 58 70 7 7
6 52 102 1 6
2 63 67 5 4
7 53 63 5 5
5 60 83 6 1
3 64 100 1 1
3 76 72 7 4
3 69 90 2 4
5 53 64 7 1
6 66 101 4 5
6 54 86 3 4
2 71 86 3 3
5 64 89 5 4
3 63 93 3 2
2 71 91 2 7
3 25 80 3 4
5 70 102 3 2
1 61 69 5 5
4 48 96 3 4
3 86 90 4 3
6 78 91 4 5
1 45 89 4 2
3 56 88 6 3
1 54 92 4 4
2 63 81 5 3
2 83 82 5 2
3 41 69 8 2
5 76 106 2 4
2 56 85 5 5
2 72 77 4 4
5 49 84 3 2
2 62 97 4 3
1 58 77 4 3
3 36 87 5 2
6 53 105 3 4
5 55 110 2 3
3 51 58 6 4
1 53 82 3 6
3 60 75 6 4
4 84 75 6 1
3 57 82 6 8
5 60 91 3 6
4 58 81 4 4
3 50 75 5 4
4 83 89 4 7
5 65 82 6 7
1 69 67 6 3
3 70 81 4 6
1 51 67 6 5
5 67 65 7 3
2 69 80 6 4
5 82 80 4 5
5 65 88 4 1
2 48 68 6 4
3 63 83 2 3
5 79 71 5 2
3 58 66 8 6
4 76 90 5 2
3 83 62 7 4
5 57 92 4 1
2 62 102 3 3
6 42 100 2 6
4 64 98 2 2
4 82 87 4 2
5 51 72 4 3
5 43 59 7 4
4 69 85 4 4
4 72 77 6 7
6 69 80 5 4
4 77 88 3 3
2 58 81 5 2
6 51 92 3 8
1 80 90 7 4
3 64 87 4 3
5 92 89 3 4
3 62 57 6 1
4 33 55 9 7
3 53 67 7 5
1 38 78 5 4
5 52 80 5 2
1 67 77 5 5
3 56 92 3 1
2 67 85 3 0
4 67 101 3 5
0 62 90 6 2
3 63 59 9 4
1 72 102 3 4
3 58 66 5 1
1 52 78 5 5
2 58 97 4 2
4 41 108 2 5
7 75 68 5 2
5 63 53 7 2
1 39 80 6 4
3 35 93 6 5
2 73 70 7 3
3 64 104 3 4
5 83 98 3 2
6 35 85 6 5
4 57 76 6 2
3 58 61 6 4
5 79 84 3 5
4 67 86 4 4
4 75 117 2 3
2 59 98 4 3
3 60 90 2 3
3 55 86 4 5
3 42 60 7 1
1 48 98 3 4
5 76 90 4 4
2 76 87 3 6
4 70 79 7 6
6 73 74 5 2
3 88 81 4 7
3 55 88 3 2
4 61 80 6 0
4 59 60 8 2
4 78 81 5 6
4 55 87 3 4
4 55 95 3 2
8 56 96 3 2
5 57 111 3 4
3 57 93 5 5
4 58 92 3 5
3 74 71 5 2
3 60 98 4 4
3 54 80 5 4
6 76 97 2 8
4 45 101 3 5
4 75 74 4 7
5 33 94 5 2
4 48 87 3 4
5 57 97 2 7
4 70 82 6 1
4 78 83 4 5
3 62 72 6 6
7 77 85 5 2
3 49 57 6 4
5 82 85 4 2
2 61 67 6 2
5 50 80 5 6
0 48 103 4 2
1 57 84 3 3
2 68 84 6 3
5 67 108 3 5
2 60 65 6 4
3 45 84 5 2
5 66 80 6 1
4 71 95 3 5
2 58 94 3 1
3 47 80 7 5
4 66 107 2 1
4 49 106 3 2
4 74 89 5 2
1 56 88 5 4
2 94 60 6 4
2 53 69 6 2
0 61 97 1 6
5 62 104 2 10
4 62 80 4 3
3 75 72 4 2
1 68 97 4 3
3 75 108 4 2
4 63 122 1 4
1 55 85 6 2
3 42 77 4 1
5 52 113 1 5
3 80 81 4 5
9 64 90 3 0
3 56 97 5 1
4 41 75 6 5
5 63 62 8 5
8 58 81 5 1
2 43 80 5 2
5 84 77 6 5
3 64 92 3 2
5 86 73 5 4
4 62 89 4 4
2 51 78 5 1
2 60 61 7 6
2 45 81 6 4
4 49 72 6 4
3 57 85 4 3
5 47 97 5 5
3 62 82 4 1
4 65 75 4 2
2 66 107 2 1
1 51 100 2 6
7 88 75 4 2
3 43 68 6 2
6 72 81 5 4
8 72 74 3 0
7 58 76 7 5
5 71 92 4 5
6 70 85 3 5
1 58 97 4 3
5 44 93 3 4
3 83 99 3 6
4 59 73 7 1
2 69 110 3 3
3 59 86 4 2
6 73 108 2 5
4 55 57 8 5
0 56 89 5 4
5 64 85 4 6
2 67 84 5 3
3 71 85 4 2
7 45 90 4 1
3 62 95 4 8
1 61 65 6 1
5 59 91 2 3
4 86 87 5 1
3 42 101 2 2
3 58 68 9 0
2 51 93 4 5
3 44 56 8 6
2 81 80 5 3
4 58 79 4 9
3 55 83 5 6
1 65 76 5 4
2 55 69 8 3
5 59 73 6 3
1 34 71 6 1
3 71 95 4 4
4 55 87 4 2
3 57 80 5 1
4 66 100 0 8
3 44 82 4 2
5 59 64 8 3
4 69 92 4 8
3 46 107 2 1
4 72 78 4 3
4 60 73 5 7
2 55 81 4 3
3 80 87 4 4
1 60 83 5 2
6 68 77 7 6
3 51 76 5 1
3 67 125 0 7
2 63 79 6 3
5 56 100 4 4
5 70 99 4 4
3 64 103 3 3
8 54 85 5 2
3 65 111 2 5
2 69 86 5 2
3 60 76 4 5
3 68 100 1 2
4 68 74 5 3
5 38 58 6 6
5 56 100 4 3
2 70 118 1 3
4 69 87 4 9
7 48 87 3 9
7 50 74 8 2
2 61 86 5 3
5 76 99 4 2
4 51 88 4 1
6 62 100 4 3
5 69 68 7 5
2 55 96 3 2
8 59 93 3 2
4 67 70 7 4
1 47 91 4 6
2 78 81 5 3
0 49 100 1 3
4 58 68 5 1
5 64 79 4 0
5 65 110 2 2
4 42 91 4 3
3 73 66 8 3
4 48 85 4 5
6 54 88 3 2
1 39 98 2 4
3 56 93 4 7
1 79 75 5 5
3 59 88 3 5
4 41 83 5 2
3 62 87 4 7
6 79 79 5 6
3 59 88 4 2
4 40 70 7 2
2 91 79 5 1
2 77 90 3 2
2 74 83 4 5
3 56 89 3 6
2 49 99 3 7
4 73 63 8 4
2 56 74 6 0
2 71 86 4 3
7 74 80 4 4
4 70 75 6 4
8 43 101 2 4
2 54 107 2 4
3 46 82 6 2
8 62 92 5 3
1 47 41 12 5
2 52 82 4 3
3 52 91 4 6
3 64 83 3 3
1 56 103 3 3
1 55 88 5 2
1 66 81 5 3
5 80 64 6 0
1 56 97 3 1
4 52 84 5 4
6 60 83 4 3
4 61 102 2 3
5 61 93 3 0
4 42 82 5 2
3 63 91 4 4
5 72 79 4 2
2 55 93 4 2
4 68 45 10 3
2 68 83 4 3
3 48 93 4 5
2 65 114 1 3
5 71 67 7 3
5 76 101 2 4
9 81 96 5 1
3 48 94 4 2
4 49 85 4 3
1 52 85 5 1
3 54 66 6 2
5 64 75 4 1
6 60 77 7 2
6 72 76 4 2
3 66 53 8 3
4 60 84 5 0
5 49 83 5 3
1 71 72 5 3
3 59 75 4 3
5 62 110 3 3
6 74 90 3 2
4 76 108 3 2
1 62 87 4 6
2 68 85 4 2
0 65 62 8 4
4 76 101 2 3
3 40 99 4 5
2 70 51 8 3
4 73 83 3 4
2 60 94 2 1
4 69 108 3 1
5 55 94 5 2
1 61 53 7 6
4 81 92 4 2
2 35 79 5 3
3 24 63 7 5
1 71 82 6 4
3 64 83 4 4
3 50 77 5 4
2 45 65 6 2
2 40 94 3 5
2 44 95 3 3
3 66 85 5 2
4 83 74 6 1
4 60 106 2 3
6 54 73 6 4
4 47 77 6 3
5 72 55 7 1
1 58 105 2 7
3 26 62 8 2
0 51 81 5 5
5 70 91 4 1
7 55 70 5 8
4 49 105 2 2
3 64 73 5 3
6 46 92 4 1
2 69 75 6 2
4 60 78 5 10
5 89 80 5 4
2 70 80 5 4
5 60 65 7 4
4 53 81 4 4
6 80 64 6 3
2 67 72 6 1
1 57 90 5 7
3 51 87 5 6
6 59 84 5 2
3 60 107 2 4
5 63 89 5 4
4 42 65 9 2
6 74 108 2 3
2 60 78 4 4
6 57 74 5 2
6 58 82 5 5
2 90 81 4 4
3 51 58 8 3
3 35 84 2 2
3 82 87 4 6
4 81 78 5 5
2 80 87 5 2
6 63 55 7 5
3 76 73 5 2
6 61 93 2 6
6 58 78 4 1
2 84 104 2 7
3 63 71 4 2
3 84 88 5 2
3 62 81 6 1
10 58 97 3 1
4 57 91 4 4
2 51 78 5 3
2 37 91 5 4
2 41 78 6 2
3 61 92 4 7
5 69 103 3 5
5 35 69 6 7
4 57 105 3 2
2 70 80 4 3
0 52 105 1 3
2 62 68 5 3
9 80 94 3 9
5 71 86 4 5
2 56 82 4 0
2 44 64 7 3
2 67 84 7 2
2 64 84 4 3
0 58 81 4 2
2 62 93 4 4
2 72 92 3 4
2 40 60 7 4
2 59 94 2 2
4 54 87 4 6
6 52 77 4 3
1 77 87 3 4
6 67 79 5 5
5 80 107 4 3
2 55 53 6 5
1 66 101 3 3
3 43 83 6 0
4 49 69 6 3
0 51 87 4 4
2 78 69 7 2
4 72 73 5 1
4 74 80 4 6
4 62 84 5 2
1 41 75 2 4
3 75 95 4 3
5 58 73 5 2
5 74 92 3 3
4 41 78 6 2
8 63 79 5 3
2 63 75 6 2
5 51 75 6 3
4 48 80 5 4
2 59 82 6 4
8 38 68 8 4
4 60 91 3 3
1 71 60 8 4
5 48 87 5 7
4 70 70 7 8
3 44 82 6 3
1 91 70 4 4
2 63 87 3 2
4 66 60 6 0
2 55 80 5 1
2 59 95 4 4
2 81 66 7 5
1 73 93 5 3
4 59 82 5 2
5 58 80 5 4
5 81 74 4 4
3 59 95 3 6
3 66 98 1 3
5 68 77 6 0
2 66 104 3 0
3 52 81 5 1
5 72 94 4 4
1 56 86 5 6
3 56 81 4 2
4 58 68 5 1
3 66 109 3 3
4 64 97 2 2
2 48 92 4 3
2 55 109 2 0
3 71 93 4 2
3 61 94 3 3
3 63 83 5 2
4 48 87 4 3
2 71 96 2 3
0 72 95 2 6
4 60 90 3 2
4 53 78 5 4
3 62 97 3 5
5 53 89 4 4
3 55 96 3 4
7 61 80 4 2
1 70 94 4 4
2 82 82 5 4
5 52 67 5 3
3 47 89 2 3
3 54 71 6 4
3 65 62 6 3
7 47 85 4 1
3 63 80 6 3
4 50 78 5 1
1 57 108 3 6
2 59 89 4 0
2 82 87 3 4
4 58 95 1 4
6 69 80 5 5
4 64 76 5 6
3 69 82 6 3
6 42 42 11 2
3 54 71 5 3
4 72 82 4 1
3 69 69 4 1
3 73 101 3 5
3 51 73 6 2
3 61 86 4 3
3 57 81 7 4
2 54 89 4 1
6 45 111 1 8
3 63 99 4 1
2 64 85 5 1
1 74 70 5 3
4 74 87 5 2
5 89 63 8 2
3 57 75 6 2
4 49 79 6 2
5 59 106 3 5
3 67 86 4 4
3 73 71 7 4
2 66 91 4 2
1 55 61 6 3
3 59 99 2 6
4 55 68 6 3
0 70 66 6 3
3 78 92 5 4
4 76 117 2 5
3 60 94 2 8
2 73 78 5 4
3 56 103 3 4
3 67 74 6 5
3 90 90 2 3
3 72 97 3 4
2 56 77 5 2
1 86 71 3 3
1 63 92 3 3
2 52 81 6 4
4 50 85 3 1
3 64 104 3 6
1 51 72 5 2
5 60 94 4 5
7 63 74 6 4
4 49 73 4 4
2 57 66 7 3
3 48 64 7 6
3 70 88 2 5
2 54 78 4 5
4 61 97 1 0
3 74 93 2 3
6 62 87 4 0
5 50 95 5 4
4 61 85 4 4
6 84 94 4 4
3 57 78 5 2
5 67 67 6 8
3 53 86 3 6
1 59 91 2 2
4 75 80 6 5
4 55 100 3 1
5 80 78 5 6
4 48 92 3 2
5 60 67 7 5
3 84 70 7 2
3 52 78 6 5
4 69 91 5 6
4 57 71 6 4
3 41 84 5 3
6 38 113 0 5
1 64 104 2 3
5 58 109 1 3
10 68 90 3 4
4 51 57 9 3
4 67 63 7 5
3 63 79 5 3
3 68 85 5 4
5 62 104 3 1
2 65 75 7 5
3 44 78 4 4
5 51 92 4 4
4 63 99 2 4
2 57 99 1 4
3 49 93 4 2
4 65 91 2 4
2 45 84 6 6
2 63 73 6 4
2 73 101 4 3
3 72 73 6 2
4 57 68 6 6
4 54 113 1 4
2 45 70 8 5
5 57 72 4 6
7 60 88 5 3
10 46 91 4 2
3 55 85 4 4
4 54 105 3 3
2 54 79 5 2
2 52 93 3 4
3 74 79 4 5
5 61 81 5 7
3 50 72 5 2
1 65 85 3 0
4 45 62 7 2
3 77 79 5 0
1 57 77 5 5
2 72 80 5 5
5 52 106 1 2
4 67 86 4 2
7 79 85 5 3
1 49 90 4 3
7 44 83 5 3
3 69 78 6 1
3 42 90 4 3
2 73 104 2 6
3 65 74 6 5
1 57 101 4 7
1 80 87 4 1
2 49 70 6 0
5 50 86 3 3
5 74 64 6 6
5 43 84 5 3
3 73 87 3 1
9 48 92 4 1
3 63 91 5 4
3 68 93 5 4
5 75 83 5 2
2 40 79 5 3
3 59 89 4 4
2 90 52 7 2
2 51 77 6 5
3 51 85 4 1
4 78 61 7 0
3 46 73 6 1
5 60 87 5 5
4 42 59 6 3
1 63 83 5 4
4 76 74 7 4
5 56 108 2 4
4 66 90 5 3
2 71 91 5 4
3 72 70 7 3
5 51 78 4 5
4 63 50 10 2
3 63 85 3 3
3 46 93 3 4
3 76 75 5 3
8 56 81 5 1
3 56 99 4 1
2 69 70 5 0
3 60 94 3 4
7 66 92 3 1
3 71 59 9 1
5 70 99 3 2
6 56 98 3 2
5 63 75 6 3
5 61 94 4 6
3 33 68 4 1
4 71 72 7 2
2 65 96 2 1
4 50 78 5 3
4 37 78 5 3
3 68 93 4 4
1 66 99 2 2
5 56 79 5 2
6 60 68 6 5
2 43 75 6 6
4 56 83 4 1
5 64 78 5 3
4 47 93 3 2
2 48 61 9 6
4 40 98 5 2
5 37 55 8 5
3 47 84 5 2
3 49 72 5 3
3 68 108 2 7
3 56 98 3 1
1 63 85 5 6
3 77 78 4 4
3 58 78 4 6
3 63 83 4 5
0 62 97 2 2
3 50 82 4 5
3 74 86 3 4
2 64 81 5 3
6 43 74 6 3
6 59 90 4 5
3 52 96 2 3
2 56 73 7 2
3 66 91 4 3
5 55 80 4 2
4 52 72 6 3
8 67 79 5 3
4 48 105 4 6
4 76 97 3 1
2 61 71 4 0
4 57 97 4 1
3 54 76 5 3
2 56 91 5 5
6 62 95 6 4
2 56 98 3 8
4 61 66 8 2
3 78 76 6 1
5 75 90 5 2
3 65 103 4 3
1 60 114 3 5
3 51 80 6 4
3 59 96 2 1
4 69 75 5 1
2 64 94 4 3
2 91 78 4 3
4 60 81 5 3
2 47 72 4 5
2 71 90 1 1
5 78 85 3 0
6 48 86 3 1
5 86 84 5 4
3 80 84 3 2
7 54 101 3 8
1 43 64 4 3
5 68 104 4 5
2 51 83 5 0
2 52 109 1 2
3 62 103 3 1
3 74 92 3 4
3 69 86 4 4
1 43 71 6 3
2 65 109 1 4
6 57 85 5 4
5 34 86 3 9
3 60 61 6 9
4 73 107 2 2
5 71 71 6 4
4 40 54 9 5
3 64 94 4 8
2 55 73 6 5
2 59 71 6 4
5 62 103 2 3
3 77 94 3 3
1 66 97 4 3
2 43 74 4 5
3 72 92 3 2
5 79 73 6 3
6 51 101 0 2
4 69 75 5 9
3 80 70 7 4
3 57 95 3 2
4 55 99 3 2
3 64 115 2 2
3 63 82 3 1
0 65 73 5 0
3 67 80 5 1
6 57 83 3 1
4 54 85 3 2
1 53 102 1 3
4 56 66 6 3
4 60 80 6 2
4 50 76 7 6
2 60 77 5 3
4 55 86 4 2
2 59 72 5 3
4 53 93 4 6
7 49 82 5 7
1 72 89 6 2
4 48 101 2 3
2 69 98 1 6
5 50 80 3 0
4 71 93 5 3
3 63 79 6 2
6 60 88 3 5
6 56 72 7 5
2 68 100 3 1
3 62 78 6 2
4 72 86 4 2
5 61 98 2 7
5 72 110 2 2
2 35 69 7 3
1 58 96 3 7
1 60 92 3 4
6 69 92 3 5
2 58 75 5 5
1 62 75 5 4
0 54 79 5 3
7 71 96 4 3
5 57 106 3 0
0 75 112 4 4
2 55 106 3 5
5 62 86 4 5
6 37 79 5 4
6 53 67 7 1
2 71 99 3 4
3 46 83 5 2
4 39 103 3 3
1 55 99 2 3
2 63 94 4 4
4 71 87 4 3
6 45 103 4 3
3 65 88 5 2
0 68 80 4 3
2 46 101 2 3
4 37 86 4 1
2 68 71 7 5
4 61 62 7 3
1 56 106 2 4
3 59 95 3 3
4 56 91 5 2
6 78 92 6 3
3 53 106 2 4
3 61 102 3 3
5 59 63 8 4
3 53 82 5 4
6 60 90 4 5
3 67 91 4 5
2 58 98 4 2
3 55 93 4 5
3 73 80 5 3
6 58 78 5 5
6 49 90 4 1
5 71 94 4 4
5 52 60 6 4
3 59 76 4 3
4 56 87 5 4
1 66 89 4 3
3 66 96 2 2
3 45 90 4 2
4 64 79 5 1
5 38 74 6 5
4 57 110 2 5
4 72 96 2 2
1 67 89 5 6
3 47 94 4 3
3 47 92 4 5
4 66 58 8 5
5 68 86 4 5
1 62 72 6 2
5 73 86 5 4
4 60 87 4 4
6 61 86 4 7
2 69 112 2 7
0 48 70 6 2
2 74 83 3 2
4 79 114 2 3
8 76 63 7 2
5 72 103 2 2
4 69 64 7 2
3 60 84 4 3
2 55 68 6 3
4 33 73 5 2
3 66 95 5 7
6 67 84 5 6
4 53 102 3 2
4 58 116 1 6
6 71 59 9 4
6 58 63 8 3
1 65 87 4 3
2 53 83 5 7
2 61 71 5 5
4 66 98 3 1
3 40 91 4 4
1 56 99 3 4
6 61 87 5 2
3 61 64 5 2
6 47 70 6 6
5 52 58 8 4
4 68 80 5 3
2 40 71 7 4
2 38 76 4 4
5 68 98 2 6
2 71 83 6 4
2 38 75 5 4
4 55 94 4 3
2 46 83 4 4
2 63 115 2 2
3 50 83 5 1
0 62 96 2 4
2 50 65 6 3
5 57 77 3 4
2 48 93 3 4
8 32 65 6 1
6 52 105 2 4
8 48 89 4 3
3 52 85 4 2
3 43 63 7 3
6 45 85 5 6
6 75 74 5 3
3 51 107 2 5
4 45 78 5 3
3 65 97 4 5
3 61 91 3 8
5 52 63 7 3
3 77 115 1 1
4 64 74 7 4
4 53 100 3 2
4 45 76 4 5
2 38 65 6 4
3 72 66 4 1
7 62 61 7 3
2 71 58 8 5
3 59 83 5 1
5 66 78 3 3
3 73 82 5 2
1 62 102 3 2
1 28 90 3 5
4 52 84 4 4
3 58 84 5 2
3 86 95 3 3
4 62 111 1 4
8 58 86 5 8
3 72 100 3 1
1 37 50 8 1
4 57 92 5 2
2 86 73 6 5
3 73 99 2 6
4 59 72 6 2
4 74 85 4 5
2 51 65 7 5
3 87 77 5 4
4 65 77 6 5
2 68 71 6 2
2 64 59 7 3
4 35 83 4 3
5 55 99 3 3
4 69 73 7 6
3 41 85 4 5
4 61 84 4 3
2 79 80 5 4
4 40 71 7 5
4 86 86 5 4
3 55 106 3 3
5 49 103 3 5
3 36 86 3 6
2 69 92 4 4
1 61 67 7 4
4 60 64 6 3
2 70 84 5 2
3 50 93 3 4
3 79 82 5 3
1 70 85 4 3
6 67 78 6 3
4 62 69 6 4
6 58 97 3 3
5 65 90 6 3
7 60 90 5 4
3 73 91 4 3
4 51 95 3 3
1 51 67 7 1
3 64 78 6 0
3 67 86 3 4
7 56 80 6 4
4 69 100 3 6
7 53 88 4 4
1 60 90 5 1
2 60 77 5 2
6 47 99 2 2
6 41 88 5 2
4 53 80 5 3
3 59 103 2 2
3 71 103 2 5
5 74 100 4 3
5 84 80 4 3
6 78 76 6 4
7 56 101 2 4
5 51 82 5 1
5 59 92 5 2
4 57 91 3 5
2 39 49 9 4
4 59 107 3 6
1 60 84 6 4
3 67 91 3 5
3 67 108 2 2
1 59 73 5 2
8 78 89 4 5
4 43 79 6 3
6 45 67 6 4
4 63 89 2 5
3 72 75 5 1
2 61 87 3 3
6 60 85 6 7
3 71 82 5 5
2 66 88 4 5
2 74 100 3 5
4 82 83 5 7
2 55 69 5 3
2 69 76 6 6
6 68 68 7 11
1 68 67 6 2
4 51 93 3 5
6 64 84 5 3
6 57 105 2 3
5 57 91 4 1
1 62 96 4 5
4 57 96 3 4
6 50 82 5 4
2 58 90 5 6
2 49 72 7 5
2 73 96 2 6
7 50 73 7 3
5 71 61 7 2
4 66 62 7 2
2 57 91 3 1
2 61 84 6 5
3 92 90 2 6
3 76 89 5 3
3 67 77 5 2
5 60 91 2 4
2 50 68 5 4
3 68 105 2 3
2 73 107 2 3
5 65 68 7 1
7 48 110 2 3
5 54 83 4 3
6 68 82 5 2
4 66 79 4 5
4 59 95 2 4
4 80 79 3 3
4 49 76 6 2
4 43 89 2 1
2 41 85 4 2
3 69 50 9 7
2 41 63 6 5
2 58 86 4 4
3 56 56 10 5
5 52 108 2 4
1 45 91 4 4
1 79 85 3 3
2 55 83 4 4
3 72 99 3 5
6 76 79 5 7
4 57 90 5 4
2 69 77 7 2
1 50 89 5 4
1 58 76 3 5
4 82 55 7 3
1 76 89 4 6
2 46 68 7 2
3 52 80 5 2
3 58 93 4 2
3 81 100 3 3
0 61 91 3 6
2 59 102 4 7
5 76 99 3 2
3 54 71 7 4
1 84 74 6 4
3 68 78 6 3
1 63 78 5 4
4 48 77 7 3
3 53 90 3 4
4 65 90 5 2
3 56 77 7 1
2 61 81 5 5
3 63 85 5 5
3 53 76 6 5
1 67 86 4 6
4 47 86 6 2
6 64 90 4 1
1 66 73 6 5
4 30 65 6 3
1 60 77 5 3
3 77 86 5 1
4 56 94 2 6
2 48 102 4 5
0 56 85 5 3
3 57 79 6 2
2 58 86 4 2
2 78 85 3 5
7 74 88 6 5
5 50 89 3 4
3 65 66 7 6
3 51 94 5 3
5 63 95 4 5
4 57 89 4 4
3 56 85 5 3
4 52 88 4 7
1 43 98 3 6
3 54 85 5 4
2 34 73 5 0
3 62 85 4 5
3 55 82 4 6
4 72 60 8 6
5 54 109 3 3
2 66 92 3 1
2 60 103 4 5
4 49 103 3 3
2 59 85 4 2
5 36 66 4 5
2 65 82 4 1
4 42 55 8 4
2 41 72 6 6
0 58 89 4 7
3 34 71 6 3
6 63 73 2 1
3 56 63 8 4
2 55 85 4 2
5 54 107 4 5
4 52 95 3 2
4 52 97 3 5
4 61 95 2 5
6 40 74 7 6
4 57 90 5 8
2 58 87 5 2
4 77 104 4 5
3 69 70 5 3
5 76 68 3 3
5 68 106 3 2
4 65 103 3 2
3 48 92 3 3
3 51 75 6 1
2 69 92 5 3
3 52 81 4 3
3 51 80 6 5
7 65 101 4 6
7 56 99 3 3
6 58 94 4 3
1 49 76 5 5
3 67 115 3 5
2 83 66 5 4
4 44 62 7 5
1 47 70 7 4
3 84 88 5 3
5 47 94 5 4
7 56 76 5 4
4 65 103 3 2
4 74 101 3 2
0 52 74 5 2
0 53 77 2 3
5 50 84 4 5
3 71 93 4 5
3 59 99 3 3
3 65 86 4 2
3 50 90 3 5
1 51 80 4 3
2 60 57 7 2
5 59 90 4 6
6 64 85 5 3
2 57 82 6 0
4 47 89 4 5
1 79 86 5 7
2 70 71 5 3
2 56 67 7 1
7 64 92 4 6
4 67 78 6 7
0 61 108 2 4
4 83 84 3 2
1 50 72 5 4
4 53 88 5 3
4 61 77 4 1
4 60 93 3 3
2 69 114 1 1
1 67 96 3 3
8 59 96 3 2
4 52 107 1 3
4 86 71 5 6
4 57 99 3 2
5 64 80 6 7
5 55 95 5 4
2 63 84 3 3
4 75 92 5 6
7 47 72 6 3
6 74 78 6 6
4 63 50 7 2
4 40 80 7 2
5 72 76 5 5
4 55 86 5 4
6 64 83 5 4
3 31 61 6 3
2 65 77 5 4
3 72 82 4 4
2 51 107 2 3
5 60 102 3 6
2 37 81 6 5
2 60 71 6 2
3 62 93 2 6
5 37 86 6 4
3 30 70 6 4
3 72 112 1 3
3 79 64 8 6
3 57 81 6 3
3 71 102 2 4
2 52 77 4 4
1 70 90 5 6
2 77 86 4 3
4 50 99 2 2
2 61 76 4 4
5 62 104 3 2
4 69 87 5 3
6 72 113 0 1
5 87 87 4 5
4 64 66 6 4
3 77 89 4 4
3 70 90 4 2
2 69 98 4 4
4 67 64 8 3
3 44 94 3 5
4 75 88 4 5
4 62 76 5 8
5 53 83 3 2
1 68 91 4 5
0 69 93 2 1
4 63 87 5 1
0 54 84 5 1
1 54 76 5 0
1 49 83 6 4
4 79 87 4 2
4 62 54 6 6
3 46 84 5 4
4 53 99 2 6
6 58 85 6 2
5 78 89 4 6
4 58 87 5 2
4 47 89 4 4
3 63 89 3 7
4 70 81 4 1
5 72 90 3 6
2 66 69 5 6
2 74 94 4 1
2 78 77 4 6
1 72 88 3 1
3 91 58 7 4
3 48 105 1 5
4 73 95 2 1
5 52 62 7 4
5 50 99 2 5
3 73 85 5 3
2 82 84 4 3
5 59 88 6 5
7 63 98 4 1
4 57 79 5 4
3 67 82 5 0
5 79 56 7 2
4 53 65 8 3
5 53 76 7 4
5 55 81 5 6
0 55 84 5 2
4 55 82 5 3
1 86 81 5 5
3 55 78 6 3
7 53 90 4 4
4 73 102 4 3
6 74 90 4 5
3 32 62 7 5
2 52 72 5 4
4 71 66 8 4
2 46 63 9 2
1 61 83 5 5
5 56 94 2 4
6 53 90 3 4
4 57 72 5 1
6 38 69 6 5
3 67 111 3 5
3 49 71 7 4
4 55 83 3 4
4 71 83 6 3
7 63 78 5 7
2 67 75 7 4
2 66 63 8 2
4 71 95 1 6
2 61 75 5 4
1 64 109 3 3
4 90 77 5 4
3 67 66 7 6
4 45 72 6 3
2 71 90 4 7
1 60 77 5 4
4 55 95 3 2
1 77 61 7 3
5 83 84 5 5
3 60 74 7 5
2 67 103 3 4
4 60 77 5 7
2 56 74 4 5
6 66 99 4 6
5 44 94 3 2
3 61 78 4 2
3 61 60 9 5
4 90 81 5 4
2 57 96 2 1
3 70 112 3 5
5 61 76 7 2
4 77 64 6 3
4 43 76 5 7
3 64 82 4 4
3 82 74 6 3
3 57 76 5 3
2 53 119 1 5
2 82 82 5 8
5 58 62 6 6
4 62 106 1 2
3 73 113 2 1
2 77 82 5 4
2 55 69 7 2
5 46 86 3 6
2 43 67 6 6
6 66 88 5 6
4 42 88 5 3
3 56 97 5 3
3 63 80 3 5
4 56 75 7 4
4 50 88 3 5
2 60 84 3 2
2 54 108 2 2
3 55 75 5 3
2 49 71 6 5
4 76 66 7 5
1 58 96 1 1
2 55 87 4 8
3 67 97 2 1
3 65 96 4 3
4 51 78 5 2
5 54 117 2 1
3 46 70 6 5
1 61 81 4 2
6 50 91 4 5
5 51 94 4 3
4 60 73 8 5
4 52 112 0 5
4 79 66 7 3
5 60 84 5 1
3 42 92 4 1
4 79 65 6 4
3 63 84 5 4
4 82 73 5 3
2 82 55 8 0
2 58 96 5 2
4 54 88 5 5
2 75 65 5 2
0 45 92 5 5
3 91 44 10 4
6 70 91 2 3
2 71 67 6 2
4 58 88 3 1
3 54 97 4 4
2 76 95 3 5
5 79 72 6 7
5 65 74 5 7
4 47 76 6 0
1 54 91 4 6
3 59 86 4 3
4 57 81 6 1
1 54 104 1 4
5 41 79 4 6
3 44 89 4 4
2 47 98 3 8
5 58 86 3 3
0 61 88 4 6
4 56 89 4 5
4 40 66 8 5
0 76 63 5 4
3 57 103 2 2
4 49 95 5 7
2 70 109 1 5
5 54 72 5 2
7 50 90 4 6
5 75 87 3 7
3 76 89 4 6
1 64 89 3 4
3 66 86 3 4
3 55 80 5 3
4 55 95 3 5
3 63 98 3 1
4 74 85 4 5
3 82 82 4 3
6 58 81 4 4
3 55 83 6 1
4 70 114 3 2
2 76 90 5 1
5 68 90 4 5
5 54 90 3 4
3 56 84 4 1
4 65 74 4 8
4 52 72 6 2
1 66 90 3 3
4 52 94 3 5
1 61 72 4 3
5 60 83 5 4
4 61 89 5 2
3 45 88 3 7
4 70 89 3 3
9 63 90 4 1
3 36 76 6 3
2 66 102 4 5
0 57 83 4 6
3 73 84 4 4
5 62 76 5 1
7 66 70 5 7
4 55 89 5 1
5 64 92 5 4
6 53 70 5 4
2 72 78 4 4
2 50 91 3 5
5 56 96 3 4
0 53 74 5 1
4 89 88 5 3
3 52 56 8 2
2 66 78 5 4
7 47 79 6 1
4 64 91 2 7
4 70 94 6 4
3 52 84 4 2
6 73 94 4 2
6 87 73 5 5
3 71 86 5 5
2 45 60 8 2
5 40 71 6 1
3 57 78 4 8
5 73 79 5 5
4 74 100 3 2
3 59 101 3 3
3 57 113 0 2
6 61 111 2 6
0 51 88 3 1
4 57 73 6 4
7 72 62 7 3
1 48 89 5 3
3 58 105 2 3
2 60 114 2 4
2 71 93 4 3
2 54 96 3 3
6 39 87 4 1
1 73 83 6 3
5 65 47 9 2
4 40 77 6 3
3 64 75 6 7
3 73 82 5 5
4 59 95 5 6
5 71 83 3 3
6 65 91 4 6
6 38 87 5 5
3 44 90 3 3
5 37 68 6 3
4 64 92 4 2
3 81 73 5 4
5 69 108 1 6
3 49 94 3 3
3 78 90 4 3
2 58 73 6 3
4 80 84 5 6
4 82 72 4 3
4 73 86 4 5
2 50 73 5 2
2 75 96 2 6
2 65 94 3 4
5 59 89 2 4
4 53 74 3 3
6 64 96 3 3
4 70 106 2 7
3 48 88 5 3
3 57 71 6 3
4 79 91 5 3
2 51 98 4 3
3 56 103 3 2
5 53 90 4 1
3 57 96 4 4
5 52 97 2 2
4 36 86 4 5
2 57 94 4 4
6 88 73 7 3
2 69 68 7 2
5 61 83 6 4
5 61 108 1 2
5 68 76 7 1
2 80 103 2 2
5 59 97 1 6
1 70 91 3 3
6 68 87 4 7
1 56 73 6 5
3 62 114 1 3
3 95 79 6 5
8 44 71 5 1
1 39 75 5 1
5 53 54 8 0
2 49 97 2 0
1 30 75 5 4
3 31 62 8 6
4 52 92 4 2
3 49 86 5 4
5 71 90 4 3
2 59 83 6 3
4 43 84 4 3
3 57 95 5 5
3 70 90 3 2
3 59 114 0 4
2 53 89 6 6
3 82 66 8 6
4 43 90 4 1
3 67 89 3 1
3 65 93 5 1
2 58 86 5 6
6 74 98 4 4
3 62 46 8 2
1 69 101 2 4
5 66 88 4 4
4 55 82 4 0
2 52 92 5 2
3 41 92 4 4
5 55 85 4 1
3 74 90 5 4
7 55 82 5 10
7 52 83 7 3
7 70 74 5 2
2 67 92 4 6
3 57 97 3 5
3 66 53 8 5
3 78 73 5 5
1 68 62 5 2
2 54 89 3 3
3 64 86 6 3
4 64 81 5 4
2 57 82 5 2
6 60 77 5 1
2 62 78 5 1
4 68 105 2 3
3 61 60 7 6
4 76 85 4 5
2 51 96 3 4
3 43 86 5 3
1 43 96 3 5
5 58 106 4 4
2 51 77 5 4
5 58 107 1 2
2 59 86 4 8
2 48 74 6 5
3 58 100 2 2
2 45 87 3 1
3 53 79 5 2
6 60 96 2 3
6 57 88 4 3
5 64 92 4 3
6 83 75 6 4
3 79 73 6 3
0 61 91 4 4
7 71 97 3 4
5 53 78 3 4
5 70 83 5 3
6 45 64 7 3
1 61 87 5 4
4 75 53 7 8
4 57 80 5 1
5 52 87 4 3
6 55 82 5 4
1 56 63 6 2
5 49 79 5 5
7 51 69 8 2
1 73 91 5 5
8 80 78 7 1
3 70 78 6 4
3 46 84 4 3
9 48 87 4 4
3 72 68 7 2
4 73 75 7 4
1 69 97 2 4
4 58 87 4 2
3 75 89 3 3
3 63 82 4 5
4 80 74 6 3
3 71 75 7 2
5 59 87 5 1
4 45 77 5 1
4 63 102 2 4
3 75 88 6 3
4 72 76 6 4
3 88 84 4 1
4 76 93 3 3
2 66 86 2 4
5 75 94 4 3
5 72 64 6 8
2 69 94 3 2
4 50 82 5 1
2 67 93 2 4
4 71 79 5 5
4 74 67 7 2
7 92 75 5 0
4 62 94 4 7
3 54 94 5 8
2 50 99 2 6
5 75 85 5 4
3 48 67 5 5
5 47 80 5 3
4 88 92 3 3
3 46 74 5 2
1 74 63 8 2
4 40 69 5 5
4 49 83 4 1
5 65 81 5 6
3 74 59 7 2
3 61 121 2 1
4 50 101 3 5
6 56 93 3 2
1 53 80 5 5
4 43 70 5 4
3 52 86 4 5
1 56 76 7 5
2 59 99 3 2
4 38 82 4 8
6 69 63 6 4
2 64 65 7 3
4 57 108 3 3
1 65 70 6 2
4 57 100 4 3
6 86 77 6 2
2 54 94 4 1
4 44 80 5 2
2 71 91 2 3
3 69 115 2 2
6 56 93 4 2
3 47 79 4 5
3 52 81 5 9
4 83 88 3 6
6 80 84 4 1
4 83 74 4 3
4 50 74 6 1
1 55 87 3 5
5 53 96 4 5
3 61 90 4 7
6 73 102 2 1
5 53 91 4 5
4 44 77 5 6
8 55 72 6 6
2 53 96 3 2
2 80 101 4 3
8 63 94 4 3
3 64 80 4 8
4 64 106 2 1
4 75 92 4 7
3 50 79 4 2
4 65 87 3 7
4 55 86 3 4
2 60 107 2 2
1 63 89 3 2
4 60 90 4 6
1 54 83 4 6
2 55 78 7 1
2 56 90 4 3
5 46 71 6 6
4 70 96 2 2
4 51 85 4 2
4 72 106 3 5
5 63 80 6 2
6 46 56 8 3
6 70 65 4 2
3 60 99 2 2
4 39 83 5 4
4 58 86 5 2
3 66 83 5 3
2 63 82 3 3
5 61 88 3 2
4 49 105 3 6
5 71 72 5 6
4 47 87 3 3
3 56 78 7 5
0 75 69 6 1
3 72 95 4 2
6 57 103 3 2
5 58 69 6 5
3 50 78 5 8
5 52 84 4 1
6 80 87 5 5
1 41 76 5 2
3 62 93 4 3
4 57 102 3 3
1 54 78 2 5
4 65 97 1 3
4 69 70 5 7
5 62 75 6 2
2 47 94 4 5
4 78 63 6 4
5 57 93 4 1
4 63 77 5 4
4 58 85 4 3
7 59 107 2 4
5 59 102 2 3
2 63 81 5 4
4 85 77 4 0
5 67 111 1 3
5 59 75 6 2
5 62 100 3 4
2 76 67 4 5
5 49 70 5 5
3 60 95 3 4
6 78 83 6 3
6 72 65 6 1
3 64 117 2 3
3 81 87 4 4
6 29 61 7 1
3 64 90 2 4
4 54 78 5 2
1 81 72 7 2
2 51 88 4 9
4 63 82 4 4
5 51 98 3 1
2 75 51 9 6
2 56 81 5 0
4 68 85 5 1
3 69 86 4 5
3 75 62 8 1
2 81 65 8 5
0 67 65 8 3
6 61 69 4 4
1 47 95 3 3
4 52 75 7 4
1 68 68 6 2
2 61 75 6 1
4 67 100 4 9
3 57 92 4 3
2 55 85 3 4
8 73 93 4 6
3 83 71 6 7
2 66 87 4 1
5 57 66 7 4
2 57 99 3 9
2 59 89 3 2
1 64 66 5 1
5 55 81 3 0
2 55 58 7 2
2 53 76 7 2
4 55 81 5 6
4 60 80 6 2
3 62 111 1 3
2 45 84 4 3
2 43 89 4 3
5 70 70 6 1
4 63 112 1 3
5 63 104 4 3
3 41 62 7 6
5 69 79 5 2
7 47 86 3 4
4 55 45 8 5
6 47 86 4 4
2 76 76 7 8
1 48 67 7 2
1 68 95 3 8
3 55 99 3 6
4 59 66 5 5
2 51 97 2 5
7 54 70 7 3
5 64 81 6 3
1 47 93 5 3
5 62 102 3 3
3 53 84 6 5
3 51 76 5 3
2 63 109 2 5
5 44 89 4 3
4 66 111 2 7
4 64 98 4 1
3 37 75 6 4
4 57 69 7 5
3 73 81 4 3
5 60 87 4 5
4 55 63 8 3
3 66 81 5 3
4 56 75 5 3
10 60 83 3 4
2 73 70 6 2
6 42 106 3 4
3 71 97 3 4
3 68 79 5 1
4 56 75 5 3
3 68 77 2 3
4 60 101 2 5
6 39 76 7 0
7 43 86 4 3
6 72 76 4 6
3 49 112 3 2
3 70 77 7 6
4 64 79 4 4
7 67 82 5 4
4 53 89 3 3
2 63 82 4 4
4 48 98 3 3
3 54 101 2 5
5 69 74 6 2
6 64 78 6 5
4 46 87 5 7
6 51 96 5 2
0 68 122 1 5
1 66 110 2 5
4 64 88 3 4
5 30 69 5 3
3 85 58 9 2
4 61 91 5 2
3 41 78 6 4
5 44 101 2 7
4 47 93 5 2
4 74 79 5 5
2 53 88 4 9
2 46 90 5 1
5 54 66 6 3
2 72 85 6 5
5 59 116 1 4
2 40 82 4 2
2 45 91 4 4
3 72 73 6 4
2 48 106 1 5
6 43 81 3 5
3 64 90 4 2
1 80 61 8 3
3 76 118 2 5
5 49 66 8 3
3 65 97 3 4
1 64 68 5 4
6 85 73 8 8
6 68 92 4 3
3 58 83 4 0
3 43 87 4 5
6 47 80 5 5
1 44 91 4 3
3 51 105 2 2
4 73 84 5 7
5 40 87 5 6
6 58 103 4 4
3 58 85 5 5
0 60 96 4 5
4 55 89 4 3
4 57 85 6 5
4 74 85 4 4
6 70 107 2 3
4 53 65 8 1
2 59 81 4 3
6 46 76 5 2
2 57 78 3 3
3 51 95 4 6
3 81 74 6 8
1 45 97 4 2
3 80 99 4 1
1 83 86 5 4
3 64 78 5 1
4 62 106 2 5
4 28 67 8 3
5 72 82 5 4
4 74 76 5 3
3 54 81 5 4
2 63 90 2 3
6 78 108 2 3
3 44 90 5 3
7 57 80 5 5
5 61 77 4 1
6 54 69 4 4
5 60 74 4 5
3 66 80 5 0
1 50 82 5 4
5 54 108 4 1
1 46 80 6 2
3 79 65 7 4
2 56 112 3 4
2 55 67 7 3
0 68 93 4 6
5 69 62 7 1
6 57 53 9 4
1 40 41 10 2
2 69 108 1 3
4 86 79 6 7
5 57 95 2 4
2 73 77 6 1
3 55 80 6 2
4 51 89 4 2
3 71 71 6 4
2 56 67 8 5
5 66 69 8 5
3 64 76 4 7
2 60 95 3 2
2 64 66 6 3
7 45 82 5 1
2 62 95 4 3
6 43 100 3 5
2 83 85 5 3
2 82 62 8 3
1 70 103 4 3
3 39 79 4 4
5 87 88 6 5
3 52 80 4 6
4 42 62 9 7
5 73 100 2 2
3 46 70 6 3
4 60 89 6 1
4 63 91 4 1
3 59 82 5 1
2 69 95 4 1
2 67 97 4 1
3 64 92 3 6
0 61 88 5 3
4 72 78 5 4
0 75 59 8 3
2 47 97 5 6
3 50 80 4 4
7 36 45 8 5
3 60 104 1 3
4 62 97 2 6
6 70 104 2 3
4 72 69 7 3
2 42 85 4 5
3 55 79 5 3
3 70 60 8 4
1 51 104 3 4
2 57 95 2 5
1 62 54 9 2
6 67 102 4 6
3 69 90 4 2
3 39 87 5 4
2 64 97 2 6
4 52 78 6 1
4 64 73 5 2
5 74 73 7 3
5 54 69 5 5
4 55 64 9 4
5 53 68 6 1
7 49 94 2 4
3 71 75 5 3
2 49 88 4 7
6 55 94 3 3
3 70 77 6 2
3 52 74 6 5
4 63 86 6 3
5 40 106 4 4
3 79 82 3 1
0 58 80 6 4
2 55 83 4 4
1 48 88 5 3
2 76 85 3 9
4 60 72 6 0
5 62 74 5 5
4 61 79 5 4
5 61 84 3 5
6 54 108 1 5
3 56 75 6 3
4 44 58 6 6
4 57 76 5 4
2 32 75 6 7
4 65 107 2 6
3 76 109 3 1
4 48 91 3 6
2 46 72 5 4
2 55 81 6 4
3 64 105 3 1
5 46 75 7 6
2 83 115 1 2
4 69 92 4 4
1 64 106 2 6
4 49 56 7 3
7 64 88 2 2
3 67 81 5 3
2 54 77 5 3
3 54 103 4 2
4 60 68 4 6
4 54 101 3 1
1 87 66 5 5
2 48 69 4 3
3 57 93 3 4
2 63 46 9 4
4 72 68 7 1
2 72 88 5 5
2 66 90 3 4
6 52 69 5 3
2 66 108 2 3
5 48 106 2 3
5 70 86 5 3
2 55 95 3 5
4 85 91 3 2
1 49 96 4 5
4 59 98 4 6
3 60 64 7 4
3 51 88 3 2
1 48 86 5 3
3 52 79 5 4
2 49 75 7 3
3 55 95 5 3
4 48 82 4 2
5 52 97 3 0
3 83 84 4 4
3 53 94 3 1
2 48 85 4 3
3 60 76 4 2
5 77 97 3 4
4 73 85 6 2
5 58 105 2 4
5 67 93 3 6
2 54 91 5 2
3 78 90 4 7
4 31 49 9 0
4 65 69 6 4
3 62 91 4 3
3 49 89 5 2
4 82 99 2 7
1 47 81 5 4
1 64 103 3 4
4 63 91 3 2
5 70 55 8 2
4 71 93 4 5
3 59 75 5 6
4 63 76 5 4
5 75 96 3 5
5 65 96 3 3
4 91 58 7 5
3 62 60 8 3
4 55 65 6 3
2 68 89 5 3
4 30 78 4 2
4 70 99 3 5
4 55 98 3 4
3 55 74 5 5
2 61 70 6 3
2 54 62 5 5
4 59 79 4 4
2 53 81 5 5
2 63 90 5 2
5 73 79 5 4
5 50 86 4 3
3 59 61 8 1
5 63 105 3 4
2 82 75 6 4
2 68 90 3 5
4 50 79 3 4
2 60 89 2 6
4 56 100 2 3
3 60 96 4 7
3 79 80 3 6
2 55 79 6 2
4 42 79 5 1
3 67 86 5 3
4 71 80 5 0
4 73 89 5 2
2 51 91 5 3
7 58 49 8 4
3 53 76 5 3
4 56 76 4 4
6 65 87 4 4
5 57 84 4 4
3 56 85 4 5
4 72 108 2 2
2 72 83 5 2
3 66 77 5 4
4 84 80 4 1
5 57 96 2 2
1 60 85 4 5
2 42 102 2 3
2 63 102 2 3
8 71 79 6 1
2 54 80 5 4
2 60 100 4 6
0 51 83 5 5
3 34 52 8 9
4 63 69 5 2
4 47 91 4 3
6 58 67 5 4
3 74 100 2 4
5 49 84 5 6
3 70 86 5 4
2 58 79 2 3
4 62 100 2 1
3 65 60 9 0
4 59 87 4 1
2 60 72 6 1
1 66 63 7 2
4 49 81 5 3
5 83 47 10 4
5 44 105 2 5
4 48 75 5 2
2 63 84 5 2
3 53 58 9 2
5 51 89 4 6
3 64 80 4 5
2 64 96 3 4
6 58 56 8 3
3 77 108 1 4
5 63 93 3 2
4 66 64 8 2
2 41 77 5 1
2 71 102 2 7
7 68 81 5 4
3 57 108 3 4
3 62 78 6 4
4 67 84 6 4
5 55 110 3 3
2 61 103 3 1
4 46 91 2 7
1 39 81 5 2
3 34 91 3 0
2 66 110 2 2
2 72 101 3 5
4 50 94 3 5
3 35 60 9 2
3 67 70 5 4
4 73 71 6 1
5 69 82 6 5
3 68 97 4 6
3 69 91 4 4
5 60 76 6 6
3 46 70 6 4
6 48 82 6 3
4 56 66 5 5
2 72 112 1 3
2 74 87 6 4
4 54 88 5 6
3 75 80 4 3
4 61 76 6 4
2 54 76 5 2
3 58 91 4 5
4 47 71 6 4
4 58 73 5 2
2 61 90 3 5
4 66 92 4 3
5 62 92 3 1
2 54 91 3 3
3 77 102 2 1
2 52 91 3 3
3 53 84 4 4
3 71 78 6 6
4 51 94 4 12
2 72 62 7 4
3 68 106 4 2
5 71 98 3 2
1 72 88 5 4
5 56 98 2 5
6 80 92 3 0
3 76 70 7 4
6 46 98 3 6
1 49 75 5 5
8 61 80 5 2
5 62 87 3 4
1 65 91 4 6
2 40 79 4 4
4 52 86 4 4
0 65 104 2 3
4 49 81 4 1
3 70 97 2 1
5 39 70 6 4
6 73 85 3 2
4 85 82 5 4
2 59 65 5 5
5 72 112 2 2
4 69 78 4 5
3 62 63 6 2
5 82 93 1 2
2 57 86 5 4
1 61 70 7 1
5 40 80 6 1
2 40 101 2 6
2 46 88 5 1
1 57 90 4 0
1 57 69 7 4
5 63 79 6 3
3 59 79 5 2
4 46 94 5 1
2 48 60 8 5
5 82 83 4 2
5 56 80 4 2
5 52 76 5 6
5 76 108 1 7
1 67 75 4 3
2 60 98 3 5
4 55 102 3 4
2 57 80 5 4
4 82 88 6 1
4 69 82 5 2
4 35 59 6 4
4 86 85 4 4
4 66 78 5 0
1 52 92 5 1
2 73 100 2 3
2 55 67 6 3
6 81 91 5 4
3 54 95 4 6
2 74 94 1 7
7 45 98 3 4
5 58 83 5 5
1 72 82 5 2
4 56 77 5 5
3 67 83 5 5
3 55 83 4 3
4 64 98 3 2
2 62 88 3 3
7 75 94 5 4
5 47 59 8 2
5 77 93 4 1
5 62 77 6 2
3 77 85 5 2
5 70 77 3 2
1 67 90 4 3
3 40 98 2 1
2 62 98 2 4
5 53 70 6 3
4 43 64 6 3
2 59 81 4 4
2 66 101 3 1
2 70 107 3 4
4 71 113 2 2
2 45 71 6 6
2 63 74 5 3
2 71 104 3 5
1 46 102 1 2
5 57 94 5 4
2 40 69 7 5
4 59 98 3 5
1 76 92 5 3
4 57 85 3 2
2 64 73 5 1
0 49 77 6 5
4 52 89 3 2
4 38 65 7 8
3 66 92 5 2
3 62 94 3 5
3 72 88 5 2
4 75 79 5 2
4 51 93 4 2
6 59 91 4 6
2 46 56 9 5
3 68 90 5 3
2 73 88 4 7
5 52 86 4 2
7 49 74 5 6
7 61 85 5 4
5 46 88 4 4
4 41 84 5 2
3 70 95 3 3
3 63 79 3 3
2 74 73 7 6
4 74 82 4 1
4 45 68 7 6
6 62 83 4 3
3 59 108 2 1
3 60 90 3 2
7 56 82 5 2
3 73 96 4 6
2 49 82 5 2
3 67 77 4 6
3 58 104 4 2
5 64 105 2 3
2 78 62 8 6
2 65 75 5 3
2 51 65 6 2
4 68 97 3 5
5 57 87 5 2
4 39 104 3 4
2 68 74 5 3
7 64 86 5 3
5 62 70 5 5
4 64 85 4 0
4 39 72 5 6
4 56 96 3 4
2 60 72 5 2
2 61 73 6 1
3 58 68 7 3
2 87 87 4 2
3 53 86 5 1
1 58 89 4 1
3 91 49 8 4
4 68 99 4 4
6 74 74 5 1
4 53 94 4 1
4 46 72 4 3
3 59 104 4 0
3 84 82 4 2
3 71 62 7 5
5 60 93 3 0
4 39 93 2 2
3 52 116 1 5
2 60 96 3 2
6 50 101 5 0
7 37 96 4 0
5 62 90 6 4
3 50 59 7 4
4 60 76 5 4
4 81 102 2 5
4 64 112 2 2
3 60 83 4 6
4 71 73 6 8
4 71 93 5 2
5 47 61 8 2
4 39 59 7 0
5 63 79 5 5
5 37 66 6 1
4 82 97 4 5
4 48 71 8 2
5 62 87 4 2
2 60 108 2 3
1 49 113 2 1
4 63 75 6 2
4 47 94 4 6
2 56 105 1 1
3 42 65 8 3
5 73 108 2 2
2 60 91 4 2
2 62 84 2 5
3 62 74 6 3
2 80 91 3 2
4 41 92 3 8
4 52 117 2 2
4 74 73 6 3
4 66 105 1 4
6 72 72 4 2
4 81 85 5 5
5 42 82 6 5
2 59 101 4 3
3 51 71 4 5
4 45 82 5 3
6 72 70 5 5
3 70 102 1 2
2 37 92 4 5
3 55 81 3 4
3 64 78 6 3
4 81 82 4 3
0 49 59 7 1
3 41 80 6 3
3 69 78 4 2
3 61 81 6 5
4 73 75 4 5
2 61 83 5 3
3 57 89 4 6
3 56 105 3 1
2 59 92 4 3
6 63 82 5 3
4 70 78 5 0
3 75 88 4 7
4 68 104 2 4
6 76 77 5 3
3 56 53 8 3
2 83 71 5 5
1 44 85 4 2
4 65 91 5 1
8 56 59 9 2
5 60 85 5 4
3 57 83 5 6
2 79 91 3 2
4 41 57 8 5
4 66 87 4 2
2 42 80 5 5
3 41 62 9 5
7 52 100 4 6
3 83 80 4 0
4 65 66 7 2
1 40 57 8 5
5 41 84 4 0
6 49 97 3 3
6 41 55 8 1
3 58 61 7 4
6 60 87 5 5
3 78 87 5 4
4 70 90 4 6
7 61 65 7 3
1 59 93 4 0
2 63 81 5 6
2 71 91 6 4
5 75 89 4 4
3 63 82 4 3
4 80 86 3 3
1 56 99 3 7
4 57 83 4 6
4 59 98 4 0
4 66 91 4 5
4 57 89 3 5
1 81 75 5 3
4 65 76 6 4
1 70 69 6 4
4 71 89 4 8
4 69 102 3 4
4 54 83 4 6
4 66 84 4 4
3 54 96 5 4
3 56 47 9 3
3 58 100 4 5
3 60 71 6 2
1 56 71 6 5
1 57 94 4 3
4 72 86 5 4
5 47 80 5 1
5 31 57 7 4
5 61 100 3 5
3 65 88 6 2
3 63 66 7 6
3 79 82 5 5
3 53 103 4 2
3 55 74 4 2
2 64 106 2 4
5 95 71 4 3
3 63 56 9 3
3 54 114 1 3
3 56 96 3 3
3 62 74 6 3
5 71 91 4 3
3 49 102 2 2
5 54 92 2 6
2 70 120 2 7
1 69 96 4 5
5 65 99 3 7
5 41 90 5 3
3 59 74 6 3
6 75 81 5 3
4 54 92 4 3
4 70 73 5 4
6 65 46 9 3
3 55 102 2 3
2 55 89 3 1
4 79 76 4 2
2 64 106 2 7
7 69 66 7 2
2 61 102 2 0
3 44 78 6 2
6 62 96 2 4
3 77 78 5 4
3 61 87 5 0
5 34 92 5 4
5 65 70 3 3
4 64 94 4 3
3 22 67 7 3
3 54 80 6 2
4 45 76 3 1
4 59 82 5 2
6 51 93 2 2
3 51 53 9 5
4 59 113 2 4
5 47 71 6 3
4 59 90 3 3
7 48 77 4 7
7 52 78 3 6
5 53 89 3 4
3 86 61 7 6
3 74 81 4 6
2 47 96 3 3
5 46 84 5 4
2 48 88 5 6
3 66 94 4 5
4 61 77 6 3
1 79 96 4 4
2 49 89 2 2
5 48 95 2 1
4 39 74 5 4
3 64 78 6 6
8 57 84 4 2
2 42 73 6 2
5 65 98 3 3
3 62 75 4 3
3 59 78 6 4
7 70 98 3 3
6 44 58 8 2
4 63 63 7 3
5 48 77 5 5
4 48 69 6 4
1 60 80 4 4
4 66 61 7 8
5 68 91 3 5
5 65 110 2 1
2 77 88 5 5
2 87 87 3 2
4 64 97 2 0
0 64 83 4 4
3 77 96 3 2
3 52 77 5 5
4 71 88 3 4
5 66 97 3 3
1 73 66 7 5
3 49 87 4 4
2 27 76 6 2
2 64 92 4 3
3 57 83 3 3
4 67 83 4 4
2 38 95 3 3
2 51 96 2 6
4 61 93 3 1
5 73 86 4 1
5 74 82 6 3
1 48 92 5 4
3 77 75 5 3
1 57 96 4 3
3 61 98 3 0
5 64 102 4 3
3 48 61 7 0
4 47 98 3 1
2 85 81 5 3
4 61 71 4 4
5 71 71 6 1
5 88 63 7 1
1 65 81 2 3
4 79 87 4 4
3 62 87 3 2
2 69 83 5 1
3 58 89 4 5
2 54 74 4 4
1 35 70 5 9
3 82 75 5 3
4 67 76 4 1
3 77 107 3 1
3 60 80 4 6
3 43 88 5 3
3 70 73 6 1
3 54 90 4 3
3 61 82 5 2
2 45 78 6 4
2 36 49 8 4
7 68 68 6 7
6 39 66 7 3
5 62 101 3 2
4 64 86 5 2
3 57 75 5 3
2 71 83 4 3
2 51 108 1 2
5 67 115 1 5
4 65 90 4 3
1 52 87 5 3
2 70 71 6 2
3 66 81 5 2
4 67 73 6 6
4 68 94 2 6
5 47 66 8 4
4 60 69 6 1
1 66 92 4 1
4 59 83 5 3
4 82 78 5 4
2 49 82 4 5
3 57 87 5 3
2 64 77 5 0
2 47 118 0 2
4 62 86 4 6
5 64 93 4 2
3 45 84 6 5
2 76 84 3 5
2 67 79 4 1
2 51 80 6 3
3 75 65 9 4
3 56 77 7 4
6 73 89 5 3
3 57 97 1 3
7 36 92 4 8
6 48 46 10 3
4 53 101 3 1
6 67 93 3 7
5 71 82 5 3
3 55 88 6 2
4 45 68 5 2
4 63 72 6 2
3 77 61 8 2
4 71 73 5 2
2 72 83 5 4
6 56 81 3 4
3 47 87 5 4
4 72 92 3 4
4 62 71 6 3
3 59 99 3 5
4 41 79 6 2
1 73 75 6 4
4 83 98 2 3
5 67 85 4 4
1 62 110 3 6
3 81 65 8 1
5 100 61 8 5
3 61 78 5 3
3 78 80 3 1
2 68 77 4 5
2 81 88 5 1
4 84 79 4 1
2 35 77 5 4
2 67 78 6 2
2 41 79 6 1
5 53 99 3 5
2 53 73 5 4
6 59 85 4 7
3 64 86 4 4
4 48 82 5 2
2 80 86 4 0
2 73 90 3 4
6 54 88 3 5
4 76 84 4 4
1 62 94 3 4
2 71 83 5 4
4 70 99 4 4
4 61 105 1 3
3 78 68 6 7
4 51 90 5 0
5 64 90 4 2
7 62 88 5 1
3 56 85 5 2
4 67 70 7 4
6 72 90 3 5
3 65 88 5 1
4 61 84 3 3
6 66 101 4 5
4 74 86 4 7
2 62 94 3 1
3 57 84 6 7
7 76 85 3 1
8 60 63 7 2
3 60 99 1 2
1 61 91 5 5
3 51 62 8 2
2 40 83 3 4
2 52 78 6 5
8 56 99 4 2
8 61 60 6 4
2 46 99 3 6
4 69 106 3 2
3 64 83 4 4
3 52 92 4 8
5 47 77 6 2
1 74 91 4 6
1 56 77 3 3
4 70 87 5 5
4 50 76 7 1
5 62 76 6 0
7 52 100 5 0
3 77 74 5 7
3 39 107 2 2
4 57 98 4 6
1 63 90 6 1
4 58 50 9 3
5 79 78 6 7
3 48 70 7 2
3 64 81 5 2
3 36 72 6 4
2 71 82 5 4
4 54 64 7 1
1 55 86 5 6
3 60 94 2 1
1 60 66 6 8
2 91 82 4 8
5 59 86 6 2
2 62 108 3 4
3 79 104 1 2
3 62 83 4 5
2 70 88 4 5
1 58 83 5 4
4 38 95 4 3
4 73 107 1 4
3 61 85 4 3
4 69 92 3 4
1 57 76 4 4
3 68 71 5 4
4 63 90 3 3
4 62 83 6 4
4 69 88 5 4
5 66 100 3 2
6 52 81 6 4
2 69 117 1 4
2 75 93 3 2
6 66 93 4 5
4 58 91 3 4
2 55 61 6 3
4 50 102 2 2
5 72 67 6 3
5 68 85 3 1
4 52 83 4 2
5 89 94 5 4
3 50 83 5 5
7 61 90 4 3
3 63 82 5 4
3 59 98 4 4
4 59 94 4 6
5 55 83 5 3
2 56 88 2 5
5 65 96 3 5
3 49 111 2 1
1 66 88 6 4
2 69 106 1 4
2 57 75 5 5
2 50 99 3 3
3 65 85 6 7
5 55 73 5 7
3 42 99 5 3
6 72 57 9 1
6 44 82 4 3
1 61 100 2 4
2 71 105 2 2
4 49 55 7 3
3 99 77 6 2
3 52 78 4 1
5 57 94 2 3
0 63 96 4 0
4 50 91 3 2
8 68 98 5 4
2 44 70 8 6
3 60 69 5 2
1 66 77 5 4
5 63 80 6 6
7 71 76 6 0
3 80 75 6 3
1 67 88 3 5
6 61 70 5 4
2 98 64 7 4
4 64 98 3 3
3 46 70 7 4
4 78 118 2 0
3 79 82 4 1
5 54 94 3 3
4 86 67 6 7
4 62 87 4 1
2 82 70 6 7
5 59 88 5 2
3 54 93 4 2
3 67 88 4 10
3 69 76 5 3
4 51 66 6 7
1 73 111 1 2
3 49 86 5 4
2 41 64 7 3
3 66 81 3 2
5 61 92 4 2
2 65 65 8 3
3 33 69 7 3
1 81 67 5 2
7 40 92 4 2
3 51 69 4 4
5 56 89 3 2
5 68 85 5 0
3 48 69 7 1
5 65 89 5 4
6 75 106 3 1
1 63 71 6 4
3 52 70 7 5
4 56 105 2 5
3 53 80 5 3
3 45 53 8 1
1 76 85 3 1
4 62 95 2 2
3 60 92 4 4
4 63 76 5 3
2 79 87 4 6
5 60 91 2 5
2 86 58 7 5
2 51 71 6 2
3 65 108 4 0
7 64 68 7 4
5 69 93 2 3
3 68 93 5 3
5 63 81 6 4
7 73 95 4 4
3 63 82 4 1
5 49 115 1 2
1 61 84 5 4
5 91 66 8 1
2 47 76 5 1
4 69 77 3 3
2 49 67 7 3
7 57 81 6 2
6 61 68 6 3
1 39 85 4 5
2 70 59 8 2
5 69 82 5 5
6 71 87 3 6
2 82 92 4 6
3 53 94 3 4
3 64 104 2 5
3 51 87 4 3
2 73 78 5 2
4 73 84 5 0
5 64 100 3 7
2 82 72 6 3
2 55 93 3 5
7 46 63 8 7
5 33 83 4 0
3 84 95 3 1
2 51 73 6 3
0 79 35 9 2
3 75 105 3 2
2 81 82 5 2
5 82 95 4 4
4 67 48 9 3
2 59 67 7 1
3 49 71 6 3
5 53 67 7 1
3 71 82 5 4
5 49 68 7 2
2 72 74 5 7
2 57 102 2 4
3 68 90 3 4
1 49 80 5 5
3 83 107 2 0
6 61 87 5 5
5 77 67 8 0
4 55 91 5 3
4 44 72 3 9
3 72 93 4 3
5 66 74 6 5
4 67 88 6 3
3 74 84 4 4
1 69 102 3 3
3 56 85 6 4
2 58 82 5 2
4 66 93 3 3
2 61 76 6 4
4 48 109 1 6
2 66 79 7 3
3 77 118 1 2
6 51 86 5 4
3 45 61 8 4
1 44 93 5 4
3 60 92 5 0
6 71 80 5 8
6 73 41 8 8
3 76 92 5 8
2 74 76 6 3
2 54 85 2 5
5 74 87 3 3
3 76 73 7 2
4 38 72 6 6
7 34 85 5 5
3 68 74 5 2
7 70 91 4 3
4 85 89 4 2
5 56 89 6 6
3 55 93 4 4
1 56 100 3 3
2 74 90 4 3
5 51 96 2 1
2 63 103 3 4
4 55 91 3 5
3 70 109 0 5
1 67 98 4 5
1 61 77 4 3
5 54 85 5 2
9 60 59 8 3
4 44 90 5 1
5 41 63 7 4
2 52 78 5 5
4 61 101 3 1
3 54 89 5 3
3 62 72 6 2
6 50 71 8 1
1 58 75 6 4
3 67 102 2 3
5 57 77 5 7
2 52 84 5 1
2 67 84 5 4
3 61 94 4 3
3 64 71 5 4
5 55 87 5 3
7 52 95 3 8
5 68 101 3 2
4 59 105 3 4
2 77 111 2 4
2 63 72 3 4
3 64 104 1 6
4 67 76 6 3
5 65 70 7 5
6 40 71 7 4
2 60 74 5 4
3 43 86 4 2
5 67 55 8 2
3 88 77 6 3
6 42 66 7 3
3 56 87 3 0
3 54 82 4 4
5 53 80 7 7
6 53 74 6 1
2 83 102 2 2
4 66 82 5 2
2 58 98 5 3
3 46 69 5 4
5 74 91 5 6
5 82 79 6 4
5 82 85 4 1
4 62 81 4 5
2 60 95 2 2
1 62 94 4 2
4 67 85 6 3
1 65 107 2 3
6 77 105 2 5
4 64 72 7 3
4 40 54 8 3
2 73 89 3 4
4 64 96 5 4
5 66 113 3 6
2 40 74 7 3
5 37 73 5 3
5 72 93 4 2
5 61 93 5 7
3 63 92 3 5
2 70 84 5 2
2 73 104 3 4
2 54 74 5 7
4 56 95 4 2
3 66 97 2 4
9 89 80 6 2
4 47 99 4 1
2 61 94 4 0
4 47 77 5 6
6 58 79 6 5
8 44 78 5 3
0 72 44 9 3
4 69 87 3 4
8 78 91 2 2
3 48 63 6 5
3 75 63 7 7
5 62 73 7 2
3 43 74 6 1
5 69 103 3 2
5 52 106 1 2
7 81 86 4 4
2 83 100 1 5
7 61 88 3 2
4 58 95 3 4
7 44 77 6 4
3 64 96 4 3
2 65 86 4 3
3 75 83 6 7
5 54 87 3 5
3 76 98 2 4
7 47 78 4 1
7 69 111 2 3
6 81 89 3 2
2 69 84 4 3
2 55 109 4 2
6 79 100 2 2
4 58 70 8 7
4 37 90 5 7
5 63 50 8 5
7 66 102 2 1
6 77 91 4 3
5 52 77 5 2
7 62 92 5 4
3 46 83 6 4
7 53 61 7 1
2 48 66 5 4
3 47 85 5 0
4 62 86 4 2
4 60 81 5 1
3 74 96 4 4
3 75 92 3 3
1 49 89 4 5
7 64 77 3 5
3 49 91 5 3
3 69 109 2 1
2 52 84 4 8
4 62 87 3 5
3 59 89 4 5
0 58 55 8 2
0 65 94 4 2
5 64 87 4 2
4 66 71 6 2
3 81 109 2 3
3 69 84 6 5
3 70 109 2 4
2 60 72 7 2
3 58 77 6 4
6 74 89 6 6
5 63 108 2 1
0 67 93 4 4
1 70 97 4 3
1 70 98 4 5
2 45 99 4 5
5 53 98 2 4
3 74 73 5 3
3 32 71 5 6
2 53 91 3 5
7 47 90 4 2
3 47 93 3 6
4 72 94 2 3
5 65 64 6 2
3 46 88 3 2
1 70 96 4 1
7 53 94 4 6
3 61 80 3 0
6 56 81 4 1
2 70 80 5 5
4 68 58 8 1
3 76 93 4 6
5 62 100 3 4
3 59 74 5 3
4 43 84 4 1
4 41 78 5 4
4 47 82 4 4
3 46 96 3 1
3 53 72 5 1
2 78 89 4 4
3 64 77 6 4
3 68 90 3 5
4 65 83 5 2
9 53 70 6 3
3 78 78 5 3
3 72 66 6 3
4 58 72 6 6
4 64 94 3 2
5 56 93 2 5
5 56 88 4 6
4 56 93 5 3
5 61 91 4 3
2 61 71 5 2
6 44 91 3 4
3 73 65 7 3
5 52 71 7 4
2 86 61 8 1
3 80 61 5 5
3 72 91 4 4
4 60 82 4 3
7 53 106 2 0
5 55 117 0 3
4 59 90 5 1
5 62 103 4 4
10 61 74 5 7
8 70 74 6 3
3 81 93 2 2
3 68 95 2 3
2 44 90 3 0
2 73 97 2 3
8 58 84 4 3
6 59 81 7 2
4 78 70 6 5
3 57 98 1 1
5 57 85 5 3
6 50 80 4 4
1 71 84 5 4
2 42 76 5 1
3 41 74 5 2
4 63 83 6 3
3 65 83 5 2
8 56 77 6 3
2 58 88 4 1
8 62 113 2 4
3 58 84 5 2
2 57 99 3 4
6 57 79 6 1
5 52 85 5 5
5 75 90 3 3
2 62 94 3 4
2 60 95 3 7
4 52 69 6 6
4 56 84 5 4
4 65 87 4 4
5 68 77 7 4
5 65 92 3 8
3 57 91 4 3
4 69 96 3 2
4 41 83 4 5
5 62 62 6 2
7 42 46 9 2
5 59 90 5 5
2 60 72 7 4
4 50 103 2 3
3 73 80 6 4
2 54 80 3 8
2 69 81 5 2
3 79 82 5 1
2 79 107 3 8
2 60 87 4 2
4 66 84 4 7
2 57 103 3 6
2 75 71 7 3
3 58 98 3 6
3 81 67 7 1
3 82 83 5 2
6 83 56 7 4
4 73 99 6 3
1 69 103 3 3
3 64 99 3 2
4 64 75 6 6
2 44 91 6 3
4 67 73 6 4
0 78 58 7 2
3 40 56 8 3
3 65 86 2 1
4 69 66 8 2
4 73 64 7 3
1 79 77 7 3
2 60 88 4 4
3 48 94 6 4
2 64 68 5 5
4 63 115 1 7
2 49 99 4 8
5 74 84 3 5
0 42 80 5 2
2 24 56 6 3
7 70 85 4 3
4 69 88 4 6
6 54 94 4 4
5 70 94 3 3
8 82 76 6 6
3 83 73 6 5
1 61 92 3 3
3 55 76 6 2
7 55 75 8 3
4 60 81 7 4
3 67 100 3 2
6 64 87 4 9
4 57 64 7 5
2 48 97 2 5
5 56 90 2 2
8 42 61 7 4
4 38 59 7 1
1 69 93 2 4
3 81 104 2 5
1 54 85 6 6
3 56 93 4 2
7 53 89 5 6
6 59 84 3 2
2 57 88 4 3
3 61 108 1 4
2 53 78 5 2
2 53 65 8 5
5 61 87 4 2
9 58 100 3 2
7 37 74 7 7
4 68 97 3 4
2 52 65 6 1
6 63 81 4 2
3 65 90 2 5
7 73 95 2 3
5 87 86 5 2
4 46 67 6 9
4 62 82 4 3
5 57 93 2 5
2 57 93 4 4
6 54 90 4 4
3 51 99 4 1
4 60 78 5 2
6 48 83 6 8
3 59 73 5 5
0 58 88 3 5
5 67 89 6 2
4 72 100 4 2
4 72 87 2 5
4 44 87 5 1
3 66 75 6 3
2 51 75 6 1
7 67 105 4 5
3 43 54 6 4
3 57 86 4 3
1 39 73 6 7
2 63 100 1 3
5 58 82 6 5
6 32 88 4 0
2 79 104 3 4
2 67 90 4 3
2 58 81 5 4
3 64 86 5 3
4 69 76 3 4
6 74 59 7 2
4 45 94 4 3
3 50 74 5 6
5 49 94 4 1
2 66 86 3 3
4 59 80 5 0
3 48 99 3 2
7 85 52 10 8
2 43 61 6 3
6 49 81 5 3
4 48 90 5 4
4 77 117 0 1
2 39 83 4 3
8 48 77 3 3
2 64 90 5 3
2 56 80 6 2
3 75 118 2 1
4 73 87 4 1
2 46 102 4 2
6 69 103 4 4
5 56 72 7 4
2 49 84 4 5
3 40 87 3 1
2 56 82 5 4
6 76 100 4 3
4 43 94 3 5
2 59 81 7 1
3 67 70 5 5
3 28 84 3 2
5 50 67 6 2
2 55 73 6 4
3 44 70 6 4
2 76 97 3 3
6 62 75 7 6
4 64 68 8 4
5 71 88 5 4
2 61 99 4 4
2 51 78 5 3
2 53 101 2 2
1 70 84 6 3
6 64 82 5 2
2 55 105 3 4
3 48 89 4 8
5 64 102 2 4
2 70 82 5 6
4 77 65 8 5
9 41 80 3 7
5 64 86 2 1
3 60 88 4 4
9 34 70 6 3
6 55 55 9 6
1 69 89 4 1
3 45 75 6 3
6 65 92 4 1
3 61 62 8 2
3 62 92 5 3
4 63 95 5 7
2 58 63 6 3
2 78 85 5 3
4 68 50 9 3
4 51 83 3 3
3 77 90 4 4
5 47 83 4 4
1 74 66 7 5
4 51 87 4 2
2 59 71 6 6
4 78 100 1 3
4 62 95 2 3
4 50 76 6 2
5 42 72 6 1
3 63 100 3 4
3 54 72 6 6
4 70 96 2 5
2 69 93 3 5
4 61 97 2 7
2 71 78 4 3
2 68 97 4 4
4 58 71 7 5
4 59 78 5 1
5 54 91 4 5
4 65 92 2 3
1 53 100 4 3
4 66 104 3 1
3 50 92 3 2
5 54 86 4 3
6 61 72 5 4
5 57 81 6 6
3 52 99 3 2
3 72 62 8 2
2 76 95 3 2
6 69 61 8 4
3 54 73 6 7
4 46 65 7 3
1 65 83 5 5
0 81 80 5 6
6 51 79 4 2
4 91 69 7 2
4 62 85 3 3
3 53 49 8 2
5 59 99 3 0
4 57 99 3 2
3 61 85 5 5
4 73 84 5 5
2 54 78 4 6
4 62 82 5 6
5 71 80 5 3
2 66 54 8 4
5 65 89 3 4
4 70 89 4 3
2 34 87 5 2
3 70 73 5 1
2 73 87 3 2
3 46 89 3 3
5 58 86 5 5
3 69 90 3 3
7 51 66 6 6
1 70 97 4 4
2 58 83 5 3
6 81 69 7 3
3 65 116 2 4
5 56 84 6 2
3 73 79 4 3
2 56 82 6 5
3 72 88 4 7
4 50 94 4 4
2 65 88 4 4
6 48 88 4 3
3 59 53 8 4
5 54 79 5 5
2 66 76 7 3
3 64 76 6 6
2 60 115 1 0
3 64 80 6 2
3 49 96 5 3
1 62 80 6 4
4 52 94 4 3
6 64 74 6 3
3 46 88 5 1
2 66 109 3 2
4 74 93 4 4
6 72 91 3 4
5 72 88 2 2
4 78 106 2 5
4 40 67 5 2
3 71 108 4 3
0 61 78 4 2
1 53 107 3 3
2 31 74 7 1
1 68 98 5 6
3 65 88 3 3
5 47 110 2 2
4 82 74 6 6
5 62 70 6 3
2 77 98 2 3
0 64 89 5 3
7 68 73 6 6
1 49 76 5 3
2 71 93 3 2
8 77 82 5 6
1 51 69 7 4
4 78 64 6 4
3 73 90 5 4
4 76 86 4 4
4 56 69 5 3
6 62 80 5 5
3 46 78 4 3
2 60 100 3 3
3 60 85 5 3
3 50 100 2 2
2 68 85 5 2
4 50 44 10 7
2 60 81 5 4
2 48 87 4 1
2 79 79 5 2
2 65 93 3 5
3 47 67 7 3
3 73 100 5 4
1 39 53 10 3
4 47 94 4 4
0 72 58 8 7
4 67 68 7 6
4 53 83 4 2
2 63 96 4 3
7 50 100 4 4
3 50 67 6 4
4 67 86 3 5
2 75 55 9 6
4 63 66 6 7
8 64 78 4 4
3 31 72 7 1
4 51 71 8 2
2 51 83 5 4
2 67 100 3 4
3 83 65 8 3
5 68 73 6 3
5 83 96 3 6
4 55 83 4 8
4 91 74 6 7
2 80 96 3 3
4 71 87 3 2
1 81 92 4 6
2 57 82 6 1
3 68 96 2 5
3 69 90 4 4
3 60 60 9 3
2 66 76 3 4
3 75 84 4 3
6 72 90 2 2
4 59 68 4 2
1 63 97 3 3
2 45 72 8 3
4 74 84 2 2
5 84 104 1 2
1 41 82 5 1
5 44 90 4 5
2 65 82 5 3
3 73 78 7 4
2 66 83 4 4
2 70 75 6 4
2 54 92 2 3
2 70 88 5 3
5 76 74 5 1
2 66 66 8 0
2 64 82 4 5
4 61 82 6 10
5 51 89 4 4
5 58 68 7 2
4 69 106 2 3
6 60 103 3 4
4 85 76 6 2
6 51 78 6 2
3 52 72 6 4
3 81 58 8 5
4 93 68 6 5
2 62 68 8 3
5 59 86 5 4
2 49 75 7 2
5 95 80 5 1
2 49 80 6 1
3 59 83 3 5
2 51 73 4 2
2 65 87 3 5
3 47 96 3 6
3 38 86 6 5
3 60 84 3 3
4 36 92 4 1
2 53 90 5 2
1 65 67 6 4
2 45 94 5 6
3 86 77 7 1
2 72 99 3 2
3 53 104 4 6
3 49 67 7 6
1 83 104 3 2
4 56 58 6 6
2 73 81 4 2
3 53 67 6 1
3 71 99 2 5
4 53 89 4 4
0 82 73 7 3
3 43 93 4 5
6 83 92 3 2
4 48 78 4 6
4 48 99 5 1
2 59 74 4 3
4 35 95 2 3
3 77 83 5 3
6 61 87 5 5
5 85 84 3 2
8 67 87 5 4
1 56 99 4 5
4 78 75 5 9
5 61 86 3 4
3 60 102 2 6
2 45 114 3 1
5 60 111 2 6
4 65 90 4 2
1 54 82 6 3
2 47 91 3 4
2 51 81 5 3
2 51 92 5 0
2 45 80 6 3
4 30 76 6 2
6 66 87 5 2
3 52 87 4 9
4 63 106 1 4
6 49 86 4 3
1 72 104 1 3
6 62 97 1 2
4 77 76 6 2
3 47 72 5 4
6 51 76 5 5
2 71 76 5 5
3 62 74 4 2
5 79 81 4 5
2 65 96 3 5
4 37 100 3 5
2 78 66 6 4
5 63 86 4 6
6 76 61 6 2
0 65 114 1 4
4 71 89 4 4
3 57 62 8 3
3 60 78 5 0
1 61 80 4 3
3 53 100 3 7
3 57 82 5 2
2 55 90 4 5
3 58 60 8 2
4 69 98 3 2
3 72 76 6 0
1 50 81 6 9
4 60 86 4 3
4 73 112 2 4
4 57 74 7 2
1 32 81 5 3
4 69 87 5 4
5 65 81 4 4
2 64 107 3 3
3 67 87 2 4
3 57 85 4 1
2 52 70 6 6
3 55 85 5 1
4 48 106 2 5
5 72 98 4 3
3 40 85 5 3
3 65 79 6 2
6 53 59 6 2
5 50 87 3 4
2 55 85 4 3
7 72 65 5 3
4 56 80 4 2
4 53 90 3 6
6 56 91 3 4
4 46 55 10 3
5 85 97 4 1
4 65 84 4 6
2 75 51 8 6
2 67 65 7 3
3 58 77 5 2
3 74 77 5 6
2 72 113 3 3
3 78 69 5 3
5 59 68 6 2
2 55 93 3 7
4 59 77 6 4
4 57 99 2 8
2 58 75 4 1
7 95 83 4 3
3 69 80 3 5
2 53 93 5 2
3 68 74 6 4
2 58 69 7 3
3 56 66 8 4
1 63 61 9 3
4 48 112 5 2
5 65 107 2 3
3 56 90 5 6
2 64 81 5 3
3 65 88 5 4
3 66 88 3 6
5 44 72 5 3
1 57 87 5 3
4 50 102 2 3
0 72 88 4 10
6 61 96 3 3
4 71 96 4 6
3 50 95 4 2
3 79 77 6 3
1 66 81 3 5
5 59 82 5 5
6 72 76 5 4
4 39 92 3 4
5 52 65 7 4
2 46 104 2 4
2 71 78 5 3
6 81 70 5 10
3 44 96 2 3
3 46 61 6 3
6 71 74 6 4
2 68 83 5 5
5 59 80 4 3
3 25 76 5 5
7 63 71 7 4
5 46 54 7 3
2 47 102 2 7
1 36 93 4 3
3 71 77 6 3
5 58 81 4 3
4 59 90 4 6
5 49 84 5 2
4 64 78 5 2
7 63 119 2 6
2 64 67 7 0
5 55 85 4 5
2 61 60 7 3
5 35 58 8 7
6 52 67 7 2
4 81 80 4 2
3 53 89 2 2
7 65 94 3 4
2 63 89 1 2
2 65 92 3 3
5 52 73 6 0
1 68 68 6 3
2 54 107 1 6
2 61 97 4 3
2 49 78 7 1
1 62 106 2 2
3 70 94 5 2
3 47 93 4 4
2 70 79 3 3
3 64 65 7 0
3 74 80 5 3
5 53 62 7 5
2 58 65 7 3
3 67 70 5 2
2 56 84 4 3
4 45 90 2 3
5 64 81 7 6
3 61 85 3 1
4 60 70 6 3
2 54 90 3 2
6 64 87 4 3
3 55 79 5 2
3 64 84 6 3
3 55 80 6 3
0 57 94 4 4
5 64 94 4 2
4 79 102 2 2
5 51 80 4 7
4 61 107 2 4
1 62 102 2 3
1 72 83 6 5
4 82 80 6 1
3 45 52 9 1
5 61 78 4 3
6 74 100 2 5
7 80 84 5 1
4 50 90 5 5
5 51 78 3 3
6 60 76 6 2
2 56 57 8 2
4 75 81 4 5
5 78 70 5 2
3 58 87 3 2
8 49 102 2 2
2 63 95 2 3
3 67 103 2 0
2 67 92 5 1
6 45 96 4 2
7 72 80 6 5
3 55 80 3 5
4 62 88 2 3
2 46 94 3 4
2 72 83 4 4
2 62 87 6 1
6 86 92 6 1
2 56 78 5 4
1 74 90 5 2
3 65 82 6 6
3 67 113 2 5
4 60 83 5 4
4 69 91 3 4
1 66 95 3 2
9 79 102 3 1
3 75 100 2 2
3 65 71 5 8
5 61 95 4 3
4 63 96 3 4
4 51 99 2 2
3 77 69 6 5
4 64 59 8 4
3 71 68 6 2
3 56 87 2 4
2 68 82 5 7
4 59 84 4 3
3 47 72 4 5
5 76 74 6 7
2 54 115 3 3
2 64 94 3 3
6 60 82 4 2
4 93 71 5 10
2 72 75 6 8
6 45 82 5 2
3 60 110 2 2
3 33 85 3 7
2 70 86 3 2
3 55 92 4 4
6 73 69 5 5
2 77 86 4 4
5 88 91 3 3
2 67 77 6 4
1 71 92 4 6
5 66 53 9 5
5 65 84 4 3
2 45 73 5 5
2 65 70 6 3
5 65 84 4 0
5 45 83 6 4
4 66 90 5 2
4 83 89 5 0
5 76 97 3 1
2 46 84 4 3
4 53 95 4 5
3 64 63 6 7
5 40 88 3 4
6 60 75 6 4
5 73 117 1 4
4 67 95 5 3
2 48 77 4 3
2 73 71 5 2
4 56 86 5 3
4 46 85 4 4
6 70 89 3 5
1 56 94 2 4
4 94 76 5 3
4 55 85 5 4
5 73 87 4 5
6 65 71 5 1
4 75 94 2 4
5 54 80 4 2
5 55 92 4 3
6 56 103 1 7
3 48 96 4 2
6 77 87 4 7
4 63 75 5 2
3 61 105 2 3
4 56 72 6 2
4 80 100 3 1
3 48 91 3 2
4 55 77 4 1
0 69 80 4 3
3 66 92 2 2
2 85 65 7 2
3 68 69 6 5
7 56 78 5 6
5 60 77 6 1
2 62 111 2 5
1 71 68 8 0
3 73 104 2 7
2 41 93 4 2
7 70 83 5 1
3 58 84 4 5
3 77 52 8 2
3 64 54 8 9
6 72 92 4 4
4 58 83 4 2
3 50 93 4 5
5 66 89 5 1
8 48 79 5 4
2 62 82 4 8
3 57 77 4 1
4 86 53 8 4
5 51 94 5 3
4 53 63 6 6
3 47 67 6 4
3 53 84 4 4
3 61 107 1 2
2 63 88 3 4
5 54 80 4 1
3 42 71 5 4
3 68 98 3 3
5 36 89 3 6
1 69 104 3 6
0 44 78 5 5
5 54 69 6 3
5 63 91 4 5
3 68 69 5 4
1 58 79 7 2
5 34 58 7 3
2 56 73 7 4
4 66 77 6 2
3 77 70 7 3
0 53 53 10 5
2 56 116 3 3
2 36 65 6 2
5 75 86 5 2
4 60 99 4 3
1 63 117 2 5
2 59 90 5 5
4 67 71 5 3
2 59 78 5 3
2 53 98 4 2
2 72 83 4 3
7 44 80 6 3
5 88 78 4 5
2 59 71 6 1
4 68 87 4 0
5 68 118 0 4
3 73 74 6 4
5 54 76 5 4
1 54 85 4 4
3 70 67 5 4
1 65 85 4 3
5 49 103 3 2
4 70 94 5 3
4 53 93 2 3
3 74 105 3 6
3 66 72 6 5
1 50 67 6 1
3 64 93 4 4
4 54 82 5 3
4 62 81 6 3
5 44 74 6 5
3 59 93 5 6
5 67 102 4 0
3 66 61 6 3
2 68 95 3 1
6 69 104 3 5
4 49 83 2 4
5 41 75 5 0
4 42 84 5 5
2 61 94 2 4
2 63 108 2 3
4 68 106 1 5
4 70 86 2 2
1 47 57 9 4
5 65 91 4 5
1 65 62 6 1
0 61 101 1 1
3 71 87 4 1
3 74 77 5 3
1 37 66 8 7
5 45 78 3 3
9 62 68 6 4
4 66 84 2 1
4 57 97 3 3
6 64 59 7 6
2 53 95 4 6
3 57 74 7 1
3 63 94 4 8
2 55 100 3 0
0 56 76 6 3
4 40 81 5 5
3 56 78 4 2
2 78 103 3 3
4 64 83 3 5
6 48 98 4 2
6 49 68 5 2
6 55 77 3 0
3 66 84 4 2
1 55 100 4 2
3 52 111 2 5
0 62 82 5 2
5 50 49 7 3
4 55 98 4 4
2 62 79 5 3
3 61 74 4 4
3 61 78 4 3
5 35 50 9 5
5 52 76 7 6
2 60 58 7 3
5 63 76 4 6
3 66 97 3 4
4 65 92 4 6
3 58 87 4 5
4 62 86 3 1
4 51 108 2 3
2 77 67 6 6
2 51 81 4 3
4 70 81 5 3
1 66 82 5 3
4 75 109 3 0
1 78 84 4 4
2 63 87 4 4
3 39 58 7 1
5 63 52 7 0
2 87 72 8 3
1 41 79 5 3
6 64 108 2 4
3 63 69 5 6
3 55 98 3 4
1 34 86 5 5
3 56 89 3 4
2 50 75 5 1
7 48 92 4 2
3 59 95 3 5
1 53 93 4 3
2 65 81 3 3
2 72 100 3 4
2 55 53 8 4
4 70 71 4 2
5 34 81 5 6
1 44 94 4 5
3 74 86 4 4
4 67 90 4 3
6 74 85 5 4
4 65 82 5 6
1 65 84 5 6
4 76 62 8 7
5 43 88 5 3
2 68 119 2 4
4 46 73 5 3
0 77 86 3 5
3 82 92 5 3
3 74 51 7 4
4 56 106 1 5
3 59 94 4 2
2 55 86 4 6
4 68 106 2 3
4 69 78 5 3
3 61 95 4 1
4 85 89 5 1
5 77 74 7 1
4 68 56 7 3
3 79 51 8 7
0 88 78 5 2
7 60 88 5 2
3 86 75 5 1
3 65 65 7 4
2 74 92 3 3
2 79 74 6 2
2 58 80 5 7
1 57 102 4 1
5 68 92 2 2
3 58 88 5 4
4 42 72 5 1
6 74 87 5 2
1 59 47 10 5
2 54 103 3 2
4 58 99 3 2
9 52 77 4 8
4 45 80 5 2
4 90 86 4 7
5 55 74 7 2
4 46 91 3 2
5 61 104 3 3
3 57 99 2 4
0 50 84 4 6
5 68 98 4 4
1 58 75 5 5
6 65 81 4 3
6 60 90 4 3
4 69 76 7 5
5 55 69 5 2
5 60 113 1 5
1 67 70 8 6
1 28 72 4 5
3 37 78 6 4
4 62 65 7 2
1 61 97 3 3
4 49 99 2 4
3 65 107 2 3
3 67 98 2 4
3 55 96 5 5
3 59 86 4 5
3 73 55 7 4
4 46 87 5 2
4 62 83 5 7
3 85 73 6 4
4 49 81 6 2
4 80 72 5 5
6 59 78 5 5
0 71 67 6 4
4 62 85 3 3
4 51 83 5 1
1 63 86 4 4
2 67 74 4 0
6 66 50 9 3
2 63 78 6 2
1 78 71 7 4
3 37 59 8 4
4 72 96 4 2
3 50 75 7 5
2 61 100 2 3
4 67 87 4 3
3 57 81 6 3
3 40 71 6 1
4 63 92 3 8
3 76 89 5 6
2 71 97 4 7
5 47 87 3 3
6 67 74 5 3
3 72 89 2 8
3 44 77 5 1
1 83 82 3 3
4 54 79 6 5
3 67 105 2 1
3 75 95 2 4
5 79 92 3 7
3 47 74 6 4
8 59 86 3 7
1 59 72 6 3
3 54 88 4 5
4 77 78 6 5
4 79 72 5 4
4 39 35 9 5
4 59 67 6 4
3 64 68 8 4
5 64 72 6 2
4 68 84 5 5
2 58 92 5 3
2 74 73 6 2
3 70 65 7 4
3 76 82 5 1
3 62 95 4 7
4 73 79 5 2
4 70 87 4 2
7 53 82 5 6
3 59 95 4 6
5 55 100 2 4
4 46 79 5 2
2 58 92 4 4
5 58 50 8 3
3 66 90 5 3
2 49 103 2 3
1 66 110 2 5
3 52 98 3 5
5 81 101 3 4
4 61 97 4 3
4 61 96 5 5
4 64 70 6 4
6 67 90 4 4
2 59 71 6 2
5 45 79 5 2
4 49 88 3 5
3 52 71 6 6
2 48 85 5 3
5 64 89 4 4
4 63 77 5 4
5 72 86 6 4
5 78 72 6 3
4 48 73 5 2
3 49 89 5 2
4 82 67 6 2
3 89 86 5 1
3 42 91 4 0
4 58 87 3 5
5 55 107 2 7
2 56 64 7 5
2 64 94 4 1
3 78 67 6 1
3 57 89 6 3
4 79 85 3 6
4 73 84 5 3
4 64 98 3 2
2 66 89 5 3
3 41 72 6 2
3 49 101 2 5
5 61 105 3 3
7 59 79 5 1
4 45 62 7 5
4 37 87 6 3
3 57 65 8 2
5 46 66 6 4
2 47 86 3 10
2 66 74 5 4
2 72 96 4 2
2 76 81 5 5
6 71 77 5 4
4 82 101 2 4
4 60 95 2 4
7 62 85 5 2
4 30 65 6 4
3 67 66 8 2
4 50 95 4 2
5 63 51 9 5
6 50 105 3 1
4 66 103 2 8
5 73 107 3 3
1 67 82 4 4
4 88 77 4 3
5 70 82 5 1
3 38 56 8 2
4 54 95 3 3
2 57 96 4 4
2 72 67 6 2
3 40 67 6 2
6 56 88 3 3
6 79 86 3 3
7 57 73 7 5
2 38 96 3 1
2 72 96 3 4
2 36 67 6 1
4 38 62 8 5
4 59 68 7 6
3 64 74 6 5
2 54 63 8 6
4 52 106 1 5
3 51 61 8 4
2 57 82 6 8
4 78 96 4 3
3 64 91 5 4
4 54 94 5 2
2 82 67 7 4
1 65 109 1 3
1 39 54 8 2
4 63 61 8 2
6 63 83 5 4
1 53 91 5 3
3 64 63 7 3
4 37 83 5 3
7 78 86 2 5
4 49 103 3 0
1 81 84 5 2
3 55 85 5 4
1 65 90 3 6
5 79 78 4 2
5 53 107 3 4
6 70 104 1 1
2 48 93 4 1
5 43 82 4 4
2 44 90 3 5
4 52 101 3 3
3 70 100 3 2
3 51 79 4 6
4 55 94 3 6
5 69 89 3 4
1 38 72 5 5
4 67 98 2 4
4 41 106 3 2
9 52 102 3 3
4 65 78 3 3
2 67 91 4 4
5 48 59 7 6
2 63 81 6 2
2 48 83 5 3
9 53 82 4 4
4 91 74 7 6
2 75 83 4 4
4 64 83 5 2
5 68 68 6 1
3 60 92 5 2
3 63 69 6 4
6 47 86 5 2
4 53 113 2 4
5 35 96 4 4
3 62 82 3 3
3 38 73 6 0
4 56 86 3 6
3 59 70 6 5
2 67 122 1 1
4 76 96 2 6
2 59 92 4 2
6 61 109 3 3
4 57 85 5 4
5 64 81 6 3
1 64 85 6 4
1 51 90 3 2
3 73 90 4 2
3 52 88 5 4
1 79 105 3 6
3 32 53 8 6
6 57 89 5 3
4 51 95 3 4
4 62 84 4 2
6 66 98 4 5
6 60 120 1 4
3 57 93 3 6
5 60 104 2 6
2 68 100 4 4
4 62 89 3 6
4 42 78 5 4
6 81 93 4 3
7 74 78 4 4
3 62 93 3 2
3 50 91 3 2
2 72 91 5 4
3 54 86 3 9
4 53 97 3 2
1 63 89 4 5
7 47 77 5 3
7 47 94 3 3
4 70 100 4 2
2 43 101 4 3
6 54 84 5 3
5 55 80 5 0
4 51 89 5 2
1 48 71 6 3
2 58 86 5 3
3 56 62 8 5
5 69 60 7 2
7 76 94 4 5
5 36 88 2 6
5 54 82 5 5
2 39 74 6 3
3 41 103 2 2
6 47 73 5 3
4 73 92 5 4
5 66 72 5 3
4 46 93 3 5
3 71 80 5 4
3 66 91 4 3
3 51 81 7 1
4 49 90 4 3
3 66 75 6 3
2 47 70 4 4
3 40 89 4 4
3 67 84 5 6
2 69 89 4 3
3 59 62 8 0
2 61 70 7 3
4 67 92 4 3
4 64 98 4 4
5 43 96 3 7
4 42 74 4 4
5 79 97 3 4
5 62 101 3 3
5 54 92 5 4
4 62 82 6 4
0 68 96 4 5
3 54 90 4 1
2 65 63 6 6
5 36 89 5 5
5 57 91 3 4
7 44 80 5 7
3 45 66 6 4
3 67 97 2 4
1 84 76 6 6
3 63 69 6 3
1 67 75 6 2
2 62 97 2 5
2 70 105 2 6
5 73 87 2 7
3 46 80 4 3
5 59 82 5 5
4 67 83 5 4
4 74 88 5 3
2 64 90 4 1
5 86 68 8 4
3 43 96 2 3
7 42 87 2 1
8 60 91 3 2
3 49 85 5 6
3 80 73 4 2
2 75 76 4 6
6 60 115 1 6
2 64 89 4 3
3 82 86 5 2
5 64 76 7 4
2 47 84 3 5
3 81 84 4 2
4 67 107 3 4
6 59 79 4 7
2 57 86 2 4
2 46 76 6 4
5 74 86 5 4
4 54 100 3 2
1 72 99 3 2
2 78 94 3 7
4 57 71 5 2
1 78 62 9 4
3 70 98 4 3
5 74 84 7 0
5 51 81 4 3
2 57 85 3 2
3 49 79 4 0
4 41 62 8 1
3 71 94 6 4
4 76 62 6 0
4 73 73 6 2
4 77 108 2 6
4 48 65 7 1
4 45 96 3 5
2 66 101 2 5
1 57 84 5 4
5 70 89 3 2
4 73 80 4 3
5 50 88 4 5
2 52 97 4 2
2 69 94 3 3
1 61 96 3 3
1 57 77 5 4
1 80 95 3 3
1 58 90 5 4
3 51 71 7 2
6 62 78 6 3
2 51 57 8 6
0 77 57 5 3
4 59 92 4 4
3 82 92 4 1
6 52 107 3 6
3 43 61 7 3
7 22 71 5 2
3 70 65 7 2
4 38 82 4 4
1 75 84 4 1
3 62 85 6 2
4 58 79 4 1
4 74 94 4 1
2 63 107 3 2
2 68 77 5 1
2 69 83 5 3
2 42 67 5 4
1 62 88 3 5
3 30 68 7 4
4 64 59 7 2
2 49 95 3 2
3 51 70 5 3
4 41 81 5 3
5 68 82 6 0
5 52 100 2 1
2 83 86 4 3
5 56 93 4 3
2 69 92 3 5
1 47 77 6 3
2 77 83 5 5
3 53 72 6 2
3 55 84 3 3
5 66 76 6 2
6 70 83 4 5
6 75 91 4 1
4 66 74 7 3
2 70 103 3 1
4 62 84 5 4
2 48 82 3 3
3 47 72 4 3
5 78 88 5 3
3 56 109 3 3
5 53 87 5 10
4 49 109 2 2
3 60 83 4 3
3 47 58 7 4
4 57 67 7 3
0 58 96 5 3
1 44 90 4 0
4 56 71 7 5
6 79 83 4 2
7 67 117 1 1
3 63 55 9 2
4 50 91 4 2
0 42 78 4 6
4 48 88 4 6
2 26 77 3 7
4 52 94 4 2
2 63 87 7 2
1 57 117 1 2
7 44 73 5 1
3 46 86 4 5
2 55 77 6 1
2 32 68 7 3
3 64 93 2 3
1 78 83 4 5
4 60 66 8 3
4 50 81 5 8
4 51 68 7 3
0 50 70 6 2
4 65 95 3 6
4 61 93 3 5
5 60 89 5 1
4 50 94 6 1
4 52 82 5 3
7 71 76 5 3
5 54 79 6 3
3 71 77 6 0
3 68 84 6 6
2 41 79 5 2
2 67 93 3 3
2 79 96 3 3
1 81 87 4 5
3 69 93 4 2
6 77 86 5 4
3 74 97 2 0
2 44 86 4 3
1 64 105 1 6
3 50 68 5 3
5 66 101 2 4
4 65 93 5 1
1 76 85 5 3
3 92 63 7 6
3 55 87 4 5
7 59 103 3 7
6 66 81 3 6
5 31 76 7 3
4 72 92 3 2
6 56 96 2 5
7 53 93 4 4
5 58 93 4 3
3 59 73 5 3
2 56 80 7 5
4 50 72 5 2
3 49 75 5 4
3 45 83 3 2
3 46 83 4 1
2 65 78 4 1
1 75 102 2 3
1 53 106 3 5
5 51 66 7 1
6 56 85 5 4
4 65 80 3 1
5 62 69 7 5
5 70 83 5 2
2 47 92 3 4
6 67 80 5 2
3 45 77 7 1
2 65 79 6 5
4 33 61 7 7
3 61 87 3 3
3 52 92 4 3
4 79 91 5 2
2 50 80 6 6
3 75 85 4 3
4 57 98 3 4
3 80 83 4 3
6 53 98 3 4
2 79 95 4 5
3 52 93 4 1
2 52 65 7 3
6 45 89 5 4
4 41 73 5 6
4 59 69 5 5
3 47 83 4 3
4 70 88 2 3
5 82 70 5 2
2 51 76 6 2
5 60 82 5 3
3 75 93 4 4
5 48 88 4 4
2 62 85 4 1
6 60 81 5 7
1 60 96 2 3
1 41 77 7 4
5 54 111 3 2
4 60 83 5 2
3 58 92 3 2
8 44 88 3 1
3 86 90 3 1
2 62 99 3 3
3 65 87 4 4
4 81 103 2 3
2 61 70 6 3
6 66 63 6 4
3 50 71 6 3
8 67 82 4 7
4 62 87 4 1
2 55 56 9 3
4 55 92 5 6
4 44 97 4 3
3 63 94 2 1
6 57 75 6 0
1 51 107 3 6
1 64 91 4 4
2 48 76 5 4
3 59 94 3 3
4 67 91 4 3
4 52 94 3 4
3 48 99 2 1
3 68 67 6 4
4 45 82 5 3
3 70 81 5 3
2 61 81 4 2
2 76 72 5 1
3 54 71 6 2
2 59 83 5 5
4 58 85 4 3
5 72 87 5 2
3 44 96 3 1
4 52 72 6 3
7 63 63 7 4
4 59 100 4 4
3 48 69 5 2
6 48 98 2 2
4 45 81 5 0
1 40 61 8 2
3 78 75 7 4
2 72 76 5 4
4 62 98 2 2
8 47 94 5 5
2 53 87 4 4
3 33 89 5 2
6 74 83 5 0
3 73 92 4 6
3 58 78 5 2
5 69 93 4 0
4 56 94 4 7
2 48 101 3 1
3 74 103 4 0
2 77 61 9 4
5 50 87 5 6
4 46 96 4 2
4 59 90 3 1
4 63 101 3 3
2 65 111 2 5
3 65 64 7 5
5 81 67 6 1
2 46 72 6 4
4 70 82 5 4
9 54 74 6 2
2 76 92 3 7
4 62 104 2 1
5 68 95 3 2
5 75 93 4 3
3 53 99 3 2
2 56 111 2 7
5 43 65 6 8
2 79 89 4 4
3 65 91 3 2
0 74 76 6 0
2 60 74 5 2
2 80 97 3 5
2 59 79 5 5
6 54 79 6 3
3 42 81 4 3
3 68 70 5 4
3 52 104 4 3
4 48 89 5 5
3 42 74 6 5
0 57 88 4 3
3 66 86 4 4
1 64 85 4 2
3 65 84 5 5
6 53 114 1 3
5 58 67 6 3
2 69 95 2 2
4 68 82 5 4
5 58 76 5 2
4 64 83 3 1
2 54 63 6 4
6 71 71 7 5
3 71 83 5 3
5 51 75 5 2
3 61 100 1 2
5 57 56 8 3
4 49 71 5 3
3 62 104 2 1
1 74 101 2 4
3 67 74 7 2
5 67 98 3 6
6 78 82 4 3
3 47 76 4 3
2 60 100 2 3
3 68 67 7 4
2 58 86 4 5
2 71 93 3 3
4 54 82 5 4
1 81 100 3 7
6 55 73 6 3
2 57 74 4 0
3 55 84 3 2
4 73 60 6 6
5 61 101 3 7
3 53 87 5 5
5 52 90 5 0
7 55 75 5 0
6 79 97 2 1
3 70 98 3 6
4 64 82 3 4
2 50 84 5 3
3 45 67 7 3
3 65 70 7 1
4 62 107 4 1
3 56 101 4 3
3 80 89 4 4
7 57 86 6 2
4 52 81 7 4
4 27 76 4 4
2 54 90 4 3
4 46 74 4 3
2 61 79 5 3
4 58 110 2 3
5 51 60 5 6
2 70 85 5 4
1 73 103 3 5
5 68 77 5 6
7 66 102 2 4
4 71 69 6 1
2 63 71 4 6
7 52 85 5 2
3 61 93 3 5
4 41 83 3 3
3 53 83 4 5
2 62 84 5 4
3 65 89 3 3
2 79 46 9 5
3 68 106 2 5
2 37 89 5 3
2 63 94 3 6
4 61 68 6 5
4 67 111 2 5
3 79 76 6 3
5 57 104 2 3
5 55 92 3 6
3 68 86 4 6
3 56 66 6 3
4 65 87 5 3
4 46 69 5 2
4 55 86 4 5
2 47 90 5 3
2 70 88 2 1
6 50 65 6 4
4 50 75 4 7
9 76 83 5 1
7 64 106 2 4
4 53 90 3 3
2 53 79 5 6
2 42 75 5 2
1 54 82 6 2
6 76 63 9 3
6 52 87 3 2
2 68 107 1 4
1 72 90 3 8
4 64 124 0 4
3 73 84 5 4
3 55 77 5 3
2 31 81 5 3
3 35 93 3 3
5 71 83 6 0
4 46 72 5 5
3 75 76 4 4
2 73 99 3 6
5 73 87 4 4
5 41 77 6 0
3 44 73 8 3
1 69 78 6 3
2 86 105 4 4
2 58 115 1 3
2 73 95 4 2
4 43 56 6 3
6 57 69 7 3
4 45 70 5 3
3 53 80 5 4
0 74 84 3 5
2 52 75 5 4
2 61 81 4 4
3 51 92 4 2
2 79 83 4 5
3 82 79 5 3
3 68 83 4 4
4 69 80 6 5
5 56 55 8 3
4 51 69 8 1
8 69 81 4 2
4 81 96 4 2
5 70 85 6 3
2 66 92 4 2
6 87 98 4 3
4 68 89 4 2
2 64 79 4 2
1 62 71 6 2
7 72 90 5 6
4 73 74 3 2
7 78 43 11 3
4 48 98 2 5
5 49 93 3 1
3 68 107 3 1
5 54 89 3 3
4 54 85 5 3
3 76 97 4 1
4 68 85 5 6
3 51 66 6 4
5 45 66 7 2
4 52 86 5 3
3 71 107 2 3
7 47 92 3 3
4 49 82 5 3
4 67 91 4 3
2 66 78 4 3
2 49 101 2 3
2 74 80 5 6
2 74 69 7 3
3 51 64 7 2
5 55 100 3 1
2 56 68 7 1
4 56 88 4 5
1 66 84 4 2
3 51 86 4 6
2 64 78 4 3
3 69 88 6 2
5 56 68 7 5
2 75 88 3 1
2 78 82 5 4
2 52 59 8 5
1 76 83 5 1
4 58 81 5 2
2 57 93 3 3
4 79 67 7 5
3 71 73 6 3
3 57 95 3 4
5 83 73 4 2
6 72 100 2 3
3 48 89 5 2
6 50 90 6 6
4 42 79 5 3
5 60 117 0 3
2 50 78 5 5
8 67 80 6 2
5 87 78 4 2
8 73 91 5 2
4 52 78 4 4
3 71 69 7 1
4 87 57 8 5
3 61 98 3 4
5 55 101 3 4
2 64 92 5 6
6 60 57 8 1
2 56 91 5 5
6 63 103 3 2
4 61 82 4 5
5 47 59 6 2
3 80 73 7 3
1 72 82 4 2
1 54 85 5 2
2 29 77 3 1
3 69 101 4 6
5 74 90 3 2
3 73 81 5 2
2 49 87 5 6
2 85 82 5 4
3 55 96 3 6
4 61 100 3 5
3 68 85 5 3
5 80 83 5 4
2 92 53 7 7
2 63 80 4 7
3 42 100 4 5
5 64 86 4 2
4 69 82 6 6
5 68 63 8 3
5 60 65 5 8
3 61 81 4 1
3 74 81 6 3
0 87 83 6 4
1 41 97 4 0
4 77 91 4 3
5 63 76 6 2
3 49 79 5 2
3 39 90 4 4
3 49 69 6 0
3 76 110 2 2
5 67 58 7 4
4 63 91 4 2
3 67 93 3 3
4 62 93 4 5
2 67 82 5 2
6 65 75 4 3
5 61 85 5 3
4 67 86 5 4
2 58 80 6 1
0 71 68 6 5
4 61 99 3 3
5 74 91 4 7
3 51 71 6 2
2 68 90 5 1
1 68 83 6 4
6 56 75 5 3
6 83 76 6 2
4 55 71 7 4
4 52 102 2 1
0 54 97 3 2
6 55 75 6 3
5 78 110 4 3
5 65 96 3 3
2 64 74 7 5
2 46 88 3 0
5 66 110 2 1
3 59 77 4 6
2 52 95 2 1
3 73 84 4 9
1 55 111 2 6
4 72 57 7 5
5 41 78 6 7
0 47 66 6 6
4 52 105 2 4
2 52 80 5 3
3 60 94 3 0
4 77 71 5 6
5 51 70 7 3
5 72 95 4 1
5 55 78 4 3
6 75 90 4 2
4 79 85 4 3
2 51 97 5 3
2 34 59 8 2
4 55 53 8 6
2 54 87 5 3
6 74 99 3 6
1 53 70 7 2
3 55 75 5 6
4 64 71 6 3
1 61 91 2 5
2 53 109 4 2
4 50 75 6 2
2 72 89 3 0
2 85 102 2 3
3 54 100 2 0
3 68 87 5 7
3 44 78 5 7
3 59 90 3 4
3 71 87 3 4
3 77 61 7 2
2 64 97 3 6
2 48 90 4 5
0 59 103 2 1
7 54 102 3 0
5 65 86 4 4
1 47 75 5 3
3 54 97 3 4
5 73 66 6 1
4 44 67 7 0
4 59 88 4 4
5 60 84 4 7
4 64 86 5 5
2 46 89 4 3
3 65 96 3 2
1 82 91 5 6
4 70 94 2 1
5 81 81 4 4
2 43 72 6 3
3 80 69 5 4
4 49 80 5 3
2 83 82 4 4
5 76 92 5 5
3 62 94 4 2
2 62 78 6 4
2 76 107 2 0
7 64 84 6 3
6 57 65 6 1
3 64 71 4 4
2 64 92 5 4
8 70 107 0 3
1 49 63 6 5
4 59 60 7 3
1 62 66 6 6
3 75 90 2 5
5 36 71 4 3
3 54 89 5 1
5 56 79 4 5
5 60 104 1 4
1 67 83 5 2
2 68 58 8 4
5 52 89 4 5
7 52 89 4 1
4 47 50 7 1
2 60 106 4 2
6 45 88 2 2
1 61 100 2 3
4 63 85 6 4
2 50 85 5 4
5 66 76 5 2
2 67 88 5 6
0 58 54 8 6
3 30 84 4 4
3 52 79 4 6
3 81 91 4 0
6 79 68 6 1
8 75 90 4 4
4 54 94 4 3
5 66 72 5 3
3 59 71 6 0
5 59 62 7 3
4 81 92 6 2
3 54 96 2 5
2 52 83 5 2
6 68 69 6 5
3 46 74 4 3
2 53 103 3 3
2 69 87 4 1
3 74 85 3 3
5 56 85 4 3
4 51 91 4 6
0 58 76 6 4
6 57 62 7 1
2 74 88 2 1
2 47 97 3 4
3 61 88 4 6
4 54 73 6 3
2 57 82 4 4
6 79 76 5 4
2 42 84 4 5
6 50 76 4 3
4 39 93 3 4
4 65 83 5 5
1 65 93 4 4
1 81 46 8 4
5 49 101 4 5
3 61 78 4 2
8 49 93 4 3
2 67 100 1 4
1 68 80 5 3
1 60 95 4 7
7 49 88 5 3
3 50 72 5 4
1 75 96 3 6
5 62 87 4 5
3 73 58 7 3
4 75 71 7 5
3 78 72 5 4
1 48 93 4 2
1 79 70 5 5
5 60 87 6 5
1 68 89 4 2
8 65 64 8 4
3 66 74 5 1
2 61 97 4 2
4 60 95 3 3
3 76 100 4 2
5 65 94 2 3
4 54 98 3 6
1 68 105 3 2
4 71 83 4 7
4 63 79 3 2
7 65 77 7 1
4 74 89 4 5
6 65 69 4 3
6 72 70 8 1
4 44 87 5 9
2 41 71 5 4
2 64 79 3 8
5 66 97 4 2
5 44 86 3 2
4 85 100 3 4
5 63 71 6 2
2 48 90 2 2
3 70 65 5 3
5 58 92 3 2
1 70 93 3 4
4 67 84 4 1
5 83 78 5 1
5 67 98 4 5
2 67 94 3 2
3 53 79 5 2
4 65 103 2 4
2 51 71 6 5
3 80 62 9 2
4 53 99 3 5
4 73 83 5 2
2 56 95 2 3
6 50 85 4 5
5 50 95 2 5
6 66 70 6 4
4 60 84 3 6
3 69 65 6 2
3 59 82 4 6
3 74 93 2 3
2 63 96 4 5
4 56 85 4 3
5 64 99 3 3
3 44 97 2 3
4 71 97 3 2
1 44 113 2 8
3 77 91 4 5
3 55 77 5 4
1 57 89 5 1
3 54 67 7 2
3 53 69 5 2
3 59 102 1 4
4 48 97 4 3
2 75 104 2 4
4 59 91 3 2
2 42 81 4 4
0 64 104 2 3
3 73 79 5 7
5 97 85 5 4
1 64 79 5 1
2 74 95 5 2
4 77 67 6 3
3 62 81 5 3
3 46 97 4 3
3 64 94 5 6
4 67 58 8 2
4 79 56 7 6
4 54 83 6 3
5 60 93 3 3
2 55 60 7 5
4 78 59 6 3
3 70 110 4 1
4 65 88 5 2
4 60 73 4 3
5 53 52 10 4
5 77 79 5 6
2 74 60 5 2
2 63 104 3 3
3 65 91 4 5
5 64 82 5 2
6 58 86 3 3
3 39 85 3 4
3 55 100 4 1
4 39 74 6 3
5 52 63 6 4
2 59 100 2 6
4 69 83 4 1
3 71 89 4 5
3 58 71 7 2
2 50 83 6 6
3 77 96 4 2
2 70 86 6 5
3 62 115 3 5
9 50 69 6 4
3 69 85 5 6
4 69 80 7 4
2 52 87 4 2
5 61 67 7 3
3 60 82 4 3
2 63 90 3 5
6 58 53 7 3
3 74 106 3 3
1 48 91 4 1
4 47 98 1 6
6 88 79 6 5
4 75 77 4 3
6 64 79 5 2
2 66 69 7 5
6 83 66 7 3
5 46 58 8 3
2 47 103 3 7
0 42 68 7 4
5 61 99 4 4
4 53 88 5 6
3 53 86 5 2
5 73 78 5 4
4 58 79 4 6
3 57 90 5 3
4 79 72 6 3
4 64 88 4 5
2 45 85 5 4
2 60 101 3 4
4 54 62 9 4
2 52 74 4 6
7 59 60 7 4
1 43 54 9 5
3 51 93 3 0
1 52 89 4 1
5 73 98 5 4
4 62 100 1 5
4 66 99 2 5
4 48 88 2 4
4 48 46 11 3
3 56 94 1 4
2 75 117 3 5
2 46 78 2 5
5 65 81 6 4
1 44 107 2 3
4 59 90 4 0
9 62 83 4 2
5 52 67 5 12
3 71 74 7 3
6 54 78 4 2
2 53 83 4 2
2 42 80 4 5
3 56 82 6 5
2 52 66 8 2
5 75 99 3 1
2 42 88 6 3
4 80 89 4 4
2 51 70 6 3
3 74 72 6 7
5 33 83 6 6
3 63 97 3 2
2 83 77 3 5
4 69 88 5 4
3 50 94 2 1
2 50 79 4 4
2 47 88 4 2
3 57 87 5 1
6 43 54 8 3
4 81 78 6 7
2 61 86 2 1
7 66 86 4 2
2 67 103 3 2
5 75 82 4 1
4 60 82 5 3
1 66 84 5 5
2 57 83 4 5
3 63 104 5 3
2 47 64 7 5
4 68 77 4 3
4 67 68 6 0
4 40 98 2 5
6 46 63 6 1
4 59 71 5 4
5 51 104 3 2
0 52 83 5 2
3 72 62 7 3
3 77 55 8 2
2 61 73 5 5
4 63 91 4 6
5 82 110 1 1
2 65 57 7 2
7 57 79 6 1
3 41 88 3 6
5 63 101 3 2
4 60 94 4 4
3 64 92 3 2
2 36 81 4 5
6 58 77 5 4
1 43 78 5 4
5 43 79 5 2
5 72 81 5 2
2 62 67 5 2
5 60 99 2 3
3 45 79 6 2
4 49 71 7 2
3 70 45 8 0
3 70 89 5 1
3 35 91 6 4
4 69 94 2 3
5 41 102 3 4
4 77 67 5 4
1 79 89 3 2
2 54 102 2 2
4 49 79 5 8
3 43 78 6 3
5 66 101 4 3
2 51 86 4 1
4 60 84 2 2
2 60 100 4 5
7 60 94 4 4
4 57 69 6 6
3 52 104 2 1
4 78 86 6 2
4 61 80 5 3
3 82 86 5 8
5 66 82 4 4
5 52 98 3 5
4 50 84 5 2
3 45 94 5 6
4 68 82 4 3
0 57 113 0 6
2 69 80 6 2
4 36 72 6 2
6 47 80 5 2
3 67 82 6 4
2 82 89 4 5
3 70 109 1 6
3 60 89 5 7
4 75 96 3 3
2 41 91 5 3
4 64 97 2 5
0 54 86 4 3
6 48 58 8 2
4 62 98 2 7
2 80 90 4 0
7 48 65 6 3
3 75 80 5 5
5 45 95 4 1
2 63 83 5 2
1 63 68 6 5
6 25 62 6 3
3 69 85 5 2
4 65 88 3 4
1 65 67 7 5
3 55 93 3 4
4 87 63 7 4
3 69 96 4 5
1 63 95 4 3
1 77 69 6 4
4 59 73 6 0
4 62 90 3 3
2 37 57 7 5
5 73 83 5 3
3 57 92 5 3
5 77 79 5 4
3 53 81 6 4
3 58 48 8 2
7 60 117 1 4
4 62 91 3 2
3 53 78 5 4
4 69 65 7 0
4 57 61 8 4
4 50 76 5 0
5 87 76 4 2
1 55 89 4 6
6 61 72 6 2
3 60 95 3 6
4 87 84 5 0
3 59 88 4 4
3 56 69 6 3
2 68 101 2 5
5 62 72 8 3
4 61 93 4 4
4 61 81 4 1
4 54 93 4 4
4 46 90 5 1
3 55 54 8 7
9 65 71 7 4
5 61 90 3 0
8 60 74 7 4
1 64 69 6 1
6 62 85 7 8
3 54 105 2 1
3 62 102 2 2
4 52 75 6 4
2 49 80 4 4
3 82 80 6 5
5 38 72 6 2
3 77 94 3 3
2 52 74 5 4
4 48 73 7 3
5 71 69 7 3
4 43 80 6 2
1 58 105 4 2
5 62 84 6 5
2 51 73 5 3
4 47 95 2 3
4 71 103 3 2
1 65 91 5 5
5 58 65 6 4
1 60 97 3 5
5 49 66 6 1
1 68 83 4 3
3 76 83 5 5
6 59 103 3 7
3 56 86 5 2
4 74 106 2 9
4 48 91 4 6
4 66 91 3 3
1 56 86 4 3
1 60 94 2 6
6 69 94 4 4
2 77 94 3 1
4 47 78 6 5
4 67 99 2 4
7 55 89 3 2
3 42 69 7 4
1 64 65 6 4
2 73 88 4 6
3 85 75 7 4
3 54 73 6 0
2 52 88 4 9
3 72 74 5 2
5 54 85 6 5
8 55 94 4 1
4 57 88 3 6
8 78 88 4 1
4 77 74 6 2
0 48 84 5 6
1 64 89 4 5
4 60 98 5 4
4 62 74 8 1
2 43 79 4 2
3 57 57 6 3
5 66 99 3 7
4 61 103 4 4
4 61 95 3 3
1 55 82 5 6
4 81 72 4 4
3 53 90 4 2
2 60 93 2 4
1 51 91 2 4
5 75 68 7 4
3 60 82 5 3
4 46 59 7 2
4 58 67 7 2
4 86 77 5 2
6 49 95 3 3
4 66 67 7 6
8 56 94 4 5
4 64 72 4 1
2 68 90 4 5
3 67 101 2 3
4 75 95 5 1
3 77 94 3 6
3 78 82 5 2
1 66 79 6 3
4 55 94 4 5
2 73 79 6 0
3 63 85 4 2
3 61 92 5 7
2 78 95 3 8
3 58 89 3 3
5 46 88 5 4
1 46 71 7 4
3 52 111 2 5
3 50 90 4 5
9 59 97 4 4
5 52 78 5 2
1 52 84 5 2
1 64 97 3 7
2 37 88 4 3
5 54 93 4 1
4 54 103 1 3
4 75 100 4 1
1 66 79 5 5
3 71 96 3 2
1 73 63 9 4
6 62 85 4 4
2 45 78 5 4
2 68 91 5 2
3 58 118 0 3
2 58 80 5 2
2 55 74 5 2
7 68 86 6 4
2 81 95 4 4
5 43 82 4 6
2 60 92 4 2
4 52 117 1 5
4 42 93 3 6
1 47 96 3 5
1 53 77 5 6
2 60 88 6 4
2 50 67 7 1
6 62 88 3 1
4 50 90 4 4
0 88 63 6 3
2 61 88 4 6
6 62 84 5 6
6 73 79 4 3
3 59 71 4 5
6 38 101 3 5
7 73 81 5 8
5 67 102 4 3
4 63 82 6 9
2 59 79 5 5
3 69 90 3 4
1 64 93 3 3
6 64 98 2 4
5 82 85 6 8
3 59 66 8 7
4 52 85 4 3
3 51 85 4 4
2 79 102 3 3
1 53 101 2 2
4 60 93 3 2
5 64 92 4 4
5 46 76 6 2
5 59 67 7 6
4 60 83 6 1
3 64 95 3 5
4 66 91 3 4
4 32 64 8 2
3 76 106 2 5
2 57 95 4 2
8 59 74 5 5
5 51 107 2 2
4 66 102 4 4
5 69 93 4 5
3 84 99 2 0
2 43 71 7 5
3 44 96 2 6
5 76 73 6 1
4 66 82 5 4
4 42 107 2 7
3 62 83 5 5
6 76 96 5 6
3 56 92 3 4
4 84 92 2 5
2 63 91 5 3
3 53 95 3 2
3 49 84 6 2
5 86 108 2 6
2 46 62 7 1
5 75 75 6 6
1 62 77 6 4
3 36 85 4 2
5 65 102 3 6
6 89 68 6 1
4 64 76 4 3
4 64 86 4 8
2 69 101 3 1
4 64 82 4 7
6 78 95 5 2
3 75 62 6 2
1 49 95 5 2
2 65 110 2 4
3 59 68 7 3
6 71 99 3 5
1 77 87 4 4
3 67 99 3 3
4 53 79 4 3
3 48 82 3 2
7 65 95 3 2
6 53 107 2 6
4 73 110 1 4
2 67 73 6 6
1 81 80 4 1
3 57 81 6 7
3 52 93 2 2
4 77 101 1 3
2 85 73 5 3
2 45 93 4 4
3 56 105 2 6
2 74 82 4 4
2 72 83 4 2
2 57 81 6 8
5 69 84 4 2
3 54 86 5 0
1 71 66 6 5
2 58 117 1 2
4 75 84 5 1
5 79 106 2 4
0 67 95 2 2
5 67 103 0 7
3 67 86 3 3
3 76 83 6 3
2 55 85 6 3
3 41 91 4 2
3 60 98 3 5
4 51 94 3 0
4 54 109 2 3
2 41 69 6 5
4 52 76 4 3
5 65 80 5 7
5 90 75 5 3
1 69 96 2 2
3 62 104 2 4
3 59 74 6 5
5 62 67 7 2
4 72 106 3 3
8 60 100 3 6
4 58 96 4 4
2 56 84 4 4
4 52 78 5 2
3 66 86 6 6
3 47 85 4 1
1 61 77 5 0
8 38 89 3 3
3 64 83 5 2
2 72 84 2 0
2 66 79 6 3
3 61 47 10 3
4 34 79 6 4
2 73 106 3 2
2 66 89 3 4
1 51 85 5 3
5 86 90 4 3
3 94 66 5 0
2 42 101 2 4
5 67 75 7 3
1 69 93 4 1
3 64 64 9 5
5 86 66 7 4
1 60 94 4 1
4 87 69 4 3
6 50 85 5 3
3 76 77 5 2
4 63 73 4 1
3 32 69 5 5
3 60 88 5 0
3 66 83 4 4
7 59 72 4 3
2 47 111 4 5
2 61 92 4 4
0 65 93 3 3
3 61 83 5 4
5 39 79 6 4
8 79 87 4 0
3 74 99 1 2
6 68 86 4 3
3 54 83 4 4
3 70 85 5 3
3 79 92 5 7
5 64 85 5 2
3 61 86 2 1
4 49 81 4 3
4 48 90 5 5
4 34 89 4 3
1 69 98 4 7
4 60 64 7 3
4 44 64 6 3
5 43 80 5 2
4 83 84 5 1
2 71 101 2 5
3 83 79 6 2
7 61 95 2 3
4 69 103 4 3
3 81 93 3 5
4 54 77 5 1
0 52 75 5 5
3 74 80 5 3
4 63 94 5 6
1 58 76 4 6
3 80 88 4 5
3 90 70 8 0
3 85 78 5 5
2 75 111 2 5
4 64 99 4 2
7 54 76 3 2
3 60 79 5 0
7 72 86 4 5
3 49 84 5 2
6 49 66 5 2
4 56 110 3 4
3 57 85 4 4
5 48 62 6 4
4 52 79 5 5
7 67 94 5 1
3 48 70 6 2
6 47 84 5 5
4 62 92 5 1
5 42 107 3 10
4 54 81 5 5
6 79 69 7 2
3 65 82 5 4
3 77 75 5 3
5 54 99 2 3
4 83 90 5 7
5 62 88 4 2
4 85 98 4 1
4 53 72 6 4
3 59 103 3 5
5 81 103 3 7
5 68 96 3 5
4 77 88 3 3
2 63 83 3 5
2 35 94 3 4
3 61 88 3 1
3 79 71 7 1
4 72 85 3 4
2 64 83 5 1
3 76 83 6 5
2 59 114 2 0
7 59 111 2 5
4 69 107 2 5
3 72 93 4 3
2 62 93 3 3
2 50 100 0 5
4 36 69 7 5
5 65 79 4 5
9 59 87 3 5
4 56 74 7 4
5 44 88 6 4
2 87 92 5 4
7 49 95 2 6
6 58 97 4 6
4 71 87 5 3
2 75 104 1 0
3 67 99 3 1
5 51 83 4 3
6 59 66 7 4
0 47 68 6 4
2 95 74 6 6
3 51 72 7 3
3 48 95 4 4
9 77 105 3 5
2 68 90 3 4
3 44 79 7 2
1 70 87 5 3
4 67 94 2 3
2 28 69 6 2
0 63 83 5 9
3 71 92 3 5
3 76 95 6 0
2 67 85 4 5
5 61 87 4 4
3 76 81 3 0
7 63 55 9 6
2 62 75 5 4
2 64 85 5 10
2 39 62 6 3
3 80 72 4 3
4 55 76 4 9
0 59 89 4 1
4 86 56 9 4
3 72 87 2 3
2 59 97 3 1
3 50 81 5 1
5 58 87 3 8
3 65 81 4 3
4 57 98 3 5
2 52 93 4 7
2 65 85 4 4
5 53 84 3 8
5 58 76 6 7
3 66 71 5 2
5 51 66 6 5
3 54 87 4 5
1 69 90 6 4
5 62 82 5 3
4 63 85 4 5
5 59 93 4 4
2 51 75 6 4
11 55 96 2 3
3 82 98 3 2
2 65 74 6 3
2 58 80 6 5
5 63 90 2 4
9 59 86 4 6
4 53 93 3 6
2 67 70 7 0
5 71 101 2 0
10 54 85 5 2
6 50 86 5 6
7 65 63 7 5
4 42 77 6 2
4 80 77 5 4
4 73 61 8 3
4 66 80 5 3
2 62 81 5 3
2 73 84 4 0
6 60 87 5 5
3 77 76 5 5
3 73 93 3 2
5 69 112 2 4
4 61 82 3 3
5 60 82 4 4
4 64 79 5 5
3 51 100 3 5
6 57 89 4 4
1 70 85 5 7
1 70 83 4 2
4 49 65 8 5
3 65 86 6 3
1 81 74 4 1
2 50 89 3 4
3 76 92 6 8
2 48 112 4 6
3 66 107 2 4
3 66 84 5 3
5 75 77 8 5
3 56 104 2 2
3 58 85 4 6
3 63 68 5 5
2 51 71 6 4
7 55 97 1 5
5 50 85 5 3
6 76 93 4 6
4 50 77 6 6
3 80 115 2 3
5 62 92 4 5
6 56 105 3 4
3 62 82 5 3
2 61 68 5 4
2 63 75 6 2
4 62 92 3 3
4 48 60 7 3
2 65 106 2 3
6 62 72 6 0
2 51 67 6 8
2 78 85 3 5
2 68 94 4 4
5 46 94 4 3
1 60 102 4 7
0 65 66 7 5
3 51 112 3 3
6 48 72 5 4
1 62 86 5 2
4 58 88 3 3
3 43 75 5 4
4 60 83 6 5
4 58 58 8 4
4 65 84 4 2
2 64 76 5 6
1 65 82 4 2
0 81 82 4 7
4 53 69 6 2
3 51 87 4 4
4 69 55 7 5
5 57 105 3 6
8 72 84 4 4
6 55 76 6 3
3 64 91 3 3
5 65 92 2 3
6 68 91 4 1
4 44 77 5 3
1 61 96 3 3
1 46 70 5 4
6 71 83 6 3
4 56 114 2 6
5 53 72 4 2
1 72 71 6 3
4 65 108 3 2
2 47 98 4 5
2 66 103 4 1
2 71 73 4 4
3 42 71 6 3
5 40 94 4 3
3 66 95 3 2
3 72 63 7 3
4 54 93 4 5
4 72 96 3 2
3 61 90 4 4
4 66 108 3 3
3 71 90 3 2
3 88 78 6 4
4 79 90 4 7
5 49 80 5 3
3 48 83 4 5
4 64 90 4 1
3 75 115 2 5
5 56 85 5 4
5 93 69 6 6
2 77 84 5 2
6 56 89 4 4
2 70 76 4 3
3 66 96 5 5
4 25 74 7 3
2 66 92 5 5
1 58 88 4 4
6 53 71 5 1
3 50 71 5 0
1 71 85 6 8
1 57 109 1 3
1 60 83 4 4
3 41 78 6 2
5 59 118 2 4
4 59 90 6 0
4 71 104 2 2
7 56 89 5 4
1 70 87 3 4
4 54 103 3 3
1 46 85 2 5
4 63 82 3 4
2 55 95 5 2
4 76 84 3 2
2 77 106 2 3
2 57 94 5 6
2 65 88 4 3
7 57 100 2 2
3 51 90 3 4
3 76 82 5 1
5 59 93 3 3
5 98 72 6 1
4 66 90 2 4
5 55 114 2 4
7 45 98 3 5
4 65 95 3 1
4 61 114 1 4
1 54 88 5 4
3 51 72 6 3
1 66 67 7 1
4 71 75 5 3
1 61 78 5 3
6 73 95 4 2
1 44 81 4 1
1 51 83 4 4
5 60 105 1 5
3 76 96 3 5
2 41 88 3 5
1 76 72 7 4
5 40 83 5 5
8 53 95 5 2
3 76 62 8 4
3 73 107 1 1
1 40 100 3 2
4 50 74 7 1
3 55 79 5 3
2 54 90 4 3
3 73 86 6 1
2 65 71 6 8
4 57 87 5 3
6 59 91 5 3
3 65 68 6 6
2 77 90 4 7
4 49 72 5 3
3 65 116 2 2
7 68 102 3 2
0 62 98 4 2
6 80 74 6 2
4 50 70 7 7
2 50 104 2 5
5 68 64 9 4
5 62 85 3 2
1 57 90 4 3
5 65 75 6 2
2 83 71 6 2
4 48 73 6 5
5 70 90 5 3
3 85 63 7 7
2 48 87 4 8
4 63 116 2 2
4 41 91 3 2
1 59 100 3 3
3 46 86 5 4
2 63 61 7 3
1 57 87 5 3
3 62 83 4 4
0 60 91 4 6
4 50 99 3 2
5 68 74 6 4
4 59 75 6 2
1 38 92 3 5
4 42 91 3 4
2 49 75 5 4
3 68 91 2 4
3 62 74 7 3
4 55 77 5 2
3 51 95 5 2
3 79 86 3 3
3 70 71 6 4
3 63 93 4 3
4 65 83 4 7
4 69 77 6 3
3 44 70 6 1
2 68 65 6 1
3 69 94 2 6
4 85 95 3 5
1 56 88 4 3
6 38 66 6 3
5 61 89 3 2
6 36 76 6 4
5 56 78 4 4
2 59 72 7 6
1 60 105 3 7
2 54 78 5 2
5 61 53 8 4
3 56 98 4 3
0 35 74 7 3
4 54 85 4 3
6 47 93 3 2
1 74 61 8 2
3 65 90 4 1
5 56 92 4 5
2 59 84 4 1
4 95 70 7 7
5 72 73 5 3
3 70 79 6 5
3 49 106 1 3
1 64 93 3 3
4 60 62 5 3
9 47 84 3 1
7 49 78 7 2
3 59 52 8 3
2 69 104 3 5
5 68 100 3 8
5 56 89 5 2
1 57 90 4 0
2 55 79 5 4
3 57 87 4 1
4 68 74 7 5
4 49 96 5 2
4 68 67 7 4
5 40 85 5 6
3 78 79 5 6
6 66 119 2 1
2 65 94 2 4
2 59 84 4 6
4 50 87 4 3
4 66 105 3 4
4 47 42 9 2
2 63 88 4 3
4 81 73 5 1
2 57 95 3 2
3 81 85 4 5
0 62 87 3 2
4 60 117 1 5
1 74 94 4 3
7 67 78 5 2
3 86 48 8 4
3 56 63 7 1
3 46 81 5 8
6 75 106 3 1
2 65 77 4 3
3 29 83 6 2
2 63 109 2 3
2 75 76 6 1
2 76 83 4 4
8 97 78 5 2
5 32 78 4 0
2 65 89 4 0
5 40 81 5 4
2 81 88 4 6
6 58 85 4 1
4 57 88 3 3
5 37 84 5 8
2 52 90 5 2
5 72 91 4 6
4 73 78 6 2
0 58 74 7 6
6 51 88 1 3
5 94 87 5 4
1 65 98 4 5
3 82 95 4 4
5 63 82 6 5
3 36 75 4 3
4 67 103 3 4
2 69 75 6 2
5 46 87 5 5
1 55 84 4 1
4 47 90 4 1
2 59 69 5 2
2 71 75 7 4
3 71 64 7 4
4 70 67 6 2
7 54 70 6 6
3 61 64 6 4
4 58 96 4 7
2 61 79 5 4
5 30 70 5 2
6 63 80 4 1
2 66 72 6 6
4 49 88 4 5
2 54 97 4 3
4 74 85 5 1
6 46 72 5 1
4 53 79 4 4
3 50 102 3 1
3 55 120 1 1
2 76 89 3 2
1 69 100 4 2
2 83 103 1 5
5 64 81 3 6
2 54 104 2 5
1 74 89 4 3
3 48 81 3 2
3 62 57 8 3
2 82 98 2 3
1 62 95 4 2
6 56 83 3 3
3 42 104 3 2
4 86 86 5 8
2 57 91 4 1
3 45 76 5 3
6 76 96 2 4
4 50 80 4 5
4 56 94 3 3
5 73 84 5 3
5 63 86 4 2
3 69 90 3 5
2 80 79 6 5
6 70 92 5 0
1 51 86 5 4
2 49 77 6 0
3 59 84 6 2
2 56 92 3 3
3 53 91 3 5
4 51 87 3 4
3 45 95 2 4
1 50 80 5 2
3 59 99 3 2
4 64 86 5 4
3 62 80 5 4
4 66 74 6 3
5 72 81 4 2
2 68 93 3 6
2 63 78 6 5
2 66 105 4 8
4 69 91 3 6
3 45 47 11 2
6 67 103 2 4
4 52 69 7 6
1 70 75 6 5
3 55 76 5 3
4 56 105 2 4
1 66 70 6 1
5 55 81 5 2
4 49 65 6 4
2 48 71 5 4
6 52 64 6 5
3 48 87 4 3
2 65 91 5 6
6 61 48 9 1
4 46 73 6 2
10 77 85 4 4
4 52 86 4 1
4 45 87 5 6
6 94 75 5 3
4 60 95 3 3
3 70 102 3 3
3 69 77 6 4
3 72 88 4 5
3 45 85 3 3
5 64 88 4 7
3 86 91 6 4
2 73 75 6 5
2 71 93 3 1
2 62 65 5 1
5 53 70 6 2
1 70 75 4 4
3 37 57 8 4
4 69 88 6 0
0 71 103 1 3
4 56 87 5 2
5 81 110 1 5
3 39 72 7 2
5 55 87 4 3
3 27 82 5 7
4 68 90 5 5
1 67 82 5 6
3 59 77 5 3
1 55 91 5 6
3 68 88 4 3
3 51 96 4 3
3 65 80 5 5
1 67 93 2 6
5 51 93 3 5
4 56 91 2 6
3 47 97 4 2
5 67 94 3 5
3 59 75 7 4
1 80 65 7 7
6 53 81 5 2
2 48 83 4 4
3 44 75 4 4
5 62 76 5 0
5 63 97 2 2
2 69 97 3 2
4 74 93 5 1
6 46 83 4 1
4 77 66 5 6
3 68 73 5 2
5 80 97 3 4
3 65 83 4 5
4 65 102 4 3
5 68 80 4 4
3 67 68 7 2
3 57 87 4 5
5 56 85 5 5
4 66 78 6 6
4 39 79 4 5
5 59 71 6 3
5 49 79 4 2
1 57 91 2 4
2 69 71 7 2
3 65 83 4 6
4 34 92 3 4
2 75 86 4 5
2 49 57 9 3
3 54 118 0 4
1 53 95 2 3
6 60 76 7 4
6 43 59 6 2
5 62 110 2 2
2 52 100 2 7
2 63 57 6 1
3 63 84 4 3
2 65 79 6 3
3 67 82 4 2
6 57 96 3 3
4 45 84 4 4
2 67 69 7 1
3 59 75 5 7
3 61 101 2 7
3 66 64 8 1
6 53 72 5 5
4 71 54 10 3
3 63 88 3 2
2 52 97 2 4
5 41 83 5 7
2 76 96 2 5
3 61 84 6 2
5 57 83 4 7
4 56 106 3 0
2 69 59 9 3
6 55 92 2 3
0 61 99 2 2
3 45 103 2 2
3 48 106 3 11
3 68 77 5 5
6 59 92 3 4
3 83 72 7 1
3 60 79 6 2
3 80 97 3 6
4 64 100 3 3
1 61 61 9 4
7 53 106 3 4
2 79 96 4 4
2 51 106 4 2
4 33 69 5 1
2 36 88 3 4
1 77 88 5 2
2 58 68 6 5
4 53 93 5 2
4 55 86 4 1
4 63 83 5 4
2 70 74 5 2
4 54 60 6 6
4 56 101 3 2
3 61 73 6 3
5 47 84 6 6
0 87 66 5 3
2 40 87 5 4
4 36 69 4 3
4 57 99 4 2
0 46 72 7 5
5 63 101 2 2
1 69 81 4 1
5 52 76 6 6
3 62 74 6 1
1 61 92 3 1
5 62 104 1 3
5 69 77 5 3
3 70 91 3 1
3 52 79 5 2
5 63 98 5 3
5 72 115 2 3
5 48 92 4 3
4 68 96 3 2
1 64 90 5 6
2 67 79 5 3
2 49 94 4 11
3 70 62 8 2
3 63 89 4 7
2 59 70 7 3
0 52 84 4 2
2 62 84 6 1
2 73 93 3 1
2 67 92 5 3
2 65 77 6 2
3 70 85 3 7
5 60 66 6 7
3 61 64 8 1
4 63 117 1 7
6 90 73 6 5
2 76 93 5 5
4 78 84 5 2
1 60 95 2 2
3 62 80 5 2
3 68 100 3 7
5 78 63 6 5
5 78 81 4 1
0 46 85 5 3
1 61 82 5 1
3 43 80 3 4
3 57 98 3 4
7 60 93 4 5
6 44 88 5 2
7 61 91 3 5
2 54 82 3 5
2 73 92 4 2
2 76 101 3 2
2 63 98 2 3
3 66 88 4 4
2 69 92 4 3
3 56 61 7 2
1 48 90 4 4
2 62 77 5 5
4 64 90 3 5
3 81 90 4 2
2 79 82 5 5
5 68 72 7 1
2 53 98 3 5
5 77 111 2 2
5 50 94 4 6
2 53 110 2 4
5 69 91 4 4
4 53 83 4 6
4 56 92 5 8
2 64 81 5 2
1 54 85 4 5
3 61 83 5 3
5 49 86 4 3
2 46 70 5 3
4 63 86 4 3
3 67 72 4 5
6 76 67 4 4
3 51 107 2 2
3 73 89 3 2
0 51 53 8 2
6 81 71 7 5
3 55 98 3 3
3 49 93 3 4
2 77 69 4 5
4 59 96 3 3
5 54 88 3 4
7 73 91 5 7
5 62 81 4 3
2 59 76 5 4
2 56 89 4 3
2 72 75 6 1
3 63 95 3 5
3 57 71 5 2
3 48 92 5 2
4 59 81 3 5
6 75 80 6 1
2 70 110 2 1
2 77 102 3 5
5 41 86 3 5
3 60 90 4 2
4 74 106 4 1
3 77 88 6 7
4 71 89 5 4
2 75 93 2 4
1 72 87 4 0
5 39 91 4 7
3 74 35 10 2
3 56 78 6 4
6 66 79 4 2
5 53 88 5 3
5 81 98 3 6
2 46 101 4 5
7 71 95 3 4
2 60 101 1 3
1 67 95 3 4
1 41 94 4 4
3 66 78 5 2
5 59 88 3 7
2 72 75 6 2
4 100 91 3 3
2 61 95 3 5
4 52 68 6 3
1 77 94 5 2
2 54 95 1 2
5 60 55 6 1
2 62 82 4 2
4 41 84 5 6
3 48 76 5 3
3 56 91 3 5
4 87 86 4 5
6 72 57 7 3
2 74 84 4 3
2 64 77 5 3
2 68 96 3 3
2 69 72 6 2
2 57 91 3 0
4 60 84 5 5
4 65 76 5 3
6 53 89 4 0
4 46 103 2 4
5 61 81 2 2
5 73 64 7 5
1 59 101 2 2
4 52 91 4 4
2 59 82 3 4
2 43 84 3 5
4 60 93 3 2
5 62 73 6 2
6 63 87 2 2
3 50 66 8 3
4 51 104 2 2
1 63 82 5 3
4 62 86 4 4
3 72 82 3 2
4 60 65 6 6
3 50 85 4 4
3 69 100 4 3
2 62 99 3 4
5 51 84 5 3
1 59 60 9 3
6 57 86 3 2
3 59 86 3 5
5 64 80 4 3
4 48 97 3 4
2 83 81 3 3
3 67 80 4 8
2 47 73 7 2
4 66 108 2 4
3 64 101 2 1
4 57 79 3 5
7 48 86 3 4
3 69 80 5 6
4 66 64 8 3
5 74 99 3 6
4 71 99 2 4
6 58 104 3 4
3 77 99 3 3
5 46 73 5 6
1 59 98 4 5
4 62 79 4 7
2 48 105 2 2
7 44 76 5 3
2 67 74 7 2
5 52 82 5 5
5 57 96 3 4
1 49 90 4 3
2 79 76 4 5
2 84 68 7 6
4 64 100 3 1
1 39 106 3 2
3 58 84 6 2
2 55 60 7 6
6 50 97 3 5
3 59 83 4 2
7 51 92 6 2
6 68 79 6 5
4 62 90 4 2
1 61 96 4 2
1 51 82 4 5
4 79 46 9 5
2 66 80 6 2
2 41 94 3 4
3 76 86 4 2
7 66 103 3 1
4 58 73 6 2
2 59 106 2 2
5 47 83 5 8
6 58 64 9 2
2 49 86 4 3
2 70 82 5 4
3 71 78 5 1
2 64 86 5 4
2 49 78 7 6
2 71 78 4 4
5 42 54 7 3
3 77 88 4 7
5 68 106 3 2
2 48 62 6 5
3 74 76 5 0
4 54 57 8 0
3 74 94 3 4
3 84 88 3 0
